<?xml version="1.0" encoding="UTF-8"?>
<osm version="0.6" generator="openstreetmap-cgimap 2.1.0 (1302 spike-07.openstreetmap.org)" copyright="OpenStreetMap and contributors" attribution="http://www.openstreetmap.org/copyright" license="http://opendatacommons.org/licenses/odbl/1-0/">
 <bounds minlat="37.0650000" minlon="37.3680000" maxlat="37.0708000" maxlon="37.3762000"/>
 <node id="251144076" visible="true" version="7" changeset="133279233" timestamp="2023-03-04T07:32:39Z" user="rab" uid="36894" lat="37.0705060" lon="37.3663904"/>
 <node id="251144077" visible="true" version="5" changeset="133269749" timestamp="2023-03-03T20:43:58Z" user="karitotp" uid="2748195" lat="37.0691721" lon="37.3675417"/>
 <node id="251144078" visible="true" version="4" changeset="15578209" timestamp="2013-04-02T08:01:21Z" user="BKalai" uid="1235174" lat="37.0670433" lon="37.3695937"/>
 <node id="251144079" visible="true" version="3" changeset="14828417" timestamp="2013-01-28T21:49:41Z" user="coleman" uid="93788" lat="37.0658682" lon="37.3704219"/>
 <node id="251144080" visible="true" version="4" changeset="15589784" timestamp="2013-04-03T04:42:55Z" user="BKalai" uid="1235174" lat="37.0635731" lon="37.3706993"/>
 <node id="251144082" visible="true" version="3" changeset="14828417" timestamp="2013-01-28T21:49:41Z" user="coleman" uid="93788" lat="37.0713417" lon="37.3661979"/>
 <node id="251144083" visible="true" version="6" changeset="132421689" timestamp="2023-02-11T20:50:10Z" user="Soner Yücel" uid="18429253" lat="37.0729889" lon="37.3660076"/>
 <node id="251144085" visible="true" version="5" changeset="146634608" timestamp="2024-01-24T15:26:31Z" user="mappinglander" uid="11978982" lat="37.0766362" lon="37.3665869"/>
 <node id="251144086" visible="true" version="3" changeset="14828417" timestamp="2013-01-28T21:49:42Z" user="coleman" uid="93788" lat="37.0777939" lon="37.3670376"/>
 <node id="251144111" visible="true" version="4" changeset="30761076" timestamp="2015-05-03T21:41:18Z" user="ayhanozates" uid="1628470" lat="37.0711400" lon="37.3722476"/>
 <node id="251144119" visible="true" version="4" changeset="14512986" timestamp="2013-01-03T14:13:37Z" user="de24000" uid="617093" lat="37.0730383" lon="37.3721603"/>
 <node id="294172768" visible="true" version="5" changeset="132486950" timestamp="2023-02-13T12:02:57Z" user="mappinglander" uid="11978982" lat="37.0685330" lon="37.3730058">
  <tag k="railway" v="tram_level_crossing"/>
 </node>
 <node id="294172771" visible="true" version="3" changeset="132486950" timestamp="2023-02-13T12:02:57Z" user="mappinglander" uid="11978982" lat="37.0683423" lon="37.3731991"/>
 <node id="294172772" visible="true" version="1" changeset="551950" timestamp="2008-09-06T18:36:38Z" user="katpatuka" uid="17497" lat="37.0681097" lon="37.3735324"/>
 <node id="294172773" visible="true" version="4" changeset="132459317" timestamp="2023-02-12T19:08:32Z" user="mappinglander" uid="11978982" lat="37.0664501" lon="37.3756046"/>
 <node id="294172777" visible="true" version="2" changeset="132459317" timestamp="2023-02-12T19:08:32Z" user="mappinglander" uid="11978982" lat="37.0661544" lon="37.3751120"/>
 <node id="294172778" visible="true" version="3" changeset="133279233" timestamp="2023-03-04T07:32:39Z" user="rab" uid="36894" lat="37.0656013" lon="37.3738684"/>
 <node id="294172779" visible="true" version="3" changeset="132459317" timestamp="2023-02-12T19:08:32Z" user="mappinglander" uid="11978982" lat="37.0655638" lon="37.3737765"/>
 <node id="364615310" visible="true" version="4" changeset="132223672" timestamp="2023-02-07T20:16:41Z" user="rarad74" uid="128281" lat="37.0729156" lon="37.3660058"/>
 <node id="364615311" visible="true" version="3" changeset="132486950" timestamp="2023-02-13T12:02:57Z" user="mappinglander" uid="11978982" lat="37.0666777" lon="37.3618424"/>
 <node id="364615312" visible="true" version="3" changeset="15589707" timestamp="2013-04-03T04:19:50Z" user="BKalai" uid="1235174" lat="37.0670499" lon="37.3634306"/>
 <node id="364615313" visible="true" version="2" changeset="14828417" timestamp="2013-01-28T21:49:42Z" user="coleman" uid="93788" lat="37.0682174" lon="37.3674344"/>
 <node id="364615314" visible="true" version="3" changeset="15589784" timestamp="2013-04-03T04:42:55Z" user="BKalai" uid="1235174" lat="37.0684891" lon="37.3682373"/>
 <node id="364615315" visible="true" version="2" changeset="14828417" timestamp="2013-01-28T21:49:42Z" user="coleman" uid="93788" lat="37.0687595" lon="37.3702270"/>
 <node id="364615316" visible="true" version="5" changeset="132486950" timestamp="2023-02-13T12:02:57Z" user="mappinglander" uid="11978982" lat="37.0666172" lon="37.3615720"/>
 <node id="364615322" visible="true" version="4" changeset="132373079" timestamp="2023-02-10T17:44:19Z" user="pelinininini" uid="18418065" lat="37.0637252" lon="37.3706860"/>
 <node id="364615335" visible="true" version="2" changeset="3460231" timestamp="2009-12-27T06:04:23Z" user="katpatuka" uid="17497" lat="37.0662521" lon="37.3762282"/>
 <node id="364615336" visible="true" version="3" changeset="132459317" timestamp="2023-02-12T19:08:32Z" user="mappinglander" uid="11978982" lat="37.0663747" lon="37.3757729"/>
 <node id="364615353" visible="true" version="1" changeset="842427" timestamp="2009-03-22T06:31:38Z" user="katpatuka" uid="17497" lat="37.0691066" lon="37.3761493"/>
 <node id="364615354" visible="true" version="1" changeset="842427" timestamp="2009-03-22T06:31:38Z" user="katpatuka" uid="17497" lat="37.0688399" lon="37.3770830"/>
 <node id="364615356" visible="true" version="3" changeset="180117829" timestamp="2026-03-19T15:52:43Z" user="de24000" uid="617093" lat="37.0683379" lon="37.3788029"/>
 <node id="364615357" visible="true" version="3" changeset="30761076" timestamp="2015-05-03T21:41:19Z" user="ayhanozates" uid="1628470" lat="37.0699793" lon="37.3725231"/>
 <node id="599901032" visible="true" version="3" changeset="132459317" timestamp="2023-02-12T19:08:32Z" user="mappinglander" uid="11978982" lat="37.0649802" lon="37.3741177"/>
 <node id="599901069" visible="true" version="3" changeset="132223672" timestamp="2023-02-07T20:16:41Z" user="rarad74" uid="128281" lat="37.0660024" lon="37.3771779"/>
 <node id="599901071" visible="true" version="2" changeset="132223672" timestamp="2023-02-07T20:16:41Z" user="rarad74" uid="128281" lat="37.0659213" lon="37.3775231"/>
 <node id="679755692" visible="true" version="3" changeset="132223672" timestamp="2023-02-07T20:16:41Z" user="rarad74" uid="128281" lat="37.0705559" lon="37.3694551"/>
 <node id="913576743" visible="true" version="3" changeset="30761076" timestamp="2015-05-03T21:41:19Z" user="ayhanozates" uid="1628470" lat="37.0720753" lon="37.3722920"/>
 <node id="913576758" visible="true" version="4" changeset="132510668" timestamp="2023-02-13T21:49:47Z" user="karitotp" uid="2748195" lat="37.0723659" lon="37.3722750"/>
 <node id="913576762" visible="true" version="2" changeset="132459317" timestamp="2023-02-12T19:08:32Z" user="mappinglander" uid="11978982" lat="37.0664919" lon="37.3758884"/>
 <node id="913576775" visible="true" version="3" changeset="30761076" timestamp="2015-05-03T21:41:19Z" user="ayhanozates" uid="1628470" lat="37.0730981" lon="37.3723387"/>
 <node id="913576796" visible="true" version="2" changeset="132459317" timestamp="2023-02-12T19:08:32Z" user="mappinglander" uid="11978982" lat="37.0664341" lon="37.3760850"/>
 <node id="913576804" visible="true" version="1" changeset="5788435" timestamp="2010-09-15T15:57:04Z" user="katpatuka" uid="17497" lat="37.0686586" lon="37.3731018"/>
 <node id="913576828" visible="true" version="3" changeset="132486950" timestamp="2023-02-13T12:02:57Z" user="mappinglander" uid="11978982" lat="37.0685041" lon="37.3732379"/>
 <node id="913576844" visible="true" version="2" changeset="133551049" timestamp="2023-03-11T12:11:39Z" user="rab" uid="36894" lat="37.0668603" lon="37.3752946"/>
 <node id="1027876373" visible="true" version="2" changeset="14512986" timestamp="2013-01-03T14:13:36Z" user="de24000" uid="617093" lat="37.0740707" lon="37.3723021"/>
 <node id="1027876566" visible="true" version="3" changeset="30761132" timestamp="2015-05-03T21:43:24Z" user="ayhanozates" uid="1628470" lat="37.0740682" lon="37.3724564"/>
 <node id="1065598460" visible="true" version="3" changeset="132718007" timestamp="2023-02-18T15:01:48Z" user="rab" uid="36894" lat="37.0789628" lon="37.3669622"/>
 <node id="1065599140" visible="true" version="2" changeset="14828417" timestamp="2013-01-28T21:49:41Z" user="coleman" uid="93788" lat="37.0782716" lon="37.3672161"/>
 <node id="1654249476" visible="true" version="2" changeset="31978332" timestamp="2015-06-15T08:41:25Z" user="Nesim" uid="1386706" lat="37.0659686" lon="37.3729980">
  <tag k="amenity" v="theatre"/>
  <tag k="name" v="Onat Kutlar Şehir Tiyatrosu"/>
 </node>
 <node id="2075964013" visible="true" version="4" changeset="132486950" timestamp="2023-02-13T12:02:57Z" user="mappinglander" uid="11978982" lat="37.0659914" lon="37.3777990"/>
 <node id="2075964014" visible="true" version="3" changeset="132486950" timestamp="2023-02-13T12:02:57Z" user="mappinglander" uid="11978982" lat="37.0647822" lon="37.3546314"/>
 <node id="2075964015" visible="true" version="3" changeset="132486950" timestamp="2023-02-13T12:02:57Z" user="mappinglander" uid="11978982" lat="37.0646335" lon="37.3496827"/>
 <node id="2075964016" visible="true" version="3" changeset="132486950" timestamp="2023-02-13T12:02:57Z" user="mappinglander" uid="11978982" lat="37.0650433" lon="37.3563270"/>
 <node id="2075964018" visible="true" version="3" changeset="132486950" timestamp="2023-02-13T12:02:57Z" user="mappinglander" uid="11978982" lat="37.0647159" lon="37.3481740"/>
 <node id="2075964021" visible="true" version="3" changeset="132486950" timestamp="2023-02-13T12:02:57Z" user="mappinglander" uid="11978982" lat="37.0649562" lon="37.3559114"/>
 <node id="2075964022" visible="true" version="3" changeset="132486950" timestamp="2023-02-13T12:02:57Z" user="mappinglander" uid="11978982" lat="37.0643841" lon="37.3447730"/>
 <node id="2075964024" visible="true" version="3" changeset="132486950" timestamp="2023-02-13T12:02:57Z" user="mappinglander" uid="11978982" lat="37.0662183" lon="37.3781358"/>
 <node id="2075964025" visible="true" version="3" changeset="132486950" timestamp="2023-02-13T12:02:57Z" user="mappinglander" uid="11978982" lat="37.0664013" lon="37.3758519"/>
 <node id="2075964027" visible="true" version="5" changeset="180117829" timestamp="2026-03-19T15:52:43Z" user="de24000" uid="617093" lat="37.0668552" lon="37.3623323"/>
 <node id="2075964028" visible="true" version="3" changeset="132486950" timestamp="2023-02-13T12:02:57Z" user="mappinglander" uid="11978982" lat="37.0685008" lon="37.3679570"/>
 <node id="2075964029" visible="true" version="3" changeset="132486950" timestamp="2023-02-13T12:02:57Z" user="mappinglander" uid="11978982" lat="37.0643049" lon="37.3444001"/>
 <node id="2075964030" visible="true" version="3" changeset="132486950" timestamp="2023-02-13T12:02:57Z" user="mappinglander" uid="11978982" lat="37.0653468" lon="37.3572994"/>
 <node id="2075964031" visible="true" version="3" changeset="132486950" timestamp="2023-02-13T12:02:57Z" user="mappinglander" uid="11978982" lat="37.0645414" lon="37.3508911"/>
 <node id="2075964033" visible="true" version="3" changeset="132486950" timestamp="2023-02-13T12:02:57Z" user="mappinglander" uid="11978982" lat="37.0646763" lon="37.3478334"/>
 <node id="2075964034" visible="true" version="3" changeset="132486950" timestamp="2023-02-13T12:02:57Z" user="mappinglander" uid="11978982" lat="37.0645435" lon="37.3521883"/>
 <node id="2075964035" visible="true" version="3" changeset="132486950" timestamp="2023-02-13T12:02:57Z" user="mappinglander" uid="11978982" lat="37.0651996" lon="37.3568915"/>
 <node id="2075964036" visible="true" version="3" changeset="132486950" timestamp="2023-02-13T12:02:57Z" user="mappinglander" uid="11978982" lat="37.0647255" lon="37.3485146"/>
 <node id="2075964038" visible="true" version="5" changeset="180120119" timestamp="2026-03-19T16:41:39Z" user="de24000" uid="617093" lat="37.0635688" lon="37.3414051">
  <tag k="railway" v="switch"/>
  <tag k="railway:switch" v="default"/>
  <tag k="railway:turnout_side" v="right"/>
 </node>
 <node id="2075964040" visible="true" version="3" changeset="132486950" timestamp="2023-02-13T12:02:57Z" user="mappinglander" uid="11978982" lat="37.0640856" lon="37.3435029"/>
 <node id="2075964044" visible="true" version="3" changeset="132486950" timestamp="2023-02-13T12:02:57Z" user="mappinglander" uid="11978982" lat="37.0659850" lon="37.3776530"/>
 <node id="2075964045" visible="true" version="3" changeset="132486950" timestamp="2023-02-13T12:02:57Z" user="mappinglander" uid="11978982" lat="37.0646870" lon="37.3491463"/>
 <node id="2075964047" visible="true" version="3" changeset="132486950" timestamp="2023-02-13T12:02:57Z" user="mappinglander" uid="11978982" lat="37.0688207" lon="37.3708685"/>
 <node id="2075964048" visible="true" version="4" changeset="132486950" timestamp="2023-02-13T12:02:57Z" user="mappinglander" uid="11978982" lat="37.0664960" lon="37.3756229">
  <tag k="railway" v="tram_level_crossing"/>
 </node>
 <node id="2075964049" visible="true" version="3" changeset="132486950" timestamp="2023-02-13T12:02:57Z" user="mappinglander" uid="11978982" lat="37.0663649" lon="37.3759914"/>
 <node id="2075964053" visible="true" version="3" changeset="132486950" timestamp="2023-02-13T12:02:57Z" user="mappinglander" uid="11978982" lat="37.0679636" lon="37.3665609"/>
 <node id="2075964054" visible="true" version="2" changeset="29934141" timestamp="2015-04-02T18:02:07Z" user="samely" uid="2512300" lat="37.0662547" lon="37.3595389"/>
 <node id="2075964056" visible="true" version="3" changeset="132486950" timestamp="2023-02-13T12:02:57Z" user="mappinglander" uid="11978982" lat="37.0687075" lon="37.3720468"/>
 <node id="2075964057" visible="true" version="2" changeset="29934141" timestamp="2015-04-02T18:02:07Z" user="samely" uid="2512300" lat="37.0660499" lon="37.3589328"/>
 <node id="2075964058" visible="true" version="4" changeset="132486950" timestamp="2023-02-13T12:02:57Z" user="mappinglander" uid="11978982" lat="37.0660128" lon="37.3778835"/>
 <node id="2075964059" visible="true" version="4" changeset="132486950" timestamp="2023-02-13T12:02:57Z" user="mappinglander" uid="11978982" lat="37.0685833" lon="37.3728910"/>
 <node id="2075964061" visible="true" version="3" changeset="132486950" timestamp="2023-02-13T12:02:57Z" user="mappinglander" uid="11978982" lat="37.0645789" lon="37.3503909"/>
 <node id="2075964062" visible="true" version="3" changeset="132486950" timestamp="2023-02-13T12:02:57Z" user="mappinglander" uid="11978982" lat="37.0646089" lon="37.3470931"/>
 <node id="2075964063" visible="true" version="7" changeset="180117829" timestamp="2026-03-19T15:52:43Z" user="de24000" uid="617093" lat="37.0708667" lon="37.3799847">
  <tag k="name" v="Gar"/>
  <tag k="public_transport" v="stop_position"/>
  <tag k="railway" v="tram_stop"/>
  <tag k="source" v="http://www.urbanrail.net/as/tr/gaziantep/gaziantep.htm"/>
  <tag k="tram" v="yes"/>
  <tag k="wikidata" v="Q125340620"/>
  <tag k="wikimedia_commons" v="Category:Gar (Gaziantep Tram)"/>
  <tag k="wikipedia" v="tr:Gar (Gaziantep Tramvayı)"/>
 </node>
 <node id="2075964064" visible="true" version="3" changeset="132486950" timestamp="2023-02-13T12:02:57Z" user="mappinglander" uid="11978982" lat="37.0661037" lon="37.3780299"/>
 <node id="2075964066" visible="true" version="4" changeset="132486950" timestamp="2023-02-13T12:02:57Z" user="mappinglander" uid="11978982" lat="37.0660696" lon="37.3779908"/>
 <node id="2075964071" visible="true" version="3" changeset="132486950" timestamp="2023-02-13T12:02:57Z" user="mappinglander" uid="11978982" lat="37.0645275" lon="37.3517605"/>
 <node id="2075964073" visible="true" version="3" changeset="132486950" timestamp="2023-02-13T12:02:57Z" user="mappinglander" uid="11978982" lat="37.0688272" lon="37.3705802"/>
 <node id="2075964074" visible="true" version="3" changeset="132486950" timestamp="2023-02-13T12:02:57Z" user="mappinglander" uid="11978982" lat="37.0656811" lon="37.3580985"/>
 <node id="2075964075" visible="true" version="3" changeset="132486950" timestamp="2023-02-13T12:02:57Z" user="mappinglander" uid="11978982" lat="37.0678352" lon="37.3661666"/>
 <node id="2075964076" visible="true" version="2" changeset="29934141" timestamp="2015-04-02T18:02:08Z" user="samely" uid="2512300" lat="37.0661905" lon="37.3593163"/>
 <node id="2075964077" visible="true" version="3" changeset="132486950" timestamp="2023-02-13T12:02:57Z" user="mappinglander" uid="11978982" lat="37.0686345" lon="37.3727178"/>
 <node id="2075964079" visible="true" version="8" changeset="150571136" timestamp="2024-04-27T09:25:03Z" user="tg4567" uid="12500589" lat="37.0648346" lon="37.3549769">
  <tag k="name" v="Masal Parkı"/>
  <tag k="public_transport" v="stop_position"/>
  <tag k="railway" v="tram_stop"/>
  <tag k="train" v="yes"/>
  <tag k="tram" v="yes"/>
  <tag k="wikidata" v="Q125340730"/>
  <tag k="wikimedia_commons" v="Category:Masal Parkı (Gaziantep Tram)"/>
  <tag k="wikipedia" v="tr:Masal Parkı (Gaziantep Tramvayı)"/>
 </node>
 <node id="2075964080" visible="true" version="3" changeset="132486950" timestamp="2023-02-13T12:02:57Z" user="mappinglander" uid="11978982" lat="37.0647565" lon="37.3538995"/>
 <node id="2075964082" visible="true" version="3" changeset="132486950" timestamp="2023-02-13T12:02:57Z" user="mappinglander" uid="11978982" lat="37.0682628" lon="37.3672852"/>
 <node id="2075964083" visible="true" version="3" changeset="132486950" timestamp="2023-02-13T12:02:57Z" user="mappinglander" uid="11978982" lat="37.0664404" lon="37.3757530"/>
 <node id="2075964085" visible="true" version="3" changeset="132486950" timestamp="2023-02-13T12:02:57Z" user="mappinglander" uid="11978982" lat="37.0647415" lon="37.3536756"/>
 <node id="2075964086" visible="true" version="3" changeset="132486950" timestamp="2023-02-13T12:02:57Z" user="mappinglander" uid="11978982" lat="37.0686656" lon="37.3685525"/>
 <node id="2075964088" visible="true" version="3" changeset="132486950" timestamp="2023-02-13T12:02:57Z" user="mappinglander" uid="11978982" lat="37.0660064" lon="37.3774988"/>
 <node id="2075964089" visible="true" version="3" changeset="132486950" timestamp="2023-02-13T12:02:57Z" user="mappinglander" uid="11978982" lat="37.0687395" lon="37.3691158"/>
 <node id="2075964091" visible="true" version="3" changeset="132486950" timestamp="2023-02-13T12:02:57Z" user="mappinglander" uid="11978982" lat="37.0648935" lon="37.3553663"/>
 <node id="2075964092" visible="true" version="3" changeset="132486950" timestamp="2023-02-13T12:02:57Z" user="mappinglander" uid="11978982" lat="37.0664066" lon="37.3602456"/>
 <node id="2075964093" visible="true" version="3" changeset="132486950" timestamp="2023-02-13T12:02:57Z" user="mappinglander" uid="11978982" lat="37.0686805" lon="37.3723250"/>
 <node id="2075964094" visible="true" version="2" changeset="29934141" timestamp="2015-04-02T18:02:08Z" user="samely" uid="2512300" lat="37.0658844" lon="37.3584982"/>
 <node id="2075964097" visible="true" version="3" changeset="132486950" timestamp="2023-02-13T12:02:57Z" user="mappinglander" uid="11978982" lat="37.0665779" lon="37.3755126"/>
 <node id="2075964099" visible="true" version="3" changeset="132486950" timestamp="2023-02-13T12:02:57Z" user="mappinglander" uid="11978982" lat="37.0645981" lon="37.3527327"/>
 <node id="2075964100" visible="true" version="3" changeset="132486950" timestamp="2023-02-13T12:02:57Z" user="mappinglander" uid="11978982" lat="37.0661472" lon="37.3780798"/>
 <node id="2075964101" visible="true" version="7" changeset="180117829" timestamp="2026-03-19T15:52:43Z" user="de24000" uid="617093" lat="37.0644640" lon="37.3453613">
  <tag k="name" v="Harikalar Diyarı"/>
  <tag k="public_transport" v="stop_position"/>
  <tag k="railway" v="tram_stop"/>
  <tag k="tram" v="yes"/>
  <tag k="wikidata" v="Q125340624"/>
  <tag k="wikimedia_commons" v="Category:Harikalar Diyarı (Gaziantep Tram)"/>
  <tag k="wikipedia" v="tr:Harikalar Diyarı (Gaziantep Tramvayı)"/>
 </node>
 <node id="2075964102" visible="true" version="3" changeset="132486950" timestamp="2023-02-13T12:02:57Z" user="mappinglander" uid="11978982" lat="37.0675142" lon="37.3651152"/>
 <node id="2075964105" visible="true" version="2" changeset="29934141" timestamp="2015-04-02T18:02:08Z" user="samely" uid="2512300" lat="37.0683735" lon="37.3732529"/>
 <node id="2076028952" visible="true" version="9" changeset="150571136" timestamp="2024-04-27T09:25:03Z" user="tg4567" uid="12500589" lat="37.0661293" lon="37.3769643">
  <tag k="name" v="15 Temmuz Demokrasi Meydanı"/>
  <tag k="public_transport" v="stop_position"/>
  <tag k="railway" v="tram_stop"/>
  <tag k="source" v="http://www.urbanrail.net/as/tr/gaziantep/gaziantep.htm"/>
  <tag k="train" v="yes"/>
  <tag k="tram" v="yes"/>
  <tag k="wikidata" v="Q125340444"/>
  <tag k="wikimedia_commons" v="Category:15 Temmuz Demokrasi Meydanı (Gaziantep Tram)"/>
  <tag k="wikipedia" v="tr:15 Temmuz Demokrasi Meydanı (Gaziantep Tramvayı)"/>
 </node>
 <node id="2093466439" visible="true" version="1" changeset="14512986" timestamp="2013-01-03T14:13:15Z" user="de24000" uid="617093" lat="37.0690250" lon="37.3764350"/>
 <node id="2093466449" visible="true" version="2" changeset="30761076" timestamp="2015-05-03T21:41:18Z" user="ayhanozates" uid="1628470" lat="37.0699458" lon="37.3726516"/>
 <node id="2093466475" visible="true" version="2" changeset="132509614" timestamp="2023-02-13T21:18:14Z" user="karitotp" uid="2748195" lat="37.0712017" lon="37.3771730"/>
 <node id="2093466577" visible="true" version="2" changeset="30761076" timestamp="2015-05-03T21:41:19Z" user="ayhanozates" uid="1628470" lat="37.0728279" lon="37.3723037"/>
 <node id="2133031993" visible="true" version="1" changeset="14828417" timestamp="2013-01-28T21:49:20Z" user="coleman" uid="93788" lat="37.0662984" lon="37.3702657"/>
 <node id="2133031994" visible="true" version="2" changeset="132486950" timestamp="2023-02-13T12:02:57Z" user="mappinglander" uid="11978982" lat="37.0668284" lon="37.3624203"/>
 <node id="2133031995" visible="true" version="3" changeset="133373216" timestamp="2023-03-06T17:28:47Z" user="karitotp" uid="2748195" lat="37.0673973" lon="37.3648725"/>
 <node id="2133031996" visible="true" version="2" changeset="15589171" timestamp="2013-04-03T01:54:15Z" user="BKalai" uid="1235174" lat="37.0676176" lon="37.3656872"/>
 <node id="2133031997" visible="true" version="1" changeset="14828417" timestamp="2013-01-28T21:49:20Z" user="coleman" uid="93788" lat="37.0677995" lon="37.3662800"/>
 <node id="2133031998" visible="true" version="2" changeset="132223672" timestamp="2023-02-07T20:16:41Z" user="rarad74" uid="128281" lat="37.0680200" lon="37.3669223"/>
 <node id="2133031999" visible="true" version="1" changeset="14828417" timestamp="2013-01-28T21:49:20Z" user="coleman" uid="93788" lat="37.0683453" lon="37.3677907"/>
 <node id="2133032002" visible="true" version="1" changeset="14828417" timestamp="2013-01-28T21:49:20Z" user="coleman" uid="93788" lat="37.0685927" lon="37.3685639"/>
 <node id="2133032005" visible="true" version="1" changeset="14828417" timestamp="2013-01-28T21:49:20Z" user="coleman" uid="93788" lat="37.0686429" lon="37.3680871"/>
 <node id="2133032006" visible="true" version="1" changeset="14828417" timestamp="2013-01-28T21:49:20Z" user="coleman" uid="93788" lat="37.0686808" lon="37.3690663"/>
 <node id="2133032008" visible="true" version="2" changeset="132486950" timestamp="2023-02-13T12:02:57Z" user="mappinglander" uid="11978982" lat="37.0687033" lon="37.3729250"/>
 <node id="2133032009" visible="true" version="1" changeset="14828417" timestamp="2013-01-28T21:49:20Z" user="coleman" uid="93788" lat="37.0687430" lon="37.3684366"/>
 <node id="2133032011" visible="true" version="2" changeset="132486950" timestamp="2023-02-13T12:02:57Z" user="mappinglander" uid="11978982" lat="37.0687403" lon="37.3727525"/>
 <node id="2133032013" visible="true" version="1" changeset="14828417" timestamp="2013-01-28T21:49:20Z" user="coleman" uid="93788" lat="37.0687751" lon="37.3724476"/>
 <node id="2133032014" visible="true" version="1" changeset="14828417" timestamp="2013-01-28T21:49:20Z" user="coleman" uid="93788" lat="37.0688274" lon="37.3691269"/>
 <node id="2133032016" visible="true" version="2" changeset="132486950" timestamp="2023-02-13T12:02:57Z" user="mappinglander" uid="11978982" lat="37.0688114" lon="37.3728783"/>
 <node id="2133032017" visible="true" version="1" changeset="14828417" timestamp="2013-01-28T21:49:20Z" user="coleman" uid="93788" lat="37.0688958" lon="37.3698576"/>
 <node id="2133032018" visible="true" version="1" changeset="14828417" timestamp="2013-01-28T21:49:20Z" user="coleman" uid="93788" lat="37.0689159" lon="37.3707746"/>
 <node id="2133032019" visible="true" version="1" changeset="14828417" timestamp="2013-01-28T21:49:20Z" user="coleman" uid="93788" lat="37.0689199" lon="37.3703312"/>
 <node id="2133032020" visible="true" version="1" changeset="14828417" timestamp="2013-01-28T21:49:20Z" user="coleman" uid="93788" lat="37.0694466" lon="37.3703010"/>
 <node id="2133032021" visible="true" version="1" changeset="14828417" timestamp="2013-01-28T21:49:20Z" user="coleman" uid="93788" lat="37.0699371" lon="37.3702909"/>
 <node id="2133032022" visible="true" version="1" changeset="14828417" timestamp="2013-01-28T21:49:20Z" user="coleman" uid="93788" lat="37.0702153" lon="37.3665771"/>
 <node id="2133032024" visible="true" version="1" changeset="14828417" timestamp="2013-01-28T21:49:20Z" user="coleman" uid="93788" lat="37.0703233" lon="37.3665059"/>
 <node id="2133032026" visible="true" version="1" changeset="14828417" timestamp="2013-01-28T21:49:20Z" user="coleman" uid="93788" lat="37.0704006" lon="37.3703001"/>
 <node id="2133032028" visible="true" version="1" changeset="14828417" timestamp="2013-01-28T21:49:20Z" user="coleman" uid="93788" lat="37.0705053" lon="37.3697732"/>
 <node id="2133032029" visible="true" version="4" changeset="133269749" timestamp="2023-03-03T20:43:58Z" user="karitotp" uid="2748195" lat="37.0705790" lon="37.3677476"/>
 <node id="2133032030" visible="true" version="2" changeset="29933151" timestamp="2015-04-02T17:02:21Z" user="abel801" uid="2377377" lat="37.0705929" lon="37.3689742"/>
 <node id="2133032031" visible="true" version="1" changeset="14828417" timestamp="2013-01-28T21:49:20Z" user="coleman" uid="93788" lat="37.0715051" lon="37.3704673"/>
 <node id="2133032032" visible="true" version="2" changeset="133269749" timestamp="2023-03-03T20:43:58Z" user="karitotp" uid="2748195" lat="37.0719556" lon="37.3661021"/>
 <node id="2133032033" visible="true" version="2" changeset="15404441" timestamp="2013-03-18T06:42:36Z" user="sree dinesh" uid="1233268" lat="37.0724279" lon="37.3705894"/>
 <node id="2133032061" visible="true" version="1" changeset="14828417" timestamp="2013-01-28T21:49:21Z" user="coleman" uid="93788" lat="37.0783987" lon="37.3672346"/>
 <node id="2133032062" visible="true" version="1" changeset="14828417" timestamp="2013-01-28T21:49:21Z" user="coleman" uid="93788" lat="37.0785606" lon="37.3672111"/>
 <node id="2133032063" visible="true" version="1" changeset="14828417" timestamp="2013-01-28T21:49:21Z" user="coleman" uid="93788" lat="37.0787482" lon="37.3671185"/>
 <node id="2133210434" visible="true" version="2" changeset="29933151" timestamp="2015-04-02T17:02:21Z" user="abel801" uid="2377377" lat="37.0675919" lon="37.3648955"/>
 <node id="2133210435" visible="true" version="2" changeset="29933151" timestamp="2015-04-02T17:02:21Z" user="abel801" uid="2377377" lat="37.0679050" lon="37.3660289"/>
 <node id="2133210436" visible="true" version="2" changeset="29933151" timestamp="2015-04-02T17:02:21Z" user="abel801" uid="2377377" lat="37.0681073" lon="37.3666539"/>
 <node id="2133210437" visible="true" version="2" changeset="29933151" timestamp="2015-04-02T17:02:21Z" user="abel801" uid="2377377" lat="37.0681853" lon="37.3668566"/>
 <node id="2207702695" visible="true" version="3" changeset="138805018" timestamp="2023-07-21T10:05:59Z" user="Nesim" uid="1386706" lat="37.0795340" lon="37.3534895"/>
 <node id="2207774180" visible="true" version="3" changeset="133269749" timestamp="2023-03-03T20:43:58Z" user="karitotp" uid="2748195" lat="37.0705455" lon="37.3671133"/>
 <node id="2207774181" visible="true" version="3" changeset="132223672" timestamp="2023-02-07T20:16:41Z" user="rarad74" uid="128281" lat="37.0705737" lon="37.3692916"/>
 <node id="2207774191" visible="true" version="2" changeset="24269595" timestamp="2014-07-21T09:54:34Z" user="Nesim" uid="1386706" lat="37.0716709" lon="37.3661440"/>
 <node id="2207774193" visible="true" version="2" changeset="29933151" timestamp="2015-04-02T17:02:22Z" user="abel801" uid="2377377" lat="37.0717887" lon="37.3691252"/>
 <node id="2207774198" visible="true" version="2" changeset="29933151" timestamp="2015-04-02T17:02:22Z" user="abel801" uid="2377377" lat="37.0722353" lon="37.3660691"/>
 <node id="2207774203" visible="true" version="2" changeset="24269595" timestamp="2014-07-21T09:54:34Z" user="Nesim" uid="1386706" lat="37.0725916" lon="37.3690081"/>
 <node id="2207774254" visible="true" version="2" changeset="31978332" timestamp="2015-06-15T08:41:25Z" user="Nesim" uid="1386706" lat="37.0750268" lon="37.3662234"/>
 <node id="2207807702" visible="true" version="1" changeset="15404441" timestamp="2013-03-18T06:42:03Z" user="sree dinesh" uid="1233268" lat="37.0694871" lon="37.3745231"/>
 <node id="2207807703" visible="true" version="2" changeset="133435773" timestamp="2023-03-08T10:53:41Z" user="rab" uid="36894" lat="37.0697466" lon="37.3735065"/>
 <node id="2207807704" visible="true" version="1" changeset="15404441" timestamp="2013-03-18T06:42:03Z" user="sree dinesh" uid="1233268" lat="37.0700084" lon="37.3767804"/>
 <node id="2207807705" visible="true" version="2" changeset="132223672" timestamp="2023-02-07T20:16:41Z" user="rarad74" uid="128281" lat="37.0701211" lon="37.3760549"/>
 <node id="2207807706" visible="true" version="1" changeset="15404441" timestamp="2013-03-18T06:42:03Z" user="sree dinesh" uid="1233268" lat="37.0703285" lon="37.3747127"/>
 <node id="2207807707" visible="true" version="1" changeset="15404441" timestamp="2013-03-18T06:42:03Z" user="sree dinesh" uid="1233268" lat="37.0704487" lon="37.3734281"/>
 <node id="2207807708" visible="true" version="1" changeset="15404441" timestamp="2013-03-18T06:42:03Z" user="sree dinesh" uid="1233268" lat="37.0704608" lon="37.3734267"/>
 <node id="2207807710" visible="true" version="2" changeset="132223672" timestamp="2023-02-07T20:16:41Z" user="rarad74" uid="128281" lat="37.0706192" lon="37.3761682"/>
 <node id="2207807711" visible="true" version="2" changeset="132223672" timestamp="2023-02-07T20:16:41Z" user="rarad74" uid="128281" lat="37.0707274" lon="37.3760588"/>
 <node id="2207807713" visible="true" version="3" changeset="138804984" timestamp="2023-07-21T10:05:11Z" user="Nesim" uid="1386706" lat="37.0709417" lon="37.3747514"/>
 <node id="2207807723" visible="true" version="2" changeset="30761076" timestamp="2015-05-03T21:41:18Z" user="ayhanozates" uid="1628470" lat="37.0712518" lon="37.3723620"/>
 <node id="2207807725" visible="true" version="1" changeset="15404441" timestamp="2013-03-18T06:42:04Z" user="sree dinesh" uid="1233268" lat="37.0713024" lon="37.3733273"/>
 <node id="2207807730" visible="true" version="1" changeset="15404441" timestamp="2013-03-18T06:42:04Z" user="sree dinesh" uid="1233268" lat="37.0714779" lon="37.3733066"/>
 <node id="2207807731" visible="true" version="2" changeset="132510668" timestamp="2023-02-13T21:49:47Z" user="karitotp" uid="2748195" lat="37.0714482" lon="37.3749018"/>
 <node id="2207807733" visible="true" version="2" changeset="132510668" timestamp="2023-02-13T21:49:47Z" user="karitotp" uid="2748195" lat="37.0715174" lon="37.3733009"/>
 <node id="2207807748" visible="true" version="2" changeset="30553461" timestamp="2015-04-27T17:53:47Z" user="Nesim" uid="1386706" lat="37.0721204" lon="37.3749650"/>
 <node id="2207807749" visible="true" version="2" changeset="20155362" timestamp="2014-01-23T07:55:45Z" user="Nesim" uid="1386706" lat="37.0722277" lon="37.3733427"/>
 <node id="2207807751" visible="true" version="3" changeset="30761076" timestamp="2015-05-03T21:41:18Z" user="ayhanozates" uid="1628470" lat="37.0722895" lon="37.3722803"/>
 <node id="2207824384" visible="true" version="1" changeset="15404625" timestamp="2013-03-18T07:17:06Z" user="SVishnu" uid="1233271" lat="37.0637844" lon="37.3632884"/>
 <node id="2207824394" visible="true" version="1" changeset="15404625" timestamp="2013-03-18T07:17:06Z" user="SVishnu" uid="1233271" lat="37.0640773" lon="37.3641550"/>
 <node id="2207824399" visible="true" version="2" changeset="133373216" timestamp="2023-03-06T17:28:47Z" user="karitotp" uid="2748195" lat="37.0642347" lon="37.3649640"/>
 <node id="2207824407" visible="true" version="1" changeset="15404625" timestamp="2013-03-18T07:17:06Z" user="SVishnu" uid="1233271" lat="37.0644572" lon="37.3663889"/>
 <node id="2207824427" visible="true" version="1" changeset="15404625" timestamp="2013-03-18T07:17:06Z" user="SVishnu" uid="1233271" lat="37.0646493" lon="37.3674253"/>
 <node id="2207824445" visible="true" version="2" changeset="133373216" timestamp="2023-03-06T17:28:47Z" user="karitotp" uid="2748195" lat="37.0648036" lon="37.3685974"/>
 <node id="2207824454" visible="true" version="2" changeset="133373216" timestamp="2023-03-06T17:28:47Z" user="karitotp" uid="2748195" lat="37.0649502" lon="37.3694319"/>
 <node id="2207824466" visible="true" version="2" changeset="15589707" timestamp="2013-04-03T04:19:45Z" user="BKalai" uid="1235174" lat="37.0651526" lon="37.3705340"/>
 <node id="2207824469" visible="true" version="1" changeset="15404625" timestamp="2013-03-18T07:17:07Z" user="SVishnu" uid="1233271" lat="37.0651861" lon="37.3660657"/>
 <node id="2207824481" visible="true" version="1" changeset="15404625" timestamp="2013-03-18T07:17:07Z" user="SVishnu" uid="1233271" lat="37.0654605" lon="37.3669731"/>
 <node id="2207824484" visible="true" version="2" changeset="133373216" timestamp="2023-03-06T17:28:47Z" user="karitotp" uid="2748195" lat="37.0655838" lon="37.3691878"/>
 <node id="2207824487" visible="true" version="2" changeset="133373216" timestamp="2023-03-06T17:28:47Z" user="karitotp" uid="2748195" lat="37.0657197" lon="37.3695332"/>
 <node id="2207824488" visible="true" version="1" changeset="15404625" timestamp="2013-03-18T07:17:07Z" user="SVishnu" uid="1233271" lat="37.0657517" lon="37.3682164"/>
 <node id="2207824492" visible="true" version="1" changeset="15404625" timestamp="2013-03-18T07:17:07Z" user="SVishnu" uid="1233271" lat="37.0658387" lon="37.3681610"/>
 <node id="2207824496" visible="true" version="2" changeset="180117829" timestamp="2026-03-19T15:52:43Z" user="de24000" uid="617093" lat="37.0661537" lon="37.3593964"/>
 <node id="2207824505" visible="true" version="1" changeset="15404625" timestamp="2013-03-18T07:17:07Z" user="SVishnu" uid="1233271" lat="37.0664510" lon="37.3677706"/>
 <node id="2207824512" visible="true" version="1" changeset="15404625" timestamp="2013-03-18T07:17:07Z" user="SVishnu" uid="1233271" lat="37.0666774" lon="37.3684292"/>
 <node id="2207824515" visible="true" version="1" changeset="15404625" timestamp="2013-03-18T07:17:08Z" user="SVishnu" uid="1233271" lat="37.0667914" lon="37.3688237"/>
 <node id="2207824519" visible="true" version="1" changeset="15404625" timestamp="2013-03-18T07:17:08Z" user="SVishnu" uid="1233271" lat="37.0670897" lon="37.3673156"/>
 <node id="2207824520" visible="true" version="2" changeset="29933151" timestamp="2015-04-02T17:02:22Z" user="abel801" uid="2377377" lat="37.0671806" lon="37.3631813"/>
 <node id="2207824528" visible="true" version="2" changeset="29933151" timestamp="2015-04-02T17:02:22Z" user="abel801" uid="2377377" lat="37.0675359" lon="37.3646503"/>
 <node id="2207824537" visible="true" version="2" changeset="132223672" timestamp="2023-02-07T20:16:41Z" user="rarad74" uid="128281" lat="37.0679497" lon="37.3667328"/>
 <node id="2207824546" visible="true" version="2" changeset="29933151" timestamp="2015-04-02T17:02:22Z" user="abel801" uid="2377377" lat="37.0684194" lon="37.3674464"/>
 <node id="2207824558" visible="true" version="2" changeset="15589707" timestamp="2013-04-03T04:19:45Z" user="BKalai" uid="1235174" lat="37.0689045" lon="37.3678086"/>
 <node id="2207824570" visible="true" version="3" changeset="29933151" timestamp="2015-04-02T17:02:23Z" user="abel801" uid="2377377" lat="37.0700785" lon="37.3666909"/>
 <node id="2207828590" visible="true" version="1" changeset="15404662" timestamp="2013-03-18T07:24:26Z" user="SVishnu" uid="1233271" lat="37.0688376" lon="37.3692356"/>
 <node id="2207828591" visible="true" version="1" changeset="15404662" timestamp="2013-03-18T07:24:26Z" user="SVishnu" uid="1233271" lat="37.0688535" lon="37.3715523"/>
 <node id="2207828592" visible="true" version="1" changeset="15404662" timestamp="2013-03-18T07:24:26Z" user="SVishnu" uid="1233271" lat="37.0691487" lon="37.3715807"/>
 <node id="2207828593" visible="true" version="2" changeset="133269749" timestamp="2023-03-03T20:43:58Z" user="karitotp" uid="2748195" lat="37.0692515" lon="37.3676231"/>
 <node id="2207828594" visible="true" version="1" changeset="15404662" timestamp="2013-03-18T07:24:26Z" user="SVishnu" uid="1233271" lat="37.0694145" lon="37.3715628"/>
 <node id="2207828595" visible="true" version="3" changeset="132223672" timestamp="2023-02-07T20:16:41Z" user="rarad74" uid="128281" lat="37.0695880" lon="37.3683252"/>
 <node id="2207828596" visible="true" version="1" changeset="15404662" timestamp="2013-03-18T07:24:26Z" user="SVishnu" uid="1233271" lat="37.0695797" lon="37.3702983"/>
 <node id="2207828597" visible="true" version="2" changeset="29933151" timestamp="2015-04-02T17:02:23Z" user="abel801" uid="2377377" lat="37.0696809" lon="37.3689188"/>
 <node id="2207828598" visible="true" version="2" changeset="132223672" timestamp="2023-02-07T20:16:41Z" user="rarad74" uid="128281" lat="37.0696187" lon="37.3701055"/>
 <node id="2207828599" visible="true" version="1" changeset="15404662" timestamp="2013-03-18T07:24:26Z" user="SVishnu" uid="1233271" lat="37.0696887" lon="37.3693317"/>
 <node id="2207828602" visible="true" version="4" changeset="133279233" timestamp="2023-03-04T07:32:39Z" user="rab" uid="36894" lat="37.0698775" lon="37.3726876"/>
 <node id="2207828603" visible="true" version="2" changeset="133279233" timestamp="2023-03-04T07:32:39Z" user="rab" uid="36894" lat="37.0698894" lon="37.3725608"/>
 <node id="2207828606" visible="true" version="1" changeset="15404662" timestamp="2013-03-18T07:24:27Z" user="SVishnu" uid="1233271" lat="37.0700290" lon="37.3717311"/>
 <node id="2207828607" visible="true" version="1" changeset="15404662" timestamp="2013-03-18T07:24:27Z" user="SVishnu" uid="1233271" lat="37.0703343" lon="37.3702988"/>
 <node id="2207828617" visible="true" version="3" changeset="133269749" timestamp="2023-03-03T20:43:58Z" user="karitotp" uid="2748195" lat="37.0705146" lon="37.3677560"/>
 <node id="2207828619" visible="true" version="2" changeset="15589707" timestamp="2013-04-03T04:19:45Z" user="BKalai" uid="1235174" lat="37.0704931" lon="37.3693038"/>
 <node id="2207849211" visible="true" version="3" changeset="132373079" timestamp="2023-02-10T17:44:19Z" user="pelinininini" uid="18418065" lat="37.0621723" lon="37.3709069"/>
 <node id="2207849212" visible="true" version="2" changeset="132373079" timestamp="2023-02-10T17:44:19Z" user="pelinininini" uid="18418065" lat="37.0637241" lon="37.3708264"/>
 <node id="2207849214" visible="true" version="1" changeset="15404861" timestamp="2013-03-18T07:55:00Z" user="SVishnu" uid="1233271" lat="37.0651468" lon="37.3706406"/>
 <node id="2207849215" visible="true" version="1" changeset="15404861" timestamp="2013-03-18T07:55:00Z" user="SVishnu" uid="1233271" lat="37.0658785" lon="37.3705331"/>
 <node id="2207849219" visible="true" version="1" changeset="15404861" timestamp="2013-03-18T07:55:00Z" user="SVishnu" uid="1233271" lat="37.0661303" lon="37.3704937"/>
 <node id="2207849221" visible="true" version="2" changeset="15578209" timestamp="2013-04-02T08:01:15Z" user="BKalai" uid="1235174" lat="37.0661793" lon="37.3704726"/>
 <node id="2207849224" visible="true" version="2" changeset="15578209" timestamp="2013-04-02T08:01:15Z" user="BKalai" uid="1235174" lat="37.0663004" lon="37.3704112"/>
 <node id="2207849226" visible="true" version="1" changeset="15404861" timestamp="2013-03-18T07:55:01Z" user="SVishnu" uid="1233271" lat="37.0663444" lon="37.3703934"/>
 <node id="2207849227" visible="true" version="1" changeset="15404861" timestamp="2013-03-18T07:55:01Z" user="SVishnu" uid="1233271" lat="37.0664016" lon="37.3703504"/>
 <node id="2207849228" visible="true" version="1" changeset="15404861" timestamp="2013-03-18T07:55:01Z" user="SVishnu" uid="1233271" lat="37.0664727" lon="37.3702841"/>
 <node id="2207849229" visible="true" version="2" changeset="15578209" timestamp="2013-04-02T08:01:15Z" user="BKalai" uid="1235174" lat="37.0670949" lon="37.3697072"/>
 <node id="2207849233" visible="true" version="1" changeset="15404861" timestamp="2013-03-18T07:55:01Z" user="SVishnu" uid="1233271" lat="37.0676983" lon="37.3691165"/>
 <node id="2207849234" visible="true" version="1" changeset="15404861" timestamp="2013-03-18T07:55:01Z" user="SVishnu" uid="1233271" lat="37.0677849" lon="37.3690323"/>
 <node id="2207849235" visible="true" version="2" changeset="133373216" timestamp="2023-03-06T17:28:47Z" user="karitotp" uid="2748195" lat="37.0679380" lon="37.3697269"/>
 <node id="2207849236" visible="true" version="2" changeset="133373216" timestamp="2023-03-06T17:28:47Z" user="karitotp" uid="2748195" lat="37.0679915" lon="37.3699321"/>
 <node id="2207849237" visible="true" version="4" changeset="133373216" timestamp="2023-03-06T17:28:47Z" user="karitotp" uid="2748195" lat="37.0680151" lon="37.3704578"/>
 <node id="2207849238" visible="true" version="2" changeset="15589784" timestamp="2013-04-03T04:42:55Z" user="BKalai" uid="1235174" lat="37.0685289" lon="37.3683577"/>
 <node id="2207849239" visible="true" version="2" changeset="15589784" timestamp="2013-04-03T04:42:55Z" user="BKalai" uid="1235174" lat="37.0686780" lon="37.3681907"/>
 <node id="2207849241" visible="true" version="1" changeset="15404861" timestamp="2013-03-18T07:55:01Z" user="SVishnu" uid="1233271" lat="37.0698656" lon="37.3670336"/>
 <node id="2207849242" visible="true" version="1" changeset="15404861" timestamp="2013-03-18T07:55:01Z" user="SVishnu" uid="1233271" lat="37.0701142" lon="37.3667900"/>
 <node id="2207849243" visible="true" version="3" changeset="133269749" timestamp="2023-03-03T20:43:58Z" user="karitotp" uid="2748195" lat="37.0704506" lon="37.3665727"/>
 <node id="2207849244" visible="true" version="4" changeset="133269749" timestamp="2023-03-03T20:43:58Z" user="karitotp" uid="2748195" lat="37.0705259" lon="37.3665379"/>
 <node id="2207849245" visible="true" version="1" changeset="15404861" timestamp="2013-03-18T07:55:01Z" user="SVishnu" uid="1233271" lat="37.0712631" lon="37.3663423"/>
 <node id="2207850829" visible="true" version="1" changeset="15404878" timestamp="2013-03-18T07:57:25Z" user="SVishnu" uid="1233271" lat="37.0673756" lon="37.3682094"/>
 <node id="2207850830" visible="true" version="1" changeset="15404878" timestamp="2013-03-18T07:57:25Z" user="SVishnu" uid="1233271" lat="37.0675171" lon="37.3680695"/>
 <node id="2207850832" visible="true" version="2" changeset="15589707" timestamp="2013-04-03T04:19:45Z" user="BKalai" uid="1235174" lat="37.0676573" lon="37.3690275"/>
 <node id="2207850833" visible="true" version="1" changeset="15404878" timestamp="2013-03-18T07:57:25Z" user="SVishnu" uid="1233271" lat="37.0682525" lon="37.3675321"/>
 <node id="2207855734" visible="true" version="1" changeset="15404902" timestamp="2013-03-18T08:01:45Z" user="SVishnu" uid="1233271" lat="37.0729022" lon="37.3661297"/>
 <node id="2207855735" visible="true" version="3" changeset="146634608" timestamp="2024-01-24T15:26:31Z" user="mappinglander" uid="11978982" lat="37.0750021" lon="37.3663374"/>
 <node id="2207855737" visible="true" version="3" changeset="146634608" timestamp="2024-01-24T15:26:31Z" user="mappinglander" uid="11978982" lat="37.0766033" lon="37.3667263"/>
 <node id="2207855738" visible="true" version="1" changeset="15404902" timestamp="2013-03-18T08:01:45Z" user="SVishnu" uid="1233271" lat="37.0777712" lon="37.3671575"/>
 <node id="2207855739" visible="true" version="2" changeset="132718007" timestamp="2023-02-18T15:01:48Z" user="rab" uid="36894" lat="37.0782398" lon="37.3673055"/>
 <node id="2207855740" visible="true" version="3" changeset="132399923" timestamp="2023-02-11T11:26:08Z" user="Bskygt" uid="12089783" lat="37.0783357" lon="37.3673591"/>
 <node id="2207855741" visible="true" version="2" changeset="132718007" timestamp="2023-02-18T15:01:48Z" user="rab" uid="36894" lat="37.0783814" lon="37.3678687"/>
 <node id="2207855743" visible="true" version="3" changeset="132718007" timestamp="2023-02-18T15:01:48Z" user="rab" uid="36894" lat="37.0783969" lon="37.3675650"/>
 <node id="2207875688" visible="true" version="2" changeset="132373079" timestamp="2023-02-10T17:44:19Z" user="pelinininini" uid="18418065" lat="37.0627125" lon="37.3707688"/>
 <node id="2207875824" visible="true" version="2" changeset="132459317" timestamp="2023-02-12T19:08:32Z" user="mappinglander" uid="11978982" lat="37.0646904" lon="37.3733022"/>
 <node id="2207875830" visible="true" version="2" changeset="132459317" timestamp="2023-02-12T19:08:32Z" user="mappinglander" uid="11978982" lat="37.0648058" lon="37.3739259"/>
 <node id="2207875850" visible="true" version="1" changeset="15405032" timestamp="2013-03-18T08:24:11Z" user="sree dinesh" uid="1233268" lat="37.0648336" lon="37.3725091"/>
 <node id="2207875853" visible="true" version="1" changeset="15405032" timestamp="2013-03-18T08:24:11Z" user="sree dinesh" uid="1233268" lat="37.0648708" lon="37.3723693"/>
 <node id="2207875859" visible="true" version="1" changeset="15405032" timestamp="2013-03-18T08:24:11Z" user="sree dinesh" uid="1233268" lat="37.0649509" lon="37.3748073"/>
 <node id="2207875864" visible="true" version="1" changeset="15405032" timestamp="2013-03-18T08:24:11Z" user="sree dinesh" uid="1233268" lat="37.0650420" lon="37.3751428"/>
 <node id="2207875865" visible="true" version="1" changeset="15405032" timestamp="2013-03-18T08:24:11Z" user="sree dinesh" uid="1233268" lat="37.0650500" lon="37.3716954"/>
 <node id="2207875868" visible="true" version="2" changeset="179396675" timestamp="2026-03-05T13:25:27Z" user="OliveraM" uid="20382961" lat="37.0650993" lon="37.3713310"/>
 <node id="2207875880" visible="true" version="2" changeset="27570079" timestamp="2014-12-19T14:09:33Z" user="Soylu" uid="2527781" lat="37.0653817" lon="37.3762746"/>
 <node id="2207875894" visible="true" version="2" changeset="27570079" timestamp="2014-12-19T14:09:33Z" user="Soylu" uid="2527781" lat="37.0655454" lon="37.3764407"/>
 <node id="2207875900" visible="true" version="2" changeset="132459317" timestamp="2023-02-12T19:08:32Z" user="mappinglander" uid="11978982" lat="37.0655576" lon="37.3734926"/>
 <node id="2207875905" visible="true" version="2" changeset="132459317" timestamp="2023-02-12T19:08:32Z" user="mappinglander" uid="11978982" lat="37.0656411" lon="37.3735323"/>
 <node id="2207875908" visible="true" version="1" changeset="15405032" timestamp="2013-03-18T08:24:12Z" user="sree dinesh" uid="1233268" lat="37.0657370" lon="37.3726344"/>
 <node id="2207875919" visible="true" version="2" changeset="132223672" timestamp="2023-02-07T20:16:41Z" user="rarad74" uid="128281" lat="37.0658559" lon="37.3725141"/>
 <node id="2207875921" visible="true" version="2" changeset="179396675" timestamp="2026-03-05T13:25:27Z" user="OliveraM" uid="20382961" lat="37.0659572" lon="37.3715964"/>
 <node id="2207875929" visible="true" version="2" changeset="132459317" timestamp="2023-02-12T19:08:32Z" user="mappinglander" uid="11978982" lat="37.0659253" lon="37.3746547"/>
 <node id="2207875941" visible="true" version="2" changeset="27570079" timestamp="2014-12-19T14:09:33Z" user="Soylu" uid="2527781" lat="37.0661275" lon="37.3766785"/>
 <node id="2207875944" visible="true" version="1" changeset="15405032" timestamp="2013-03-18T08:24:13Z" user="sree dinesh" uid="1233268" lat="37.0661695" lon="37.3710265"/>
 <node id="2207875955" visible="true" version="2" changeset="132459317" timestamp="2023-02-12T19:08:32Z" user="mappinglander" uid="11978982" lat="37.0663195" lon="37.3766916"/>
 <node id="2207875961" visible="true" version="1" changeset="15405032" timestamp="2013-03-18T08:24:13Z" user="sree dinesh" uid="1233268" lat="37.0663409" lon="37.3708613"/>
 <node id="2207875970" visible="true" version="2" changeset="132223672" timestamp="2023-02-07T20:16:41Z" user="rarad74" uid="128281" lat="37.0664474" lon="37.3727334"/>
 <node id="2207875982" visible="true" version="1" changeset="15405032" timestamp="2013-03-18T08:24:13Z" user="sree dinesh" uid="1233268" lat="37.0666743" lon="37.3716206"/>
 <node id="2207875986" visible="true" version="1" changeset="15405032" timestamp="2013-03-18T08:24:13Z" user="sree dinesh" uid="1233268" lat="37.0667205" lon="37.3739714"/>
 <node id="2207875991" visible="true" version="1" changeset="15405032" timestamp="2013-03-18T08:24:13Z" user="sree dinesh" uid="1233268" lat="37.0667550" lon="37.3740632"/>
 <node id="2207875994" visible="true" version="1" changeset="15405032" timestamp="2013-03-18T08:24:14Z" user="sree dinesh" uid="1233268" lat="37.0667800" lon="37.3741299"/>
 <node id="2207876009" visible="true" version="2" changeset="132223672" timestamp="2023-02-07T20:16:41Z" user="rarad74" uid="128281" lat="37.0669415" lon="37.3729139"/>
 <node id="2207876010" visible="true" version="2" changeset="132511677" timestamp="2023-02-13T22:24:12Z" user="karitotp" uid="2748195" lat="37.0669514" lon="37.3762205"/>
 <node id="2207876016" visible="true" version="2" changeset="132223672" timestamp="2023-02-07T20:16:41Z" user="rarad74" uid="128281" lat="37.0670369" lon="37.3729368"/>
 <node id="2207876017" visible="true" version="1" changeset="15405032" timestamp="2013-03-18T08:24:14Z" user="sree dinesh" uid="1233268" lat="37.0670895" lon="37.3726565"/>
 <node id="2207876028" visible="true" version="1" changeset="15405032" timestamp="2013-03-18T08:24:14Z" user="sree dinesh" uid="1233268" lat="37.0671739" lon="37.3722467"/>
 <node id="2207876031" visible="true" version="1" changeset="15405032" timestamp="2013-03-18T08:24:14Z" user="sree dinesh" uid="1233268" lat="37.0671924" lon="37.3746719"/>
 <node id="2207876032" visible="true" version="2" changeset="132511677" timestamp="2023-02-13T22:24:12Z" user="karitotp" uid="2748195" lat="37.0671761" lon="37.3758732"/>
 <node id="2207876036" visible="true" version="1" changeset="15405032" timestamp="2013-03-18T08:24:14Z" user="sree dinesh" uid="1233268" lat="37.0672744" lon="37.3717590"/>
 <node id="2207876037" visible="true" version="2" changeset="133551049" timestamp="2023-03-11T12:11:39Z" user="rab" uid="36894" lat="37.0672955" lon="37.3747560"/>
 <node id="2207876038" visible="true" version="2" changeset="32197869" timestamp="2015-06-25T06:19:41Z" user="Nesim" uid="1386706" lat="37.0672787" lon="37.3711804"/>
 <node id="2207876043" visible="true" version="1" changeset="15405032" timestamp="2013-03-18T08:24:14Z" user="sree dinesh" uid="1233268" lat="37.0673509" lon="37.3708611"/>
 <node id="2207876045" visible="true" version="1" changeset="15405032" timestamp="2013-03-18T08:24:14Z" user="sree dinesh" uid="1233268" lat="37.0673889" lon="37.3712036"/>
 <node id="2207876048" visible="true" version="1" changeset="15405032" timestamp="2013-03-18T08:24:15Z" user="sree dinesh" uid="1233268" lat="37.0674786" lon="37.3705403"/>
 <node id="2207876061" visible="true" version="1" changeset="15405032" timestamp="2013-03-18T08:24:15Z" user="sree dinesh" uid="1233268" lat="37.0676467" lon="37.3754059"/>
 <node id="2207876062" visible="true" version="1" changeset="15405032" timestamp="2013-03-18T08:24:15Z" user="sree dinesh" uid="1233268" lat="37.0676999" lon="37.3753420"/>
 <node id="2207876063" visible="true" version="1" changeset="15405032" timestamp="2013-03-18T08:24:15Z" user="sree dinesh" uid="1233268" lat="37.0677155" lon="37.3753232"/>
 <node id="2207876068" visible="true" version="1" changeset="15405032" timestamp="2013-03-18T08:24:15Z" user="sree dinesh" uid="1233268" lat="37.0678105" lon="37.3728558"/>
 <node id="2207876074" visible="true" version="1" changeset="15405032" timestamp="2013-03-18T08:24:15Z" user="sree dinesh" uid="1233268" lat="37.0678951" lon="37.3724580"/>
 <node id="2207876078" visible="true" version="1" changeset="15405032" timestamp="2013-03-18T08:24:15Z" user="sree dinesh" uid="1233268" lat="37.0679927" lon="37.3719996"/>
 <node id="2207876082" visible="true" version="1" changeset="15405032" timestamp="2013-03-18T08:24:15Z" user="sree dinesh" uid="1233268" lat="37.0681181" lon="37.3714100"/>
 <node id="2207876086" visible="true" version="1" changeset="15405032" timestamp="2013-03-18T08:24:15Z" user="sree dinesh" uid="1233268" lat="37.0681822" lon="37.3758952"/>
 <node id="2207876089" visible="true" version="1" changeset="15405032" timestamp="2013-03-18T08:24:15Z" user="sree dinesh" uid="1233268" lat="37.0682422" lon="37.3746902"/>
 <node id="2207876104" visible="true" version="2" changeset="17809192" timestamp="2013-09-12T23:12:45Z" user="dmgroom_ct" uid="437598" lat="37.0685548" lon="37.3750322"/>
 <node id="2207876106" visible="true" version="3" changeset="133551049" timestamp="2023-03-11T12:11:39Z" user="rab" uid="36894" lat="37.0686237" lon="37.3741926"/>
 <node id="2207876107" visible="true" version="1" changeset="15405032" timestamp="2013-03-18T08:24:16Z" user="sree dinesh" uid="1233268" lat="37.0686313" lon="37.3762287"/>
 <node id="2207876109" visible="true" version="4" changeset="180117829" timestamp="2026-03-19T15:52:43Z" user="de24000" uid="617093" lat="37.0686981" lon="37.3715252"/>
 <node id="2207876110" visible="true" version="3" changeset="132510668" timestamp="2023-02-13T21:49:47Z" user="karitotp" uid="2748195" lat="37.0687010" lon="37.3740908"/>
 <node id="2207876111" visible="true" version="2" changeset="17809192" timestamp="2013-09-12T23:12:45Z" user="dmgroom_ct" uid="437598" lat="37.0687378" lon="37.3751760"/>
 <node id="2207876112" visible="true" version="2" changeset="17809192" timestamp="2013-09-12T23:12:45Z" user="dmgroom_ct" uid="437598" lat="37.0687598" lon="37.3703610"/>
 <node id="2207876119" visible="true" version="2" changeset="17809192" timestamp="2013-09-12T23:12:45Z" user="dmgroom_ct" uid="437598" lat="37.0688980" lon="37.3742702"/>
 <node id="2207876132" visible="true" version="2" changeset="17809192" timestamp="2013-09-12T23:12:45Z" user="dmgroom_ct" uid="437598" lat="37.0691109" lon="37.3744161"/>
 <node id="2207876133" visible="true" version="3" changeset="132510668" timestamp="2023-02-13T21:49:47Z" user="karitotp" uid="2748195" lat="37.0690787" lon="37.3736416"/>
 <node id="2207876141" visible="true" version="1" changeset="15405032" timestamp="2013-03-18T08:24:16Z" user="sree dinesh" uid="1233268" lat="37.0692727" lon="37.3754395"/>
 <node id="2207876143" visible="true" version="1" changeset="15405032" timestamp="2013-03-18T08:24:16Z" user="sree dinesh" uid="1233268" lat="37.0694038" lon="37.3735221"/>
 <node id="2207876164" visible="true" version="1" changeset="15405032" timestamp="2013-03-18T08:24:17Z" user="sree dinesh" uid="1233268" lat="37.0701870" lon="37.3756265"/>
 <node id="2209248828" visible="true" version="2" changeset="132459317" timestamp="2023-02-12T19:08:32Z" user="mappinglander" uid="11978982" lat="37.0658783" lon="37.3779013"/>
 <node id="2244473122" visible="true" version="1" changeset="15578209" timestamp="2013-04-02T08:00:01Z" user="BKalai" uid="1235174" lat="37.0661737" lon="37.3703413"/>
 <node id="2245876422" visible="true" version="1" changeset="15589707" timestamp="2013-04-03T04:19:05Z" user="BKalai" uid="1235174" lat="37.0654092" lon="37.3705989"/>
 <node id="2450078802" visible="true" version="3" changeset="148265066" timestamp="2024-03-05T19:30:57Z" user="Ygmr01" uid="20742614" lat="37.0669926" lon="37.3744093"/>
 <node id="2450078804" visible="true" version="3" changeset="148265066" timestamp="2024-03-05T19:30:57Z" user="Ygmr01" uid="20742614" lat="37.0667794" lon="37.3749956"/>
 <node id="2450078805" visible="true" version="3" changeset="148265066" timestamp="2024-03-05T19:30:57Z" user="Ygmr01" uid="20742614" lat="37.0660656" lon="37.3745081"/>
 <node id="2450078806" visible="true" version="3" changeset="148265066" timestamp="2024-03-05T19:30:57Z" user="Ygmr01" uid="20742614" lat="37.0663618" lon="37.3743890"/>
 <node id="2450079408" visible="true" version="2" changeset="43055692" timestamp="2016-10-21T10:16:18Z" user="Nesim" uid="1386706" lat="37.0657587" lon="37.3750825"/>
 <node id="2450079409" visible="true" version="2" changeset="43055692" timestamp="2016-10-21T10:16:18Z" user="Nesim" uid="1386706" lat="37.0657662" lon="37.3756801"/>
 <node id="2450079410" visible="true" version="2" changeset="43055692" timestamp="2016-10-21T10:16:18Z" user="Nesim" uid="1386706" lat="37.0660357" lon="37.3763792"/>
 <node id="2450079411" visible="true" version="2" changeset="43055692" timestamp="2016-10-21T10:16:18Z" user="Nesim" uid="1386706" lat="37.0654504" lon="37.3762138"/>
 <node id="2450079412" visible="true" version="2" changeset="43055692" timestamp="2016-10-21T10:16:18Z" user="Nesim" uid="1386706" lat="37.0655391" lon="37.3751732"/>
 <node id="2450079416" visible="true" version="1" changeset="17726418" timestamp="2013-09-08T03:27:26Z" user="Steven Tyler" uid="1733434" lat="37.0649854" lon="37.3779972"/>
 <node id="2450079417" visible="true" version="1" changeset="17726418" timestamp="2013-09-08T03:27:26Z" user="Steven Tyler" uid="1733434" lat="37.0648218" lon="37.3774784"/>
 <node id="2450079418" visible="true" version="2" changeset="27563933" timestamp="2014-12-19T07:23:12Z" user="Soylu" uid="2527781" lat="37.0650580" lon="37.3769273"/>
 <node id="2450079419" visible="true" version="1" changeset="17726418" timestamp="2013-09-08T03:27:26Z" user="Steven Tyler" uid="1733434" lat="37.0655528" lon="37.3767673"/>
 <node id="2450079421" visible="true" version="2" changeset="27563933" timestamp="2014-12-19T07:23:12Z" user="Soylu" uid="2527781" lat="37.0649097" lon="37.3777419"/>
 <node id="2450079422" visible="true" version="1" changeset="17726418" timestamp="2013-09-08T03:27:26Z" user="Steven Tyler" uid="1733434" lat="37.0649138" lon="37.3771452"/>
 <node id="2450079423" visible="true" version="2" changeset="27563933" timestamp="2014-12-19T07:23:12Z" user="Soylu" uid="2527781" lat="37.0653010" lon="37.3767850"/>
 <node id="2450082031" visible="true" version="2" changeset="132459317" timestamp="2023-02-12T19:08:32Z" user="mappinglander" uid="11978982" lat="37.0648146" lon="37.3743726"/>
 <node id="2450082032" visible="true" version="1" changeset="17726453" timestamp="2013-09-08T03:35:50Z" user="Steven Tyler" uid="1733434" lat="37.0639348" lon="37.3747973"/>
 <node id="2450082033" visible="true" version="1" changeset="17726453" timestamp="2013-09-08T03:35:50Z" user="Steven Tyler" uid="1733434" lat="37.0641810" lon="37.3767259"/>
 <node id="2450082034" visible="true" version="1" changeset="17726453" timestamp="2013-09-08T03:35:50Z" user="Steven Tyler" uid="1733434" lat="37.0647504" lon="37.3780372"/>
 <node id="2527664434" visible="true" version="2" changeset="132486950" timestamp="2023-02-13T12:02:57Z" user="mappinglander" uid="11978982" lat="37.0687170" lon="37.3730758"/>
 <node id="2527845738" visible="true" version="1" changeset="18834177" timestamp="2013-11-11T12:02:50Z" user="Nesim" uid="1386706" lat="37.0655389" lon="37.3740759"/>
 <node id="2527845742" visible="true" version="2" changeset="27563933" timestamp="2014-12-19T07:23:13Z" user="Soylu" uid="2527781" lat="37.0649728" lon="37.3743254"/>
 <node id="2527845744" visible="true" version="2" changeset="27563933" timestamp="2014-12-19T07:23:13Z" user="Soylu" uid="2527781" lat="37.0650485" lon="37.3746892"/>
 <node id="2527845746" visible="true" version="2" changeset="27563933" timestamp="2014-12-19T07:23:13Z" user="Soylu" uid="2527781" lat="37.0649854" lon="37.3747722"/>
 <node id="2527845750" visible="true" version="1" changeset="18834177" timestamp="2013-11-11T12:02:50Z" user="Nesim" uid="1386706" lat="37.0650594" lon="37.3750274"/>
 <node id="2527845753" visible="true" version="1" changeset="18834177" timestamp="2013-11-11T12:02:50Z" user="Nesim" uid="1386706" lat="37.0656281" lon="37.3747346"/>
 <node id="2527845756" visible="true" version="1" changeset="18834177" timestamp="2013-11-11T12:02:50Z" user="Nesim" uid="1386706" lat="37.0656342" lon="37.3745767"/>
 <node id="2527845759" visible="true" version="1" changeset="18834177" timestamp="2013-11-11T12:02:50Z" user="Nesim" uid="1386706" lat="37.0657664" lon="37.3745073"/>
 <node id="2527845762" visible="true" version="2" changeset="133451417" timestamp="2023-03-08T18:24:52Z" user="rab" uid="36894" lat="37.0665778" lon="37.3719299"/>
 <node id="2527845765" visible="true" version="2" changeset="133451417" timestamp="2023-03-08T18:24:52Z" user="rab" uid="36894" lat="37.0661238" lon="37.3717920"/>
 <node id="2527845768" visible="true" version="2" changeset="133451417" timestamp="2023-03-08T18:24:52Z" user="rab" uid="36894" lat="37.0659894" lon="37.3724870"/>
 <node id="2527845771" visible="true" version="2" changeset="133451417" timestamp="2023-03-08T18:24:52Z" user="rab" uid="36894" lat="37.0664434" lon="37.3726249"/>
 <node id="2972803890" visible="true" version="3" changeset="132421689" timestamp="2023-02-11T20:50:10Z" user="Soner Yücel" uid="18429253" lat="37.0729759" lon="37.3661216"/>
 <node id="2972803898" visible="true" version="3" changeset="30761132" timestamp="2015-05-03T21:43:24Z" user="ayhanozates" uid="1628470" lat="37.0720715" lon="37.3721612"/>
 <node id="2972803899" visible="true" version="4" changeset="132510668" timestamp="2023-02-13T21:49:47Z" user="karitotp" uid="2748195" lat="37.0723798" lon="37.3721221"/>
 <node id="2972803900" visible="true" version="3" changeset="30761132" timestamp="2015-05-03T21:43:24Z" user="ayhanozates" uid="1628470" lat="37.0723007" lon="37.3721237"/>
 <node id="2972803910" visible="true" version="1" changeset="24269595" timestamp="2014-07-21T09:54:33Z" user="Nesim" uid="1386706" lat="37.0715499" lon="37.3661703"/>
 <node id="2972803911" visible="true" version="3" changeset="132598003" timestamp="2023-02-15T19:30:54Z" user="rab" uid="36894" lat="37.0716934" lon="37.3662443"/>
 <node id="3207513820" visible="true" version="3" changeset="133451483" timestamp="2023-03-08T18:27:13Z" user="rab" uid="36894" lat="37.0685851" lon="37.3709684"/>
 <node id="3207513821" visible="true" version="3" changeset="133451483" timestamp="2023-03-08T18:27:13Z" user="rab" uid="36894" lat="37.0685690" lon="37.3709934"/>
 <node id="3207513822" visible="true" version="3" changeset="133451483" timestamp="2023-03-08T18:27:13Z" user="rab" uid="36894" lat="37.0685927" lon="37.3709057"/>
 <node id="3207513823" visible="true" version="3" changeset="133451483" timestamp="2023-03-08T18:27:13Z" user="rab" uid="36894" lat="37.0685933" lon="37.3709379"/>
 <node id="3207513824" visible="true" version="3" changeset="133451483" timestamp="2023-03-08T18:27:13Z" user="rab" uid="36894" lat="37.0685628" lon="37.3710664"/>
 <node id="3207513825" visible="true" version="3" changeset="133451483" timestamp="2023-03-08T18:27:13Z" user="rab" uid="36894" lat="37.0685470" lon="37.3710101"/>
 <node id="3207513826" visible="true" version="4" changeset="133563255" timestamp="2023-03-11T18:12:32Z" user="rab" uid="36894" lat="37.0685305" lon="37.3713727"/>
 <node id="3207513827" visible="true" version="3" changeset="133451483" timestamp="2023-03-08T18:27:13Z" user="rab" uid="36894" lat="37.0685229" lon="37.3710676"/>
 <node id="3207513828" visible="true" version="3" changeset="133451483" timestamp="2023-03-08T18:27:13Z" user="rab" uid="36894" lat="37.0685663" lon="37.3708516"/>
 <node id="3207513829" visible="true" version="3" changeset="133451483" timestamp="2023-03-08T18:27:13Z" user="rab" uid="36894" lat="37.0685219" lon="37.3710162"/>
 <node id="3207513830" visible="true" version="3" changeset="133451483" timestamp="2023-03-08T18:27:13Z" user="rab" uid="36894" lat="37.0681231" lon="37.3713849"/>
 <node id="3207513831" visible="true" version="3" changeset="133451483" timestamp="2023-03-08T18:27:13Z" user="rab" uid="36894" lat="37.0685437" lon="37.3708363"/>
 <node id="3207513832" visible="true" version="3" changeset="133451483" timestamp="2023-03-08T18:27:13Z" user="rab" uid="36894" lat="37.0681173" lon="37.3710797"/>
 <node id="3207513833" visible="true" version="3" changeset="133451483" timestamp="2023-03-08T18:27:13Z" user="rab" uid="36894" lat="37.0681163" lon="37.3710285"/>
 <node id="3207513834" visible="true" version="3" changeset="133451483" timestamp="2023-03-08T18:27:13Z" user="rab" uid="36894" lat="37.0681128" lon="37.3708435"/>
 <node id="3207513835" visible="true" version="3" changeset="133451483" timestamp="2023-03-08T18:27:13Z" user="rab" uid="36894" lat="37.0681118" lon="37.3707923"/>
 <node id="3207513836" visible="true" version="3" changeset="133451483" timestamp="2023-03-08T18:27:13Z" user="rab" uid="36894" lat="37.0681060" lon="37.3704871"/>
 <node id="3207513837" visible="true" version="3" changeset="133451483" timestamp="2023-03-08T18:27:13Z" user="rab" uid="36894" lat="37.0685573" lon="37.3707791"/>
 <node id="3207513838" visible="true" version="3" changeset="133451483" timestamp="2023-03-08T18:27:13Z" user="rab" uid="36894" lat="37.0685165" lon="37.3707803"/>
 <node id="3207513839" visible="true" version="3" changeset="133451483" timestamp="2023-03-08T18:27:13Z" user="rab" uid="36894" lat="37.0685184" lon="37.3708317"/>
 <node id="3207513840" visible="true" version="3" changeset="133451483" timestamp="2023-03-08T18:27:13Z" user="rab" uid="36894" lat="37.0685833" lon="37.3708757"/>
 <node id="3242177161" visible="true" version="1" changeset="27563933" timestamp="2014-12-19T07:23:12Z" user="Soylu" uid="2527781" lat="37.0656828" lon="37.3742661"/>
 <node id="3334056455" visible="true" version="1" changeset="28651378" timestamp="2015-02-06T12:58:46Z" user="Nesim" uid="1386706" lat="37.0654467" lon="37.3671192"/>
 <node id="3334056456" visible="true" version="1" changeset="28651378" timestamp="2015-02-06T12:58:46Z" user="Nesim" uid="1386706" lat="37.0647499" lon="37.3673994"/>
 <node id="3334056457" visible="true" version="1" changeset="28651378" timestamp="2015-02-06T12:58:46Z" user="Nesim" uid="1386706" lat="37.0648952" lon="37.3685062"/>
 <node id="3334056458" visible="true" version="1" changeset="28651378" timestamp="2015-02-06T12:58:46Z" user="Nesim" uid="1386706" lat="37.0657858" lon="37.3681232"/>
 <node id="3334056459" visible="true" version="1" changeset="28651378" timestamp="2015-02-06T12:58:46Z" user="Nesim" uid="1386706" lat="37.0650370" lon="37.3707359"/>
 <node id="3334056460" visible="true" version="2" changeset="132459317" timestamp="2023-02-12T19:08:32Z" user="mappinglander" uid="11978982" lat="37.0641326" lon="37.3708816"/>
 <node id="3334056461" visible="true" version="2" changeset="132459317" timestamp="2023-02-12T19:08:32Z" user="mappinglander" uid="11978982" lat="37.0637399" lon="37.3713282"/>
 <node id="3334056462" visible="true" version="1" changeset="28651378" timestamp="2015-02-06T12:58:46Z" user="Nesim" uid="1386706" lat="37.0636844" lon="37.3724096"/>
 <node id="3334056463" visible="true" version="1" changeset="28651378" timestamp="2015-02-06T12:58:46Z" user="Nesim" uid="1386706" lat="37.0636758" lon="37.3733323"/>
 <node id="3334056464" visible="true" version="2" changeset="132459317" timestamp="2023-02-12T19:08:32Z" user="mappinglander" uid="11978982" lat="37.0639122" lon="37.3740023"/>
 <node id="3334056465" visible="true" version="2" changeset="132459317" timestamp="2023-02-12T19:08:32Z" user="mappinglander" uid="11978982" lat="37.0639048" lon="37.3743274"/>
 <node id="3334056466" visible="true" version="2" changeset="132459317" timestamp="2023-02-12T19:08:32Z" user="mappinglander" uid="11978982" lat="37.0645705" lon="37.3738875"/>
 <node id="3334056467" visible="true" version="1" changeset="28651378" timestamp="2015-02-06T12:58:46Z" user="Nesim" uid="1386706" lat="37.0645533" lon="37.3736112"/>
 <node id="3334056468" visible="true" version="1" changeset="28651378" timestamp="2015-02-06T12:58:46Z" user="Nesim" uid="1386706" lat="37.0647288" lon="37.3725812"/>
 <node id="3334056469" visible="true" version="1" changeset="28651378" timestamp="2015-02-06T12:58:46Z" user="Nesim" uid="1386706" lat="37.0650413" lon="37.3711597"/>
 <node id="3431810987" visible="true" version="1" changeset="29933151" timestamp="2015-04-02T17:02:19Z" user="abel801" uid="2377377" lat="37.0677498" lon="37.3654528"/>
 <node id="3470956676" visible="true" version="1" changeset="30398707" timestamp="2015-04-22T08:36:58Z" user="Nesim" uid="1386706" lat="37.0679626" lon="37.3705237"/>
 <node id="3470956677" visible="true" version="1" changeset="30398707" timestamp="2015-04-22T08:36:58Z" user="Nesim" uid="1386706" lat="37.0677777" lon="37.3705603"/>
 <node id="3470956678" visible="true" version="1" changeset="30398707" timestamp="2015-04-22T08:36:59Z" user="Nesim" uid="1386706" lat="37.0677356" lon="37.3706416"/>
 <node id="3470956679" visible="true" version="1" changeset="30398707" timestamp="2015-04-22T08:36:59Z" user="Nesim" uid="1386706" lat="37.0677193" lon="37.3707676"/>
 <node id="3470956680" visible="true" version="1" changeset="30398707" timestamp="2015-04-22T08:36:59Z" user="Nesim" uid="1386706" lat="37.0677972" lon="37.3708570"/>
 <node id="3470956681" visible="true" version="1" changeset="30398707" timestamp="2015-04-22T08:36:59Z" user="Nesim" uid="1386706" lat="37.0678588" lon="37.3708489"/>
 <node id="3470956682" visible="true" version="1" changeset="30398707" timestamp="2015-04-22T08:36:59Z" user="Nesim" uid="1386706" lat="37.0678718" lon="37.3708896"/>
 <node id="3470956683" visible="true" version="1" changeset="30398707" timestamp="2015-04-22T08:36:59Z" user="Nesim" uid="1386706" lat="37.0680016" lon="37.3708530"/>
 <node id="3470956684" visible="true" version="1" changeset="30398707" timestamp="2015-04-22T08:36:59Z" user="Nesim" uid="1386706" lat="37.0691686" lon="37.3688138"/>
 <node id="3470956685" visible="true" version="1" changeset="30398707" timestamp="2015-04-22T08:36:59Z" user="Nesim" uid="1386706" lat="37.0689658" lon="37.3688575"/>
 <node id="3470956686" visible="true" version="1" changeset="30398707" timestamp="2015-04-22T08:36:59Z" user="Nesim" uid="1386706" lat="37.0689887" lon="37.3690244"/>
 <node id="3470956687" visible="true" version="1" changeset="30398707" timestamp="2015-04-22T08:36:59Z" user="Nesim" uid="1386706" lat="37.0691915" lon="37.3689807"/>
 <node id="3470956688" visible="true" version="2" changeset="133373216" timestamp="2023-03-06T17:28:47Z" user="karitotp" uid="2748195" lat="37.0683919" lon="37.3686387"/>
 <node id="3470956689" visible="true" version="2" changeset="133373216" timestamp="2023-03-06T17:28:47Z" user="karitotp" uid="2748195" lat="37.0678158" lon="37.3691483"/>
 <node id="3470956690" visible="true" version="2" changeset="133373216" timestamp="2023-03-06T17:28:47Z" user="karitotp" uid="2748195" lat="37.0678864" lon="37.3693501"/>
 <node id="3470956691" visible="true" version="2" changeset="133373216" timestamp="2023-03-06T17:28:47Z" user="karitotp" uid="2748195" lat="37.0680107" lon="37.3693288"/>
 <node id="3470956692" visible="true" version="2" changeset="133373216" timestamp="2023-03-06T17:28:47Z" user="karitotp" uid="2748195" lat="37.0682761" lon="37.3691023"/>
 <node id="3470960493" visible="true" version="2" changeset="133373216" timestamp="2023-03-06T17:28:47Z" user="karitotp" uid="2748195" lat="37.0683496" lon="37.3691236"/>
 <node id="3470960494" visible="true" version="2" changeset="133373216" timestamp="2023-03-06T17:28:47Z" user="karitotp" uid="2748195" lat="37.0683580" lon="37.3692014"/>
 <node id="3470960495" visible="true" version="2" changeset="133373216" timestamp="2023-03-06T17:28:47Z" user="karitotp" uid="2748195" lat="37.0683947" lon="37.3692404"/>
 <node id="3470960496" visible="true" version="2" changeset="133373216" timestamp="2023-03-06T17:28:47Z" user="karitotp" uid="2748195" lat="37.0685698" lon="37.3692014"/>
 <node id="3470960497" visible="true" version="2" changeset="133373216" timestamp="2023-03-06T17:28:47Z" user="karitotp" uid="2748195" lat="37.0685896" lon="37.3691767"/>
 <node id="3470960498" visible="true" version="2" changeset="133373216" timestamp="2023-03-06T17:28:47Z" user="karitotp" uid="2748195" lat="37.0685501" lon="37.3688546"/>
 <node id="3470960499" visible="true" version="2" changeset="133373216" timestamp="2023-03-06T17:28:47Z" user="karitotp" uid="2748195" lat="37.0685303" lon="37.3687767"/>
 <node id="3470960500" visible="true" version="2" changeset="133373216" timestamp="2023-03-06T17:28:47Z" user="karitotp" uid="2748195" lat="37.0676864" lon="37.3693654"/>
 <node id="3470960501" visible="true" version="2" changeset="133373216" timestamp="2023-03-06T17:28:47Z" user="karitotp" uid="2748195" lat="37.0672699" lon="37.3697693"/>
 <node id="3470960502" visible="true" version="2" changeset="133373216" timestamp="2023-03-06T17:28:47Z" user="karitotp" uid="2748195" lat="37.0675454" lon="37.3704356"/>
 <node id="3470960503" visible="true" version="2" changeset="133373216" timestamp="2023-03-06T17:28:47Z" user="karitotp" uid="2748195" lat="37.0677720" lon="37.3703721"/>
 <node id="3470960504" visible="true" version="2" changeset="133373216" timestamp="2023-03-06T17:28:47Z" user="karitotp" uid="2748195" lat="37.0677488" lon="37.3701143"/>
 <node id="3470960508" visible="true" version="2" changeset="133373216" timestamp="2023-03-06T17:28:47Z" user="karitotp" uid="2748195" lat="37.0678874" lon="37.3700403"/>
 <node id="3470960509" visible="true" version="2" changeset="133373216" timestamp="2023-03-06T17:28:47Z" user="karitotp" uid="2748195" lat="37.0678512" lon="37.3698141"/>
 <node id="3470960510" visible="true" version="1" changeset="30398707" timestamp="2015-04-22T08:36:59Z" user="Nesim" uid="1386706" lat="37.0661541" lon="37.3703465"/>
 <node id="3470960511" visible="true" version="1" changeset="30398707" timestamp="2015-04-22T08:36:59Z" user="Nesim" uid="1386706" lat="37.0662415" lon="37.3703002"/>
 <node id="3481987387" visible="true" version="1" changeset="30553461" timestamp="2015-04-27T17:53:46Z" user="Nesim" uid="1386706" lat="37.0668011" lon="37.3740466"/>
 <node id="3481987388" visible="true" version="1" changeset="30553461" timestamp="2015-04-27T17:53:46Z" user="Nesim" uid="1386706" lat="37.0674272" lon="37.3706316"/>
 <node id="3495878523" visible="true" version="1" changeset="30761076" timestamp="2015-05-03T21:41:17Z" user="ayhanozates" uid="1628470" lat="37.0706370" lon="37.3724764"/>
 <node id="3495878524" visible="true" version="1" changeset="30761076" timestamp="2015-05-03T21:41:17Z" user="ayhanozates" uid="1628470" lat="37.0706500" lon="37.3723410"/>
 <node id="3495878525" visible="true" version="1" changeset="30761076" timestamp="2015-05-03T21:41:17Z" user="ayhanozates" uid="1628470" lat="37.0709388" lon="37.3724064"/>
 <node id="3495878526" visible="true" version="1" changeset="30761076" timestamp="2015-05-03T21:41:17Z" user="ayhanozates" uid="1628470" lat="37.0709071" lon="37.3722780"/>
 <node id="3495878527" visible="true" version="1" changeset="30761076" timestamp="2015-05-03T21:41:17Z" user="ayhanozates" uid="1628470" lat="37.0716691" lon="37.3723200"/>
 <node id="3495878528" visible="true" version="1" changeset="30761076" timestamp="2015-05-03T21:41:17Z" user="ayhanozates" uid="1628470" lat="37.0716505" lon="37.3721986"/>
 <node id="3495878533" visible="true" version="2" changeset="132510668" timestamp="2023-02-13T21:49:47Z" user="karitotp" uid="2748195" lat="37.0726944" lon="37.3722857"/>
 <node id="3495878534" visible="true" version="2" changeset="30761132" timestamp="2015-05-03T21:43:24Z" user="ayhanozates" uid="1628470" lat="37.0727186" lon="37.3721329"/>
 <node id="3495882198" visible="true" version="1" changeset="30761132" timestamp="2015-05-03T21:43:23Z" user="ayhanozates" uid="1628470" lat="37.0718900" lon="37.3721773"/>
 <node id="3495882199" visible="true" version="1" changeset="30761132" timestamp="2015-05-03T21:43:23Z" user="ayhanozates" uid="1628470" lat="37.0718924" lon="37.3723046"/>
 <node id="3529906549" visible="true" version="7" changeset="180117829" timestamp="2026-03-19T15:52:43Z" user="de24000" uid="617093" lat="37.0664920" lon="37.3606645">
  <tag k="name" v="25 Aralık Devlet Hastanesi"/>
  <tag k="public_transport" v="stop_position"/>
  <tag k="railway" v="tram_stop"/>
  <tag k="train" v="yes"/>
  <tag k="tram" v="yes"/>
  <tag k="wikidata" v="Q125340450"/>
  <tag k="wikimedia_commons" v="Category:25 Aralık Devlet Hastanesi (Gaziantep Tram)"/>
  <tag k="wikipedia" v="tr:25 Aralık Devlet Hastanesi (Gaziantep Tramvayı)"/>
 </node>
 <node id="3529906550" visible="true" version="5" changeset="150571136" timestamp="2024-04-27T09:25:03Z" user="tg4567" uid="12500589" lat="37.0687687" lon="37.3714335">
  <tag k="name" v="Gazimuhtarpaşa"/>
  <tag k="public_transport" v="stop_position"/>
  <tag k="railway" v="tram_stop"/>
  <tag k="train" v="yes"/>
  <tag k="tram" v="yes"/>
  <tag k="wikidata" v="Q125340500"/>
  <tag k="wikimedia_commons" v="Category:Gazi Muhtar Paşa (Gaziantep Tram)"/>
  <tag k="wikipedia" v="tr:Gazi Muhtar Paşa (Gaziantep Tramvayı)"/>
 </node>
 <node id="3529906551" visible="true" version="2" changeset="133491485" timestamp="2023-03-09T19:09:03Z" user="rab" uid="36894" lat="37.0685123" lon="37.3715704"/>
 <node id="3529906552" visible="true" version="2" changeset="133491485" timestamp="2023-03-09T19:09:03Z" user="rab" uid="36894" lat="37.0681840" lon="37.3715168"/>
 <node id="3529906553" visible="true" version="2" changeset="133491485" timestamp="2023-03-09T19:09:03Z" user="rab" uid="36894" lat="37.0680047" lon="37.3723735"/>
 <node id="3529906554" visible="true" version="2" changeset="133491485" timestamp="2023-03-09T19:09:03Z" user="rab" uid="36894" lat="37.0683776" lon="37.3724962"/>
 <node id="3529906555" visible="true" version="2" changeset="133491485" timestamp="2023-03-09T19:09:03Z" user="rab" uid="36894" lat="37.0684743" lon="37.3720346"/>
 <node id="3529906556" visible="true" version="4" changeset="133491485" timestamp="2023-03-09T19:09:03Z" user="rab" uid="36894" lat="37.0696137" lon="37.3728963"/>
 <node id="3529906558" visible="true" version="3" changeset="133491485" timestamp="2023-03-09T19:09:03Z" user="rab" uid="36894" lat="37.0687457" lon="37.3732096"/>
 <node id="3529906560" visible="true" version="3" changeset="133491485" timestamp="2023-03-09T19:09:03Z" user="rab" uid="36894" lat="37.0686958" lon="37.3739323"/>
 <node id="3529906561" visible="true" version="4" changeset="133491485" timestamp="2023-03-09T19:09:03Z" user="rab" uid="36894" lat="37.0690856" lon="37.3734907"/>
 <node id="3529906563" visible="true" version="4" changeset="133491485" timestamp="2023-03-09T19:09:03Z" user="rab" uid="36894" lat="37.0696227" lon="37.3733616"/>
 <node id="3529906564" visible="true" version="4" changeset="133491485" timestamp="2023-03-09T19:09:03Z" user="rab" uid="36894" lat="37.0696560" lon="37.3731086"/>
 <node id="3529906565" visible="true" version="2" changeset="132486950" timestamp="2023-02-13T12:02:57Z" user="mappinglander" uid="11978982" lat="37.0667912" lon="37.3614837"/>
 <node id="3550449672" visible="true" version="1" changeset="31500457" timestamp="2015-05-27T11:50:37Z" user="Nesim" uid="1386706" lat="37.0951654" lon="37.3401108"/>
 <node id="3550449673" visible="true" version="1" changeset="31500457" timestamp="2015-05-27T11:50:37Z" user="Nesim" uid="1386706" lat="37.0978085" lon="37.3356662"/>
 <node id="3556085579" visible="true" version="3" changeset="180117829" timestamp="2026-03-19T15:52:43Z" user="de24000" uid="617093" lat="37.0683029" lon="37.3789422">
  <tag k="railway" v="tram_level_crossing"/>
 </node>
 <node id="3556085580" visible="true" version="3" changeset="180117829" timestamp="2026-03-19T15:52:43Z" user="de24000" uid="617093" lat="37.0682874" lon="37.3790034"/>
 <node id="3556085584" visible="true" version="1" changeset="31559125" timestamp="2015-05-29T10:41:04Z" user="Nesim" uid="1386706" lat="37.0671158" lon="37.3712930"/>
 <node id="3556085585" visible="true" version="1" changeset="31559125" timestamp="2015-05-29T10:41:04Z" user="Nesim" uid="1386706" lat="37.0667749" lon="37.3711738"/>
 <node id="3556085586" visible="true" version="1" changeset="31559125" timestamp="2015-05-29T10:41:04Z" user="Nesim" uid="1386706" lat="37.0667138" lon="37.3714482"/>
 <node id="3556085587" visible="true" version="1" changeset="31559125" timestamp="2015-05-29T10:41:04Z" user="Nesim" uid="1386706" lat="37.0670547" lon="37.3715674"/>
 <node id="3558562419" visible="true" version="1" changeset="31585401" timestamp="2015-05-30T14:28:40Z" user="Nesim" uid="1386706" lat="37.0932128" lon="37.3435461"/>
 <node id="3558562420" visible="true" version="1" changeset="31585401" timestamp="2015-05-30T14:28:40Z" user="Nesim" uid="1386706" lat="37.0919416" lon="37.3455549"/>
 <node id="3558562421" visible="true" version="1" changeset="31585401" timestamp="2015-05-30T14:28:40Z" user="Nesim" uid="1386706" lat="37.0918375" lon="37.3457447"/>
 <node id="3558562429" visible="true" version="1" changeset="31585401" timestamp="2015-05-30T14:28:40Z" user="Nesim" uid="1386706" lat="37.0916956" lon="37.3460254"/>
 <node id="3558562430" visible="true" version="1" changeset="31585401" timestamp="2015-05-30T14:28:40Z" user="Nesim" uid="1386706" lat="37.0910774" lon="37.3470298"/>
 <node id="3576837145" visible="true" version="1" changeset="31768316" timestamp="2015-06-06T12:41:05Z" user="Nesim" uid="1386706" lat="37.0950415" lon="37.3403008"/>
 <node id="3576837146" visible="true" version="1" changeset="31768316" timestamp="2015-06-06T12:41:05Z" user="Nesim" uid="1386706" lat="37.0947761" lon="37.3407574"/>
 <node id="3576837147" visible="true" version="1" changeset="31768316" timestamp="2015-06-06T12:41:05Z" user="Nesim" uid="1386706" lat="37.0947761" lon="37.3407999"/>
 <node id="3576837148" visible="true" version="1" changeset="31768316" timestamp="2015-06-06T12:41:05Z" user="Nesim" uid="1386706" lat="37.0941748" lon="37.3417979"/>
 <node id="3576837149" visible="true" version="1" changeset="31768316" timestamp="2015-06-06T12:41:05Z" user="Nesim" uid="1386706" lat="37.0941183" lon="37.3419430"/>
 <node id="3576837179" visible="true" version="1" changeset="31768316" timestamp="2015-06-06T12:41:06Z" user="Nesim" uid="1386706" lat="37.0935933" lon="37.3428915"/>
 <node id="3576837180" visible="true" version="1" changeset="31768316" timestamp="2015-06-06T12:41:06Z" user="Nesim" uid="1386706" lat="37.0934578" lon="37.3431216"/>
 <node id="3576837181" visible="true" version="1" changeset="31768316" timestamp="2015-06-06T12:41:06Z" user="Nesim" uid="1386706" lat="37.0933589" lon="37.3433445"/>
 <node id="3595696667" visible="true" version="1" changeset="31975132" timestamp="2015-06-15T05:30:18Z" user="Nesim" uid="1386706" lat="37.0660879" lon="37.3689736"/>
 <node id="3595696668" visible="true" version="1" changeset="31975132" timestamp="2015-06-15T05:30:18Z" user="Nesim" uid="1386706" lat="37.0656674" lon="37.3691953"/>
 <node id="3595696669" visible="true" version="1" changeset="31975132" timestamp="2015-06-15T05:30:18Z" user="Nesim" uid="1386706" lat="37.0657402" lon="37.3693988"/>
 <node id="3595696670" visible="true" version="1" changeset="31975132" timestamp="2015-06-15T05:30:18Z" user="Nesim" uid="1386706" lat="37.0661524" lon="37.3691562"/>
 <node id="3595696671" visible="true" version="1" changeset="31975132" timestamp="2015-06-15T05:30:18Z" user="Nesim" uid="1386706" lat="37.0661419" lon="37.3681365"/>
 <node id="3595696672" visible="true" version="1" changeset="31975132" timestamp="2015-06-15T05:30:18Z" user="Nesim" uid="1386706" lat="37.0659463" lon="37.3682368"/>
 <node id="3595696673" visible="true" version="1" changeset="31975132" timestamp="2015-06-15T05:30:18Z" user="Nesim" uid="1386706" lat="37.0659975" lon="37.3683935"/>
 <node id="3595696674" visible="true" version="1" changeset="31975132" timestamp="2015-06-15T05:30:18Z" user="Nesim" uid="1386706" lat="37.0661930" lon="37.3682932"/>
 <node id="3595696675" visible="true" version="1" changeset="31975132" timestamp="2015-06-15T05:30:18Z" user="Nesim" uid="1386706" lat="37.0662534" lon="37.3685062"/>
 <node id="3595696676" visible="true" version="1" changeset="31975132" timestamp="2015-06-15T05:30:18Z" user="Nesim" uid="1386706" lat="37.0660605" lon="37.3686026"/>
 <node id="3595696677" visible="true" version="1" changeset="31975132" timestamp="2015-06-15T05:30:18Z" user="Nesim" uid="1386706" lat="37.0661104" lon="37.3687597"/>
 <node id="3595696678" visible="true" version="1" changeset="31975132" timestamp="2015-06-15T05:30:19Z" user="Nesim" uid="1386706" lat="37.0663033" lon="37.3686633"/>
 <node id="3595696679" visible="true" version="1" changeset="31975132" timestamp="2015-06-15T05:30:20Z" user="Nesim" uid="1386706" lat="37.0663308" lon="37.3687570"/>
 <node id="3595696680" visible="true" version="1" changeset="31975132" timestamp="2015-06-15T05:30:20Z" user="Nesim" uid="1386706" lat="37.0661609" lon="37.3688734"/>
 <node id="3595696681" visible="true" version="1" changeset="31975132" timestamp="2015-06-15T05:30:20Z" user="Nesim" uid="1386706" lat="37.0662512" lon="37.3690804"/>
 <node id="3595696682" visible="true" version="1" changeset="31975132" timestamp="2015-06-15T05:30:20Z" user="Nesim" uid="1386706" lat="37.0664211" lon="37.3689640"/>
 <node id="3595696683" visible="true" version="2" changeset="133373216" timestamp="2023-03-06T17:28:47Z" user="karitotp" uid="2748195" lat="37.0660503" lon="37.3688900"/>
 <node id="3595696684" visible="true" version="2" changeset="133373216" timestamp="2023-03-06T17:28:47Z" user="karitotp" uid="2748195" lat="37.0662036" lon="37.3692085"/>
 <node id="3595946485" visible="true" version="1" changeset="31978332" timestamp="2015-06-15T08:41:20Z" user="Nesim" uid="1386706" lat="37.0711281" lon="37.3697042"/>
 <node id="3595946486" visible="true" version="1" changeset="31978332" timestamp="2015-06-15T08:41:20Z" user="Nesim" uid="1386706" lat="37.0706006" lon="37.3697433"/>
 <node id="3595946487" visible="true" version="1" changeset="31978332" timestamp="2015-06-15T08:41:20Z" user="Nesim" uid="1386706" lat="37.0705252" lon="37.3702220"/>
 <node id="3595946488" visible="true" version="1" changeset="31978332" timestamp="2015-06-15T08:41:20Z" user="Nesim" uid="1386706" lat="37.0711359" lon="37.3702741"/>
 <node id="3595946489" visible="true" version="1" changeset="31978332" timestamp="2015-06-15T08:41:20Z" user="Nesim" uid="1386706" lat="37.0711529" lon="37.3692123"/>
 <node id="3595947593" visible="true" version="1" changeset="31978332" timestamp="2015-06-15T08:41:20Z" user="Nesim" uid="1386706" lat="37.0711908" lon="37.3704197"/>
 <node id="3595947594" visible="true" version="1" changeset="31978332" timestamp="2015-06-15T08:41:20Z" user="Nesim" uid="1386706" lat="37.0709488" lon="37.3692776"/>
 <node id="3595947595" visible="true" version="1" changeset="31978332" timestamp="2015-06-15T08:41:20Z" user="Nesim" uid="1386706" lat="37.0706993" lon="37.3693264"/>
 <node id="3595947596" visible="true" version="1" changeset="31978332" timestamp="2015-06-15T08:41:20Z" user="Nesim" uid="1386706" lat="37.0706473" lon="37.3694111"/>
 <node id="3595947597" visible="true" version="1" changeset="31978332" timestamp="2015-06-15T08:41:20Z" user="Nesim" uid="1386706" lat="37.0708426" lon="37.3697254"/>
 <node id="3595947598" visible="true" version="1" changeset="31978332" timestamp="2015-06-15T08:41:20Z" user="Nesim" uid="1386706" lat="37.0708032" lon="37.3693916"/>
 <node id="3595947599" visible="true" version="1" changeset="31978332" timestamp="2015-06-15T08:41:20Z" user="Nesim" uid="1386706" lat="37.0709644" lon="37.3693525"/>
 <node id="3595947608" visible="true" version="3" changeset="133563255" timestamp="2023-03-11T18:12:32Z" user="rab" uid="36894" lat="37.0706993" lon="37.3711611"/>
 <node id="3595947609" visible="true" version="3" changeset="133563255" timestamp="2023-03-11T18:12:32Z" user="rab" uid="36894" lat="37.0705756" lon="37.3711386"/>
 <node id="3595947611" visible="true" version="3" changeset="133563255" timestamp="2023-03-11T18:12:32Z" user="rab" uid="36894" lat="37.0703806" lon="37.3713964"/>
 <node id="3595947612" visible="true" version="3" changeset="133563255" timestamp="2023-03-11T18:12:32Z" user="rab" uid="36894" lat="37.0705186" lon="37.3716320"/>
 <node id="3595947613" visible="true" version="3" changeset="133563255" timestamp="2023-03-11T18:12:32Z" user="rab" uid="36894" lat="37.0706423" lon="37.3716545"/>
 <node id="3595947618" visible="true" version="3" changeset="132510668" timestamp="2023-02-13T21:49:47Z" user="karitotp" uid="2748195" lat="37.0705682" lon="37.3726298"/>
 <node id="3595947619" visible="true" version="3" changeset="132510668" timestamp="2023-02-13T21:49:47Z" user="karitotp" uid="2748195" lat="37.0702981" lon="37.3726743"/>
 <node id="3595947620" visible="true" version="3" changeset="132510668" timestamp="2023-02-13T21:49:47Z" user="karitotp" uid="2748195" lat="37.0703147" lon="37.3728326"/>
 <node id="3595947621" visible="true" version="2" changeset="132510668" timestamp="2023-02-13T21:49:47Z" user="karitotp" uid="2748195" lat="37.0703828" lon="37.3728213"/>
 <node id="3595947622" visible="true" version="2" changeset="132510668" timestamp="2023-02-13T21:49:47Z" user="karitotp" uid="2748195" lat="37.0703845" lon="37.3728374"/>
 <node id="3595947623" visible="true" version="2" changeset="132510668" timestamp="2023-02-13T21:49:47Z" user="karitotp" uid="2748195" lat="37.0705029" lon="37.3728089"/>
 <node id="3595947624" visible="true" version="2" changeset="132510668" timestamp="2023-02-13T21:49:47Z" user="karitotp" uid="2748195" lat="37.0704970" lon="37.3727526"/>
 <node id="3595947625" visible="true" version="2" changeset="132510668" timestamp="2023-02-13T21:49:47Z" user="karitotp" uid="2748195" lat="37.0705796" lon="37.3727389"/>
 <node id="3595947626" visible="true" version="3" changeset="133563255" timestamp="2023-03-11T18:12:32Z" user="rab" uid="36894" lat="37.0704126" lon="37.3719659"/>
 <node id="3595947627" visible="true" version="3" changeset="133563255" timestamp="2023-03-11T18:12:32Z" user="rab" uid="36894" lat="37.0702347" lon="37.3719449"/>
 <node id="3595947628" visible="true" version="3" changeset="133563255" timestamp="2023-03-11T18:12:32Z" user="rab" uid="36894" lat="37.0702176" lon="37.3721712"/>
 <node id="3595947629" visible="true" version="3" changeset="133563255" timestamp="2023-03-11T18:12:32Z" user="rab" uid="36894" lat="37.0703928" lon="37.3721921"/>
 <node id="3595947630" visible="true" version="3" changeset="133563255" timestamp="2023-03-11T18:12:32Z" user="rab" uid="36894" lat="37.0707474" lon="37.3719202"/>
 <node id="3595947631" visible="true" version="3" changeset="133563255" timestamp="2023-03-11T18:12:32Z" user="rab" uid="36894" lat="37.0705694" lon="37.3718985"/>
 <node id="3595947632" visible="true" version="3" changeset="133563255" timestamp="2023-03-11T18:12:32Z" user="rab" uid="36894" lat="37.0705501" lon="37.3721200"/>
 <node id="3595947633" visible="true" version="3" changeset="133563255" timestamp="2023-03-11T18:12:32Z" user="rab" uid="36894" lat="37.0707255" lon="37.3721350"/>
 <node id="3595947634" visible="true" version="2" changeset="132510668" timestamp="2023-02-13T21:49:47Z" user="karitotp" uid="2748195" lat="37.0698947" lon="37.3715692"/>
 <node id="3595947635" visible="true" version="2" changeset="132510668" timestamp="2023-02-13T21:49:47Z" user="karitotp" uid="2748195" lat="37.0694578" lon="37.3714540"/>
 <node id="3595947636" visible="true" version="2" changeset="132510668" timestamp="2023-02-13T21:49:47Z" user="karitotp" uid="2748195" lat="37.0695541" lon="37.3708799"/>
 <node id="3595947637" visible="true" version="2" changeset="132510668" timestamp="2023-02-13T21:49:47Z" user="karitotp" uid="2748195" lat="37.0696699" lon="37.3709104"/>
 <node id="3595947638" visible="true" version="2" changeset="132510668" timestamp="2023-02-13T21:49:47Z" user="karitotp" uid="2748195" lat="37.0696798" lon="37.3708511"/>
 <node id="3595947639" visible="true" version="2" changeset="132510668" timestamp="2023-02-13T21:49:47Z" user="karitotp" uid="2748195" lat="37.0698859" lon="37.3709054"/>
 <node id="3595947640" visible="true" version="2" changeset="132510668" timestamp="2023-02-13T21:49:47Z" user="karitotp" uid="2748195" lat="37.0698701" lon="37.3709999"/>
 <node id="3595947641" visible="true" version="2" changeset="132510668" timestamp="2023-02-13T21:49:47Z" user="karitotp" uid="2748195" lat="37.0699851" lon="37.3710302"/>
 <node id="3595947642" visible="true" version="1" changeset="31978332" timestamp="2015-06-15T08:41:21Z" user="Nesim" uid="1386706" lat="37.0678973" lon="37.3720619"/>
 <node id="3595947643" visible="true" version="1" changeset="31978332" timestamp="2015-06-15T08:41:21Z" user="Nesim" uid="1386706" lat="37.0674084" lon="37.3718948"/>
 <node id="3595947644" visible="true" version="1" changeset="31978332" timestamp="2015-06-15T08:41:21Z" user="Nesim" uid="1386706" lat="37.0673429" lon="37.3721956"/>
 <node id="3595947645" visible="true" version="1" changeset="31978332" timestamp="2015-06-15T08:41:21Z" user="Nesim" uid="1386706" lat="37.0678318" lon="37.3723627"/>
 <node id="3595947646" visible="true" version="1" changeset="31978332" timestamp="2015-06-15T08:41:21Z" user="Nesim" uid="1386706" lat="37.0676709" lon="37.3724576"/>
 <node id="3595947647" visible="true" version="1" changeset="31978332" timestamp="2015-06-15T08:41:21Z" user="Nesim" uid="1386706" lat="37.0673318" lon="37.3723550"/>
 <node id="3595947648" visible="true" version="1" changeset="31978332" timestamp="2015-06-15T08:41:21Z" user="Nesim" uid="1386706" lat="37.0672838" lon="37.3726041"/>
 <node id="3595947649" visible="true" version="1" changeset="31978332" timestamp="2015-06-15T08:41:21Z" user="Nesim" uid="1386706" lat="37.0676229" lon="37.3727067"/>
 <node id="3595947650" visible="true" version="1" changeset="31978332" timestamp="2015-06-15T08:41:21Z" user="Nesim" uid="1386706" lat="37.0680086" lon="37.3715758"/>
 <node id="3595947651" visible="true" version="1" changeset="31978332" timestamp="2015-06-15T08:41:21Z" user="Nesim" uid="1386706" lat="37.0676221" lon="37.3714500"/>
 <node id="3595947652" visible="true" version="1" changeset="31978332" timestamp="2015-06-15T08:41:21Z" user="Nesim" uid="1386706" lat="37.0676074" lon="37.3715212"/>
 <node id="3595947653" visible="true" version="1" changeset="31978332" timestamp="2015-06-15T08:41:21Z" user="Nesim" uid="1386706" lat="37.0674897" lon="37.3714829"/>
 <node id="3595947654" visible="true" version="1" changeset="31978332" timestamp="2015-06-15T08:41:21Z" user="Nesim" uid="1386706" lat="37.0674382" lon="37.3717319"/>
 <node id="3595947655" visible="true" version="1" changeset="31978332" timestamp="2015-06-15T08:41:21Z" user="Nesim" uid="1386706" lat="37.0679422" lon="37.3718959"/>
 <node id="3595947656" visible="true" version="2" changeset="133491485" timestamp="2023-03-09T19:09:03Z" user="rab" uid="36894" lat="37.0678799" lon="37.3735954"/>
 <node id="3595947657" visible="true" version="2" changeset="133491485" timestamp="2023-03-09T19:09:03Z" user="rab" uid="36894" lat="37.0678221" lon="37.3734692"/>
 <node id="3595947658" visible="true" version="2" changeset="133491485" timestamp="2023-03-09T19:09:03Z" user="rab" uid="36894" lat="37.0677238" lon="37.3733345"/>
 <node id="3595947659" visible="true" version="2" changeset="133491485" timestamp="2023-03-09T19:09:03Z" user="rab" uid="36894" lat="37.0675970" lon="37.3732307"/>
 <node id="3595947660" visible="true" version="2" changeset="133491485" timestamp="2023-03-09T19:09:03Z" user="rab" uid="36894" lat="37.0674713" lon="37.3731751"/>
 <node id="3595947661" visible="true" version="2" changeset="133491485" timestamp="2023-03-09T19:09:03Z" user="rab" uid="36894" lat="37.0673117" lon="37.3731568"/>
 <node id="3595947662" visible="true" version="2" changeset="133491485" timestamp="2023-03-09T19:09:03Z" user="rab" uid="36894" lat="37.0671595" lon="37.3731904"/>
 <node id="3595947663" visible="true" version="2" changeset="133491485" timestamp="2023-03-09T19:09:03Z" user="rab" uid="36894" lat="37.0670589" lon="37.3732431"/>
 <node id="3595947664" visible="true" version="2" changeset="133491485" timestamp="2023-03-09T19:09:03Z" user="rab" uid="36894" lat="37.0671529" lon="37.3734176"/>
 <node id="3595947665" visible="true" version="2" changeset="133491485" timestamp="2023-03-09T19:09:03Z" user="rab" uid="36894" lat="37.0672535" lon="37.3733882"/>
 <node id="3595947666" visible="true" version="2" changeset="133491485" timestamp="2023-03-09T19:09:03Z" user="rab" uid="36894" lat="37.0673846" lon="37.3733928"/>
 <node id="3595947667" visible="true" version="2" changeset="133491485" timestamp="2023-03-09T19:09:03Z" user="rab" uid="36894" lat="37.0675192" lon="37.3734499"/>
 <node id="3595947668" visible="true" version="2" changeset="133491485" timestamp="2023-03-09T19:09:03Z" user="rab" uid="36894" lat="37.0675796" lon="37.3734974"/>
 <node id="3595947669" visible="true" version="2" changeset="133491485" timestamp="2023-03-09T19:09:03Z" user="rab" uid="36894" lat="37.0676977" lon="37.3736591"/>
 <node id="3595947670" visible="true" version="2" changeset="133491485" timestamp="2023-03-09T19:09:03Z" user="rab" uid="36894" lat="37.0674627" lon="37.3736491"/>
 <node id="3595947671" visible="true" version="2" changeset="133491485" timestamp="2023-03-09T19:09:03Z" user="rab" uid="36894" lat="37.0670953" lon="37.3741117"/>
 <node id="3595947672" visible="true" version="2" changeset="133491485" timestamp="2023-03-09T19:09:03Z" user="rab" uid="36894" lat="37.0672548" lon="37.3743106"/>
 <node id="3595947673" visible="true" version="2" changeset="133491485" timestamp="2023-03-09T19:09:03Z" user="rab" uid="36894" lat="37.0676221" lon="37.3738479"/>
 <node id="3595947675" visible="true" version="2" changeset="148265066" timestamp="2024-03-05T19:30:57Z" user="Ygmr01" uid="20742614" lat="37.0671028" lon="37.3746162"/>
 <node id="3595947676" visible="true" version="2" changeset="148265066" timestamp="2024-03-05T19:30:57Z" user="Ygmr01" uid="20742614" lat="37.0666456" lon="37.3751291"/>
 <node id="3595947677" visible="true" version="2" changeset="148265066" timestamp="2024-03-05T19:30:57Z" user="Ygmr01" uid="20742614" lat="37.0664943" lon="37.3752827"/>
 <node id="3595947828" visible="true" version="3" changeset="133451417" timestamp="2023-03-08T18:24:52Z" user="rab" uid="36894" lat="37.0666128" lon="37.3712269"/>
 <node id="3595947835" visible="true" version="1" changeset="31978332" timestamp="2015-06-15T08:41:22Z" user="Nesim" uid="1386706" lat="37.0666324" lon="37.3718295"/>
 <node id="3595947836" visible="true" version="1" changeset="31978332" timestamp="2015-06-15T08:41:22Z" user="Nesim" uid="1386706" lat="37.0660334" lon="37.3716662"/>
 <node id="3595947837" visible="true" version="1" changeset="31978332" timestamp="2015-06-15T08:41:22Z" user="Nesim" uid="1386706" lat="37.0669749" lon="37.3717235"/>
 <node id="3595947838" visible="true" version="1" changeset="31978332" timestamp="2015-06-15T08:41:22Z" user="Nesim" uid="1386706" lat="37.0668187" lon="37.3716695"/>
 <node id="3595947839" visible="true" version="1" changeset="31978332" timestamp="2015-06-15T08:41:22Z" user="Nesim" uid="1386706" lat="37.0667578" lon="37.3719459"/>
 <node id="3595947840" visible="true" version="1" changeset="31978332" timestamp="2015-06-15T08:41:22Z" user="Nesim" uid="1386706" lat="37.0669140" lon="37.3719999"/>
 <node id="3595947841" visible="true" version="1" changeset="31978332" timestamp="2015-06-15T08:41:22Z" user="Nesim" uid="1386706" lat="37.0668815" lon="37.3721734"/>
 <node id="3595947842" visible="true" version="1" changeset="31978332" timestamp="2015-06-15T08:41:22Z" user="Nesim" uid="1386706" lat="37.0667160" lon="37.3721216"/>
 <node id="3595947843" visible="true" version="1" changeset="31978332" timestamp="2015-06-15T08:41:22Z" user="Nesim" uid="1386706" lat="37.0666561" lon="37.3724218"/>
 <node id="3595947844" visible="true" version="1" changeset="31978332" timestamp="2015-06-15T08:41:22Z" user="Nesim" uid="1386706" lat="37.0668216" lon="37.3724737"/>
 <node id="3599860617" visible="true" version="5" changeset="147628020" timestamp="2024-02-18T23:06:47Z" user="c_ogzhn61" uid="10123082" lat="37.0698674" lon="37.3726600">
  <tag k="name" v="İncili Pınar"/>
  <tag k="place" v="locality"/>
 </node>
 <node id="3599860663" visible="true" version="1" changeset="32021565" timestamp="2015-06-17T05:34:50Z" user="Nesim" uid="1386706" lat="37.0669231" lon="37.3687507"/>
 <node id="3599860664" visible="true" version="1" changeset="32021565" timestamp="2015-06-17T05:34:50Z" user="Nesim" uid="1386706" lat="37.0671906" lon="37.3685467"/>
 <node id="3599860665" visible="true" version="1" changeset="32021565" timestamp="2015-06-17T05:34:50Z" user="Nesim" uid="1386706" lat="37.0674185" lon="37.3683339"/>
 <node id="3599864635" visible="true" version="5" changeset="162112482" timestamp="2025-02-04T07:00:39Z" user="hmdgms" uid="13819895" lat="37.0685276" lon="37.3681890">
  <tag k="name" v="Değirmiçem"/>
  <tag k="place" v="suburb"/>
 </node>
 <node id="3604590809" visible="true" version="2" changeset="133269749" timestamp="2023-03-03T20:43:58Z" user="karitotp" uid="2748195" lat="37.0704401" lon="37.3664232"/>
 <node id="3604590911" visible="true" version="3" changeset="133269749" timestamp="2023-03-03T20:43:58Z" user="karitotp" uid="2748195" lat="37.0699090" lon="37.3676659"/>
 <node id="3604590912" visible="true" version="3" changeset="133269749" timestamp="2023-03-03T20:43:58Z" user="karitotp" uid="2748195" lat="37.0697625" lon="37.3677820"/>
 <node id="3604590913" visible="true" version="3" changeset="133269749" timestamp="2023-03-03T20:43:58Z" user="karitotp" uid="2748195" lat="37.0698855" lon="37.3680258"/>
 <node id="3604590914" visible="true" version="3" changeset="133269749" timestamp="2023-03-03T20:43:58Z" user="karitotp" uid="2748195" lat="37.0700320" lon="37.3679097"/>
 <node id="3604590915" visible="true" version="3" changeset="133269749" timestamp="2023-03-03T20:43:58Z" user="karitotp" uid="2748195" lat="37.0696756" lon="37.3678780"/>
 <node id="3604590916" visible="true" version="3" changeset="133269749" timestamp="2023-03-03T20:43:58Z" user="karitotp" uid="2748195" lat="37.0695152" lon="37.3679972"/>
 <node id="3604590917" visible="true" version="3" changeset="133269749" timestamp="2023-03-03T20:43:58Z" user="karitotp" uid="2748195" lat="37.0695975" lon="37.3681713"/>
 <node id="3604590918" visible="true" version="3" changeset="133269749" timestamp="2023-03-03T20:43:58Z" user="karitotp" uid="2748195" lat="37.0697739" lon="37.3680859"/>
 <node id="3604659224" visible="true" version="3" changeset="133269749" timestamp="2023-03-03T20:43:58Z" user="karitotp" uid="2748195" lat="37.0703838" lon="37.3679255"/>
 <node id="3604659226" visible="true" version="3" changeset="133269749" timestamp="2023-03-03T20:43:58Z" user="karitotp" uid="2748195" lat="37.0702498" lon="37.3679338"/>
 <node id="3604659227" visible="true" version="3" changeset="133269749" timestamp="2023-03-03T20:43:58Z" user="karitotp" uid="2748195" lat="37.0702599" lon="37.3681915"/>
 <node id="3604659228" visible="true" version="3" changeset="133269749" timestamp="2023-03-03T20:43:58Z" user="karitotp" uid="2748195" lat="37.0703939" lon="37.3681832"/>
 <node id="3604659231" visible="true" version="3" changeset="133269749" timestamp="2023-03-03T20:43:58Z" user="karitotp" uid="2748195" lat="37.0703894" lon="37.3683962"/>
 <node id="3604659232" visible="true" version="3" changeset="133269749" timestamp="2023-03-03T20:43:58Z" user="karitotp" uid="2748195" lat="37.0701694" lon="37.3684083"/>
 <node id="3604659233" visible="true" version="3" changeset="133269749" timestamp="2023-03-03T20:43:58Z" user="karitotp" uid="2748195" lat="37.0701753" lon="37.3685766"/>
 <node id="3604659234" visible="true" version="3" changeset="133269749" timestamp="2023-03-03T20:43:58Z" user="karitotp" uid="2748195" lat="37.0703953" lon="37.3685645"/>
 <node id="3604659235" visible="true" version="3" changeset="133269749" timestamp="2023-03-03T20:43:58Z" user="karitotp" uid="2748195" lat="37.0699959" lon="37.3681414"/>
 <node id="3604659237" visible="true" version="3" changeset="133269749" timestamp="2023-03-03T20:43:58Z" user="karitotp" uid="2748195" lat="37.0698571" lon="37.3684643"/>
 <node id="3604659238" visible="true" version="3" changeset="133269749" timestamp="2023-03-03T20:43:58Z" user="karitotp" uid="2748195" lat="37.0698161" lon="37.3682361"/>
 <node id="3604659239" visible="true" version="3" changeset="133269749" timestamp="2023-03-03T20:43:58Z" user="karitotp" uid="2748195" lat="37.0700756" lon="37.3686416"/>
 <node id="3604659240" visible="true" version="3" changeset="133269749" timestamp="2023-03-03T20:43:58Z" user="karitotp" uid="2748195" lat="37.0698656" lon="37.3686632"/>
 <node id="3604659241" visible="true" version="3" changeset="133269749" timestamp="2023-03-03T20:43:58Z" user="karitotp" uid="2748195" lat="37.0698773" lon="37.3688427"/>
 <node id="3604659242" visible="true" version="3" changeset="133269749" timestamp="2023-03-03T20:43:58Z" user="karitotp" uid="2748195" lat="37.0700874" lon="37.3688210"/>
 <node id="3604659243" visible="true" version="3" changeset="133269749" timestamp="2023-03-03T20:43:58Z" user="karitotp" uid="2748195" lat="37.0700835" lon="37.3689753"/>
 <node id="3604659244" visible="true" version="3" changeset="133269749" timestamp="2023-03-03T20:43:58Z" user="karitotp" uid="2748195" lat="37.0698747" lon="37.3689840"/>
 <node id="3604659245" visible="true" version="3" changeset="133269749" timestamp="2023-03-03T20:43:58Z" user="karitotp" uid="2748195" lat="37.0698810" lon="37.3692230"/>
 <node id="3604659246" visible="true" version="3" changeset="133269749" timestamp="2023-03-03T20:43:58Z" user="karitotp" uid="2748195" lat="37.0700898" lon="37.3692142"/>
 <node id="3604659247" visible="true" version="3" changeset="133269749" timestamp="2023-03-03T20:43:58Z" user="karitotp" uid="2748195" lat="37.0704067" lon="37.3686986"/>
 <node id="3604659248" visible="true" version="3" changeset="133269749" timestamp="2023-03-03T20:43:58Z" user="karitotp" uid="2748195" lat="37.0701980" lon="37.3687100"/>
 <node id="3604659249" visible="true" version="3" changeset="133269749" timestamp="2023-03-03T20:43:58Z" user="karitotp" uid="2748195" lat="37.0702042" lon="37.3688872"/>
 <node id="3604659251" visible="true" version="3" changeset="133269749" timestamp="2023-03-03T20:43:58Z" user="karitotp" uid="2748195" lat="37.0704260" lon="37.3690302"/>
 <node id="3604659252" visible="true" version="3" changeset="133269749" timestamp="2023-03-03T20:43:58Z" user="karitotp" uid="2748195" lat="37.0702129" lon="37.3690419"/>
 <node id="3604659253" visible="true" version="3" changeset="133269749" timestamp="2023-03-03T20:43:58Z" user="karitotp" uid="2748195" lat="37.0702213" lon="37.3692828"/>
 <node id="3604659254" visible="true" version="3" changeset="133269749" timestamp="2023-03-03T20:43:58Z" user="karitotp" uid="2748195" lat="37.0704344" lon="37.3692711"/>
 <node id="3604659255" visible="true" version="2" changeset="132510668" timestamp="2023-02-13T21:49:47Z" user="karitotp" uid="2748195" lat="37.0697926" lon="37.3704239"/>
 <node id="3604659256" visible="true" version="2" changeset="132510668" timestamp="2023-02-13T21:49:47Z" user="karitotp" uid="2748195" lat="37.0696033" lon="37.3704273"/>
 <node id="3604659257" visible="true" version="2" changeset="132510668" timestamp="2023-02-13T21:49:47Z" user="karitotp" uid="2748195" lat="37.0696062" lon="37.3706820"/>
 <node id="3604659258" visible="true" version="2" changeset="132510668" timestamp="2023-02-13T21:49:47Z" user="karitotp" uid="2748195" lat="37.0697955" lon="37.3706786"/>
 <node id="3604659259" visible="true" version="2" changeset="132510668" timestamp="2023-02-13T21:49:47Z" user="karitotp" uid="2748195" lat="37.0701210" lon="37.3704727"/>
 <node id="3604659260" visible="true" version="2" changeset="132510668" timestamp="2023-02-13T21:49:47Z" user="karitotp" uid="2748195" lat="37.0699340" lon="37.3704309"/>
 <node id="3604659261" visible="true" version="2" changeset="132510668" timestamp="2023-02-13T21:49:47Z" user="karitotp" uid="2748195" lat="37.0698959" lon="37.3706989"/>
 <node id="3604659262" visible="true" version="2" changeset="132510668" timestamp="2023-02-13T21:49:47Z" user="karitotp" uid="2748195" lat="37.0700828" lon="37.3707407"/>
 <node id="3606989073" visible="true" version="1" changeset="32095102" timestamp="2015-06-20T11:12:15Z" user="Nesim" uid="1386706" lat="37.0658152" lon="37.3683089"/>
 <node id="3606989074" visible="true" version="1" changeset="32095102" timestamp="2015-06-20T11:12:15Z" user="Nesim" uid="1386706" lat="37.0656684" lon="37.3683824"/>
 <node id="3606989075" visible="true" version="1" changeset="32095102" timestamp="2015-06-20T11:12:15Z" user="Nesim" uid="1386706" lat="37.0657409" lon="37.3686101"/>
 <node id="3606989076" visible="true" version="1" changeset="32095102" timestamp="2015-06-20T11:12:15Z" user="Nesim" uid="1386706" lat="37.0658878" lon="37.3685366"/>
 <node id="3606989077" visible="true" version="1" changeset="32095102" timestamp="2015-06-20T11:12:15Z" user="Nesim" uid="1386706" lat="37.0655720" lon="37.3684222"/>
 <node id="3606989078" visible="true" version="1" changeset="32095102" timestamp="2015-06-20T11:12:15Z" user="Nesim" uid="1386706" lat="37.0654368" lon="37.3684866"/>
 <node id="3606989079" visible="true" version="1" changeset="32095102" timestamp="2015-06-20T11:12:15Z" user="Nesim" uid="1386706" lat="37.0655098" lon="37.3687273"/>
 <node id="3606989080" visible="true" version="1" changeset="32095102" timestamp="2015-06-20T11:12:15Z" user="Nesim" uid="1386706" lat="37.0656450" lon="37.3686629"/>
 <node id="3606989081" visible="true" version="1" changeset="32095102" timestamp="2015-06-20T11:12:15Z" user="Nesim" uid="1386706" lat="37.0657933" lon="37.3687036"/>
 <node id="3606989082" visible="true" version="1" changeset="32095102" timestamp="2015-06-20T11:12:15Z" user="Nesim" uid="1386706" lat="37.0658651" lon="37.3689316"/>
 <node id="3606989083" visible="true" version="1" changeset="32095102" timestamp="2015-06-20T11:12:15Z" user="Nesim" uid="1386706" lat="37.0660059" lon="37.3688620"/>
 <node id="3606989084" visible="true" version="1" changeset="32095102" timestamp="2015-06-20T11:12:15Z" user="Nesim" uid="1386706" lat="37.0659341" lon="37.3686339"/>
 <node id="3606989085" visible="true" version="1" changeset="32095102" timestamp="2015-06-20T11:12:15Z" user="Nesim" uid="1386706" lat="37.0656755" lon="37.3687841"/>
 <node id="3606989086" visible="true" version="1" changeset="32095102" timestamp="2015-06-20T11:12:15Z" user="Nesim" uid="1386706" lat="37.0655604" lon="37.3688414"/>
 <node id="3606989087" visible="true" version="1" changeset="32095102" timestamp="2015-06-20T11:12:15Z" user="Nesim" uid="1386706" lat="37.0656293" lon="37.3690588"/>
 <node id="3606989088" visible="true" version="1" changeset="32095102" timestamp="2015-06-20T11:12:15Z" user="Nesim" uid="1386706" lat="37.0657444" lon="37.3690015"/>
 <node id="3606989089" visible="true" version="1" changeset="32095102" timestamp="2015-06-20T11:12:15Z" user="Nesim" uid="1386706" lat="37.0653188" lon="37.3685316"/>
 <node id="3606989090" visible="true" version="1" changeset="32095102" timestamp="2015-06-20T11:12:15Z" user="Nesim" uid="1386706" lat="37.0651989" lon="37.3685845"/>
 <node id="3606989091" visible="true" version="1" changeset="32095102" timestamp="2015-06-20T11:12:15Z" user="Nesim" uid="1386706" lat="37.0652639" lon="37.3688157"/>
 <node id="3606989092" visible="true" version="1" changeset="32095102" timestamp="2015-06-20T11:12:15Z" user="Nesim" uid="1386706" lat="37.0653838" lon="37.3687628"/>
 <node id="3606989393" visible="true" version="1" changeset="32095102" timestamp="2015-06-20T11:12:15Z" user="Nesim" uid="1386706" lat="37.0650959" lon="37.3686293"/>
 <node id="3606989394" visible="true" version="1" changeset="32095102" timestamp="2015-06-20T11:12:15Z" user="Nesim" uid="1386706" lat="37.0649358" lon="37.3686774"/>
 <node id="3606989395" visible="true" version="1" changeset="32095102" timestamp="2015-06-20T11:12:15Z" user="Nesim" uid="1386706" lat="37.0649807" lon="37.3689125"/>
 <node id="3606989396" visible="true" version="1" changeset="32095102" timestamp="2015-06-20T11:12:15Z" user="Nesim" uid="1386706" lat="37.0651409" lon="37.3688644"/>
 <node id="3606989397" visible="true" version="1" changeset="32095102" timestamp="2015-06-20T11:12:15Z" user="Nesim" uid="1386706" lat="37.0651664" lon="37.3690279"/>
 <node id="3606989398" visible="true" version="1" changeset="32095102" timestamp="2015-06-20T11:12:15Z" user="Nesim" uid="1386706" lat="37.0650177" lon="37.3690755"/>
 <node id="3606989399" visible="true" version="1" changeset="32095102" timestamp="2015-06-20T11:12:15Z" user="Nesim" uid="1386706" lat="37.0650648" lon="37.3693072"/>
 <node id="3606989400" visible="true" version="1" changeset="32095102" timestamp="2015-06-20T11:12:15Z" user="Nesim" uid="1386706" lat="37.0652136" lon="37.3692597"/>
 <node id="3606989401" visible="true" version="1" changeset="32095102" timestamp="2015-06-20T11:12:15Z" user="Nesim" uid="1386706" lat="37.0654445" lon="37.3689126"/>
 <node id="3606989402" visible="true" version="1" changeset="32095102" timestamp="2015-06-20T11:12:15Z" user="Nesim" uid="1386706" lat="37.0653037" lon="37.3689683"/>
 <node id="3606989403" visible="true" version="1" changeset="32095102" timestamp="2015-06-20T11:12:15Z" user="Nesim" uid="1386706" lat="37.0653588" lon="37.3691876"/>
 <node id="3606989404" visible="true" version="1" changeset="32095102" timestamp="2015-06-20T11:12:15Z" user="Nesim" uid="1386706" lat="37.0654997" lon="37.3691320"/>
 <node id="3606989405" visible="true" version="1" changeset="32095102" timestamp="2015-06-20T11:12:15Z" user="Nesim" uid="1386706" lat="37.0666292" lon="37.3685673"/>
 <node id="3606989406" visible="true" version="1" changeset="32095102" timestamp="2015-06-20T11:12:15Z" user="Nesim" uid="1386706" lat="37.0664370" lon="37.3686583"/>
 <node id="3606989407" visible="true" version="1" changeset="32095102" timestamp="2015-06-20T11:12:15Z" user="Nesim" uid="1386706" lat="37.0665004" lon="37.3688687"/>
 <node id="3606989408" visible="true" version="1" changeset="32095102" timestamp="2015-06-20T11:12:15Z" user="Nesim" uid="1386706" lat="37.0666926" lon="37.3687777"/>
 <node id="3606989409" visible="true" version="1" changeset="32095102" timestamp="2015-06-20T11:12:15Z" user="Nesim" uid="1386706" lat="37.0648506" lon="37.3732458"/>
 <node id="3606989410" visible="true" version="1" changeset="32095102" timestamp="2015-06-20T11:12:15Z" user="Nesim" uid="1386706" lat="37.0648353" lon="37.3733394"/>
 <node id="3606989411" visible="true" version="1" changeset="32095102" timestamp="2015-06-20T11:12:15Z" user="Nesim" uid="1386706" lat="37.0648219" lon="37.3734474"/>
 <node id="3606989412" visible="true" version="1" changeset="32095102" timestamp="2015-06-20T11:12:15Z" user="Nesim" uid="1386706" lat="37.0649023" lon="37.3738435"/>
 <node id="3606989413" visible="true" version="1" changeset="32095102" timestamp="2015-06-20T11:12:15Z" user="Nesim" uid="1386706" lat="37.0650900" lon="37.3737259"/>
 <node id="3606989414" visible="true" version="1" changeset="32095102" timestamp="2015-06-20T11:12:15Z" user="Nesim" uid="1386706" lat="37.0650211" lon="37.3733034"/>
 <node id="3606989415" visible="true" version="1" changeset="32095102" timestamp="2015-06-20T11:12:15Z" user="Nesim" uid="1386706" lat="37.0651820" lon="37.3726456"/>
 <node id="3606989416" visible="true" version="1" changeset="32095102" timestamp="2015-06-20T11:12:15Z" user="Nesim" uid="1386706" lat="37.0650900" lon="37.3731449"/>
 <node id="3606989417" visible="true" version="1" changeset="32095102" timestamp="2015-06-20T11:12:15Z" user="Nesim" uid="1386706" lat="37.0650268" lon="37.3731929"/>
 <node id="3606989418" visible="true" version="1" changeset="32095102" timestamp="2015-06-20T11:12:15Z" user="Nesim" uid="1386706" lat="37.0649061" lon="37.3731665"/>
 <node id="3606989419" visible="true" version="1" changeset="32095102" timestamp="2015-06-20T11:12:15Z" user="Nesim" uid="1386706" lat="37.0648698" lon="37.3730921"/>
 <node id="3606989420" visible="true" version="1" changeset="32095102" timestamp="2015-06-20T11:12:15Z" user="Nesim" uid="1386706" lat="37.0649368" lon="37.3726240"/>
 <node id="3606989421" visible="true" version="1" changeset="32095102" timestamp="2015-06-20T11:12:15Z" user="Nesim" uid="1386706" lat="37.0649904" lon="37.3725928"/>
 <node id="3606989437" visible="true" version="1" changeset="32095102" timestamp="2015-06-20T11:12:16Z" user="Nesim" uid="1386706" lat="37.0657742" lon="37.3716786"/>
 <node id="3606989438" visible="true" version="1" changeset="32095102" timestamp="2015-06-20T11:12:16Z" user="Nesim" uid="1386706" lat="37.0655100" lon="37.3715924"/>
 <node id="3606989439" visible="true" version="1" changeset="32095102" timestamp="2015-06-20T11:12:16Z" user="Nesim" uid="1386706" lat="37.0654514" lon="37.3718747"/>
 <node id="3606989440" visible="true" version="1" changeset="32095102" timestamp="2015-06-20T11:12:16Z" user="Nesim" uid="1386706" lat="37.0657155" lon="37.3719609"/>
 <node id="3606989441" visible="true" version="1" changeset="32095102" timestamp="2015-06-20T11:12:16Z" user="Nesim" uid="1386706" lat="37.0656751" lon="37.3721414"/>
 <node id="3606989442" visible="true" version="1" changeset="32095102" timestamp="2015-06-20T11:12:16Z" user="Nesim" uid="1386706" lat="37.0654020" lon="37.3720630"/>
 <node id="3606989443" visible="true" version="1" changeset="32095102" timestamp="2015-06-20T11:12:16Z" user="Nesim" uid="1386706" lat="37.0653535" lon="37.3723279"/>
 <node id="3606989444" visible="true" version="1" changeset="32095102" timestamp="2015-06-20T11:12:16Z" user="Nesim" uid="1386706" lat="37.0656267" lon="37.3724064"/>
 <node id="3607063096" visible="true" version="2" changeset="133373216" timestamp="2023-03-06T17:28:47Z" user="karitotp" uid="2748195" lat="37.0652635" lon="37.3694345"/>
 <node id="3607063097" visible="true" version="2" changeset="133373216" timestamp="2023-03-06T17:28:47Z" user="karitotp" uid="2748195" lat="37.0650829" lon="37.3695037"/>
 <node id="3607063098" visible="true" version="2" changeset="133373216" timestamp="2023-03-06T17:28:47Z" user="karitotp" uid="2748195" lat="37.0651263" lon="37.3696818"/>
 <node id="3607063099" visible="true" version="2" changeset="133373216" timestamp="2023-03-06T17:28:47Z" user="karitotp" uid="2748195" lat="37.0653070" lon="37.3696126"/>
 <node id="3607063100" visible="true" version="1" changeset="32095851" timestamp="2015-06-20T12:01:12Z" user="Nesim" uid="1386706" lat="37.0655506" lon="37.3693641"/>
 <node id="3607063101" visible="true" version="1" changeset="32095851" timestamp="2015-06-20T12:01:12Z" user="Nesim" uid="1386706" lat="37.0654030" lon="37.3694301"/>
 <node id="3607063102" visible="true" version="1" changeset="32095851" timestamp="2015-06-20T12:01:12Z" user="Nesim" uid="1386706" lat="37.0654499" lon="37.3695953"/>
 <node id="3607063103" visible="true" version="1" changeset="32095851" timestamp="2015-06-20T12:01:12Z" user="Nesim" uid="1386706" lat="37.0655976" lon="37.3695294"/>
 <node id="3607063104" visible="true" version="2" changeset="133373216" timestamp="2023-03-06T17:28:47Z" user="karitotp" uid="2748195" lat="37.0656665" lon="37.3696972"/>
 <node id="3607063105" visible="true" version="2" changeset="133373216" timestamp="2023-03-06T17:28:47Z" user="karitotp" uid="2748195" lat="37.0654671" lon="37.3697593"/>
 <node id="3607063106" visible="true" version="2" changeset="133373216" timestamp="2023-03-06T17:28:47Z" user="karitotp" uid="2748195" lat="37.0654983" lon="37.3699168"/>
 <node id="3607063107" visible="true" version="2" changeset="133373216" timestamp="2023-03-06T17:28:47Z" user="karitotp" uid="2748195" lat="37.0656977" lon="37.3698546"/>
 <node id="3607063108" visible="true" version="2" changeset="133373216" timestamp="2023-03-06T17:28:47Z" user="karitotp" uid="2748195" lat="37.0653692" lon="37.3700886"/>
 <node id="3607063109" visible="true" version="2" changeset="133373216" timestamp="2023-03-06T17:28:47Z" user="karitotp" uid="2748195" lat="37.0651556" lon="37.3701380"/>
 <node id="3607063110" visible="true" version="2" changeset="133373216" timestamp="2023-03-06T17:28:47Z" user="karitotp" uid="2748195" lat="37.0651932" lon="37.3703935"/>
 <node id="3607063111" visible="true" version="2" changeset="133373216" timestamp="2023-03-06T17:28:47Z" user="karitotp" uid="2748195" lat="37.0654068" lon="37.3703441"/>
 <node id="3607063117" visible="true" version="2" changeset="133373216" timestamp="2023-03-06T17:28:47Z" user="karitotp" uid="2748195" lat="37.0657681" lon="37.3700432"/>
 <node id="3607063118" visible="true" version="2" changeset="133373216" timestamp="2023-03-06T17:28:47Z" user="karitotp" uid="2748195" lat="37.0656018" lon="37.3700728"/>
 <node id="3607063119" visible="true" version="2" changeset="133373216" timestamp="2023-03-06T17:28:47Z" user="karitotp" uid="2748195" lat="37.0656313" lon="37.3703327"/>
 <node id="3607063120" visible="true" version="2" changeset="133373216" timestamp="2023-03-06T17:28:47Z" user="karitotp" uid="2748195" lat="37.0657976" lon="37.3703030"/>
 <node id="3607063121" visible="true" version="1" changeset="32095851" timestamp="2015-06-20T12:01:12Z" user="Nesim" uid="1386706" lat="37.0664299" lon="37.3679414"/>
 <node id="3607063122" visible="true" version="1" changeset="32095851" timestamp="2015-06-20T12:01:12Z" user="Nesim" uid="1386706" lat="37.0662286" lon="37.3680449"/>
 <node id="3607063123" visible="true" version="1" changeset="32095851" timestamp="2015-06-20T12:01:12Z" user="Nesim" uid="1386706" lat="37.0662754" lon="37.3681880"/>
 <node id="3607063124" visible="true" version="1" changeset="32095851" timestamp="2015-06-20T12:01:12Z" user="Nesim" uid="1386706" lat="37.0664767" lon="37.3680845"/>
 <node id="3607063125" visible="true" version="1" changeset="32095851" timestamp="2015-06-20T12:01:12Z" user="Nesim" uid="1386706" lat="37.0665176" lon="37.3682624"/>
 <node id="3607063126" visible="true" version="1" changeset="32095851" timestamp="2015-06-20T12:01:12Z" user="Nesim" uid="1386706" lat="37.0663340" lon="37.3683597"/>
 <node id="3607063127" visible="true" version="1" changeset="32095851" timestamp="2015-06-20T12:01:12Z" user="Nesim" uid="1386706" lat="37.0663898" lon="37.3685251"/>
 <node id="3607063128" visible="true" version="1" changeset="32095851" timestamp="2015-06-20T12:01:12Z" user="Nesim" uid="1386706" lat="37.0665734" lon="37.3684278"/>
 <node id="3610208372" visible="true" version="3" changeset="132598003" timestamp="2023-02-15T19:30:54Z" user="rab" uid="36894" lat="37.0706710" lon="37.3683838"/>
 <node id="3610208374" visible="true" version="3" changeset="132598003" timestamp="2023-02-15T19:30:54Z" user="rab" uid="36894" lat="37.0715018" lon="37.3690164"/>
 <node id="3610208375" visible="true" version="3" changeset="132598003" timestamp="2023-02-15T19:30:54Z" user="rab" uid="36894" lat="37.0714794" lon="37.3683416"/>
 <node id="3610208379" visible="true" version="2" changeset="132598003" timestamp="2023-02-15T19:30:54Z" user="rab" uid="36894" lat="37.0710429" lon="37.3683823"/>
 <node id="3612498241" visible="true" version="1" changeset="32157704" timestamp="2015-06-23T10:14:43Z" user="Nesim" uid="1386706" lat="37.0671946" lon="37.3678293"/>
 <node id="3612498242" visible="true" version="1" changeset="32157704" timestamp="2015-06-23T10:14:43Z" user="Nesim" uid="1386706" lat="37.0670151" lon="37.3679208"/>
 <node id="3612498243" visible="true" version="1" changeset="32157704" timestamp="2015-06-23T10:14:43Z" user="Nesim" uid="1386706" lat="37.0670651" lon="37.3680748"/>
 <node id="3612498244" visible="true" version="1" changeset="32157704" timestamp="2015-06-23T10:14:43Z" user="Nesim" uid="1386706" lat="37.0672446" lon="37.3679834"/>
 <node id="3612498249" visible="true" version="1" changeset="32157704" timestamp="2015-06-23T10:14:43Z" user="Nesim" uid="1386706" lat="37.0699408" lon="37.3699288"/>
 <node id="3612498250" visible="true" version="1" changeset="32157704" timestamp="2015-06-23T10:14:43Z" user="Nesim" uid="1386706" lat="37.0697340" lon="37.3698798"/>
 <node id="3612498251" visible="true" version="1" changeset="32157704" timestamp="2015-06-23T10:14:43Z" user="Nesim" uid="1386706" lat="37.0697284" lon="37.3699288"/>
 <node id="3612498252" visible="true" version="1" changeset="32157704" timestamp="2015-06-23T10:14:43Z" user="Nesim" uid="1386706" lat="37.0697377" lon="37.3699895"/>
 <node id="3612498253" visible="true" version="1" changeset="32157704" timestamp="2015-06-23T10:14:43Z" user="Nesim" uid="1386706" lat="37.0697619" lon="37.3700549"/>
 <node id="3612498254" visible="true" version="1" changeset="32157704" timestamp="2015-06-23T10:14:43Z" user="Nesim" uid="1386706" lat="37.0697973" lon="37.3701086"/>
 <node id="3612498255" visible="true" version="1" changeset="32157704" timestamp="2015-06-23T10:14:43Z" user="Nesim" uid="1386706" lat="37.0698588" lon="37.3701506"/>
 <node id="3612498256" visible="true" version="1" changeset="32157704" timestamp="2015-06-23T10:14:43Z" user="Nesim" uid="1386706" lat="37.0699017" lon="37.3701553"/>
 <node id="3612498257" visible="true" version="3" changeset="133847498" timestamp="2023-03-19T07:49:42Z" user="hmdgms" uid="13819895" lat="37.0689990" lon="37.3723623"/>
 <node id="3612498258" visible="true" version="3" changeset="133847498" timestamp="2023-03-19T07:49:42Z" user="hmdgms" uid="13819895" lat="37.0688332" lon="37.3723529"/>
 <node id="3612498259" visible="true" version="3" changeset="133847498" timestamp="2023-03-19T07:49:42Z" user="hmdgms" uid="13819895" lat="37.0688145" lon="37.3724907"/>
 <node id="3612498260" visible="true" version="3" changeset="133847498" timestamp="2023-03-19T07:49:42Z" user="hmdgms" uid="13819895" lat="37.0688238" lon="37.3726074"/>
 <node id="3612498261" visible="true" version="3" changeset="133847498" timestamp="2023-03-19T07:49:42Z" user="hmdgms" uid="13819895" lat="37.0688536" lon="37.3726635"/>
 <node id="3612498262" visible="true" version="3" changeset="133847498" timestamp="2023-03-19T07:49:42Z" user="hmdgms" uid="13819895" lat="37.0689021" lon="37.3727125"/>
 <node id="3612498263" visible="true" version="3" changeset="133847498" timestamp="2023-03-19T07:49:42Z" user="hmdgms" uid="13819895" lat="37.0689692" lon="37.3727405"/>
 <node id="3612498264" visible="true" version="3" changeset="133847498" timestamp="2023-03-19T07:49:42Z" user="hmdgms" uid="13819895" lat="37.0691219" lon="37.3727102"/>
 <node id="3612498265" visible="true" version="3" changeset="133847498" timestamp="2023-03-19T07:49:42Z" user="hmdgms" uid="13819895" lat="37.0691331" lon="37.3724720"/>
 <node id="3612498266" visible="true" version="3" changeset="133847498" timestamp="2023-03-19T07:49:42Z" user="hmdgms" uid="13819895" lat="37.0690381" lon="37.3724603"/>
 <node id="3612498267" visible="true" version="3" changeset="133847498" timestamp="2023-03-19T07:49:42Z" user="hmdgms" uid="13819895" lat="37.0690418" lon="37.3724346"/>
 <node id="3612498268" visible="true" version="3" changeset="133847498" timestamp="2023-03-19T07:49:42Z" user="hmdgms" uid="13819895" lat="37.0689915" lon="37.3724323"/>
 <node id="3612498272" visible="true" version="2" changeset="132486950" timestamp="2023-02-13T12:02:57Z" user="mappinglander" uid="11978982" lat="37.0685764" lon="37.3731443"/>
 <node id="3612498273" visible="true" version="3" changeset="133435773" timestamp="2023-03-08T10:53:41Z" user="rab" uid="36894" lat="37.0699842" lon="37.3736688"/>
 <node id="3612498274" visible="true" version="3" changeset="133435773" timestamp="2023-03-08T10:53:41Z" user="rab" uid="36894" lat="37.0697941" lon="37.3736090"/>
 <node id="3612498275" visible="true" version="3" changeset="133435773" timestamp="2023-03-08T10:53:41Z" user="rab" uid="36894" lat="37.0697410" lon="37.3738719"/>
 <node id="3612498276" visible="true" version="3" changeset="133435773" timestamp="2023-03-08T10:53:41Z" user="rab" uid="36894" lat="37.0699361" lon="37.3739327"/>
 <node id="3612498277" visible="true" version="3" changeset="133435773" timestamp="2023-03-08T10:53:41Z" user="rab" uid="36894" lat="37.0699161" lon="37.3741416"/>
 <node id="3612498278" visible="true" version="3" changeset="133435773" timestamp="2023-03-08T10:53:41Z" user="rab" uid="36894" lat="37.0697314" lon="37.3740721"/>
 <node id="3612498279" visible="true" version="3" changeset="133435773" timestamp="2023-03-08T10:53:41Z" user="rab" uid="36894" lat="37.0696770" lon="37.3743285"/>
 <node id="3612498280" visible="true" version="3" changeset="133435773" timestamp="2023-03-08T10:53:41Z" user="rab" uid="36894" lat="37.0698559" lon="37.3743990"/>
 <node id="3612602830" visible="true" version="2" changeset="133373216" timestamp="2023-03-06T17:28:47Z" user="karitotp" uid="2748195" lat="37.0654072" lon="37.3673692"/>
 <node id="3612602831" visible="true" version="2" changeset="133373216" timestamp="2023-03-06T17:28:47Z" user="karitotp" uid="2748195" lat="37.0652806" lon="37.3673963"/>
 <node id="3612602832" visible="true" version="2" changeset="133373216" timestamp="2023-03-06T17:28:47Z" user="karitotp" uid="2748195" lat="37.0653059" lon="37.3675814"/>
 <node id="3612602833" visible="true" version="2" changeset="133373216" timestamp="2023-03-06T17:28:47Z" user="karitotp" uid="2748195" lat="37.0651423" lon="37.3676166"/>
 <node id="3612602834" visible="true" version="2" changeset="133373216" timestamp="2023-03-06T17:28:47Z" user="karitotp" uid="2748195" lat="37.0651147" lon="37.3674152"/>
 <node id="3612602835" visible="true" version="2" changeset="133373216" timestamp="2023-03-06T17:28:47Z" user="karitotp" uid="2748195" lat="37.0649313" lon="37.3674546"/>
 <node id="3612602836" visible="true" version="2" changeset="133373216" timestamp="2023-03-06T17:28:47Z" user="karitotp" uid="2748195" lat="37.0649642" lon="37.3676944"/>
 <node id="3612602837" visible="true" version="2" changeset="133373216" timestamp="2023-03-06T17:28:47Z" user="karitotp" uid="2748195" lat="37.0649273" lon="37.3677024"/>
 <node id="3612602838" visible="true" version="2" changeset="133373216" timestamp="2023-03-06T17:28:47Z" user="karitotp" uid="2748195" lat="37.0649564" lon="37.3679146"/>
 <node id="3612602839" visible="true" version="2" changeset="133373216" timestamp="2023-03-06T17:28:47Z" user="karitotp" uid="2748195" lat="37.0650055" lon="37.3679040"/>
 <node id="3612602840" visible="true" version="2" changeset="133373216" timestamp="2023-03-06T17:28:47Z" user="karitotp" uid="2748195" lat="37.0650416" lon="37.3681713"/>
 <node id="3612602841" visible="true" version="2" changeset="133373216" timestamp="2023-03-06T17:28:47Z" user="karitotp" uid="2748195" lat="37.0652136" lon="37.3681353"/>
 <node id="3612602842" visible="true" version="2" changeset="133373216" timestamp="2023-03-06T17:28:47Z" user="karitotp" uid="2748195" lat="37.0651822" lon="37.3678992"/>
 <node id="3612602843" visible="true" version="2" changeset="133373216" timestamp="2023-03-06T17:28:47Z" user="karitotp" uid="2748195" lat="37.0653452" lon="37.3678651"/>
 <node id="3612602844" visible="true" version="2" changeset="133373216" timestamp="2023-03-06T17:28:47Z" user="karitotp" uid="2748195" lat="37.0653683" lon="37.3680379"/>
 <node id="3612602845" visible="true" version="2" changeset="133373216" timestamp="2023-03-06T17:28:47Z" user="karitotp" uid="2748195" lat="37.0655045" lon="37.3680093"/>
 <node id="3612602846" visible="true" version="2" changeset="133373216" timestamp="2023-03-06T17:28:47Z" user="karitotp" uid="2748195" lat="37.0654708" lon="37.3677573"/>
 <node id="3612602847" visible="true" version="2" changeset="133373216" timestamp="2023-03-06T17:28:47Z" user="karitotp" uid="2748195" lat="37.0655128" lon="37.3677485"/>
 <node id="3612602848" visible="true" version="2" changeset="133373216" timestamp="2023-03-06T17:28:47Z" user="karitotp" uid="2748195" lat="37.0654969" lon="37.3676309"/>
 <node id="3612602849" visible="true" version="2" changeset="133373216" timestamp="2023-03-06T17:28:47Z" user="karitotp" uid="2748195" lat="37.0654444" lon="37.3676421"/>
 <node id="3612621102" visible="true" version="1" changeset="32158664" timestamp="2015-06-23T11:05:00Z" user="Nesim" uid="1386706" lat="37.0668754" lon="37.3680397"/>
 <node id="3612621103" visible="true" version="1" changeset="32158664" timestamp="2015-06-23T11:05:00Z" user="Nesim" uid="1386706" lat="37.0667167" lon="37.3681409"/>
 <node id="3612621104" visible="true" version="1" changeset="32158664" timestamp="2015-06-23T11:05:00Z" user="Nesim" uid="1386706" lat="37.0667785" lon="37.3682931"/>
 <node id="3612621105" visible="true" version="1" changeset="32158664" timestamp="2015-06-23T11:05:00Z" user="Nesim" uid="1386706" lat="37.0669372" lon="37.3681919"/>
 <node id="3614240301" visible="true" version="1" changeset="32175234" timestamp="2015-06-24T05:54:45Z" user="Nesim" uid="1386706" lat="37.0658507" lon="37.3712943"/>
 <node id="3614240302" visible="true" version="1" changeset="32175234" timestamp="2015-06-24T05:54:45Z" user="Nesim" uid="1386706" lat="37.0656430" lon="37.3712235"/>
 <node id="3614240303" visible="true" version="1" changeset="32175234" timestamp="2015-06-24T05:54:45Z" user="Nesim" uid="1386706" lat="37.0655971" lon="37.3714348"/>
 <node id="3614240304" visible="true" version="1" changeset="32175234" timestamp="2015-06-24T05:54:45Z" user="Nesim" uid="1386706" lat="37.0658048" lon="37.3715057"/>
 <node id="3614240305" visible="true" version="1" changeset="32175234" timestamp="2015-06-24T05:54:45Z" user="Nesim" uid="1386706" lat="37.0658732" lon="37.3707023"/>
 <node id="3614240306" visible="true" version="1" changeset="32175234" timestamp="2015-06-24T05:54:45Z" user="Nesim" uid="1386706" lat="37.0656815" lon="37.3706752"/>
 <node id="3614240307" visible="true" version="1" changeset="32175234" timestamp="2015-06-24T05:54:45Z" user="Nesim" uid="1386706" lat="37.0656603" lon="37.3709111"/>
 <node id="3614240308" visible="true" version="1" changeset="32175234" timestamp="2015-06-24T05:54:45Z" user="Nesim" uid="1386706" lat="37.0658520" lon="37.3709382"/>
 <node id="3614240313" visible="true" version="2" changeset="133373216" timestamp="2023-03-06T17:28:47Z" user="karitotp" uid="2748195" lat="37.0682540" lon="37.3680870"/>
 <node id="3614240314" visible="true" version="2" changeset="133373216" timestamp="2023-03-06T17:28:47Z" user="karitotp" uid="2748195" lat="37.0681353" lon="37.3680018"/>
 <node id="3614240315" visible="true" version="2" changeset="133373216" timestamp="2023-03-06T17:28:47Z" user="karitotp" uid="2748195" lat="37.0680194" lon="37.3682552"/>
 <node id="3614240316" visible="true" version="2" changeset="133373216" timestamp="2023-03-06T17:28:47Z" user="karitotp" uid="2748195" lat="37.0681380" lon="37.3683405"/>
 <node id="3614240317" visible="true" version="1" changeset="32175234" timestamp="2015-06-24T05:54:45Z" user="Nesim" uid="1386706" lat="37.0679608" lon="37.3684612"/>
 <node id="3614240318" visible="true" version="1" changeset="32175234" timestamp="2015-06-24T05:54:45Z" user="Nesim" uid="1386706" lat="37.0678372" lon="37.3682820"/>
 <node id="3614240319" visible="true" version="1" changeset="32175234" timestamp="2015-06-24T05:54:45Z" user="Nesim" uid="1386706" lat="37.0677191" lon="37.3684099"/>
 <node id="3614240320" visible="true" version="1" changeset="32175234" timestamp="2015-06-24T05:54:45Z" user="Nesim" uid="1386706" lat="37.0678426" lon="37.3685891"/>
 <node id="3614240321" visible="true" version="1" changeset="32175234" timestamp="2015-06-24T05:54:45Z" user="Nesim" uid="1386706" lat="37.0676060" lon="37.3682136"/>
 <node id="3614240322" visible="true" version="1" changeset="32175234" timestamp="2015-06-24T05:54:45Z" user="Nesim" uid="1386706" lat="37.0675004" lon="37.3683197"/>
 <node id="3614240323" visible="true" version="1" changeset="32175234" timestamp="2015-06-24T05:54:45Z" user="Nesim" uid="1386706" lat="37.0676126" lon="37.3684951"/>
 <node id="3614240324" visible="true" version="1" changeset="32175234" timestamp="2015-06-24T05:54:45Z" user="Nesim" uid="1386706" lat="37.0677182" lon="37.3683890"/>
 <node id="3614240325" visible="true" version="1" changeset="32175234" timestamp="2015-06-24T05:54:45Z" user="Nesim" uid="1386706" lat="37.0669372" lon="37.3683529"/>
 <node id="3614240326" visible="true" version="1" changeset="32175234" timestamp="2015-06-24T05:54:45Z" user="Nesim" uid="1386706" lat="37.0667923" lon="37.3684390"/>
 <node id="3614240327" visible="true" version="1" changeset="32175234" timestamp="2015-06-24T05:54:45Z" user="Nesim" uid="1386706" lat="37.0668753" lon="37.3686587"/>
 <node id="3614240328" visible="true" version="1" changeset="32175234" timestamp="2015-06-24T05:54:45Z" user="Nesim" uid="1386706" lat="37.0670203" lon="37.3685727"/>
 <node id="3614240329" visible="true" version="1" changeset="32175234" timestamp="2015-06-24T05:54:45Z" user="Nesim" uid="1386706" lat="37.0672688" lon="37.3681411"/>
 <node id="3614240330" visible="true" version="1" changeset="32175234" timestamp="2015-06-24T05:54:45Z" user="Nesim" uid="1386706" lat="37.0670737" lon="37.3682492"/>
 <node id="3614240331" visible="true" version="1" changeset="32175234" timestamp="2015-06-24T05:54:45Z" user="Nesim" uid="1386706" lat="37.0671300" lon="37.3684087"/>
 <node id="3614240332" visible="true" version="1" changeset="32175234" timestamp="2015-06-24T05:54:45Z" user="Nesim" uid="1386706" lat="37.0673251" lon="37.3683006"/>
 <node id="3614240333" visible="true" version="2" changeset="133373216" timestamp="2023-03-06T17:28:47Z" user="karitotp" uid="2748195" lat="37.0670751" lon="37.3687221"/>
 <node id="3614240334" visible="true" version="2" changeset="133373216" timestamp="2023-03-06T17:28:47Z" user="karitotp" uid="2748195" lat="37.0669020" lon="37.3688224"/>
 <node id="3614240335" visible="true" version="2" changeset="133373216" timestamp="2023-03-06T17:28:47Z" user="karitotp" uid="2748195" lat="37.0669650" lon="37.3689934"/>
 <node id="3614240336" visible="true" version="2" changeset="133373216" timestamp="2023-03-06T17:28:47Z" user="karitotp" uid="2748195" lat="37.0671382" lon="37.3688931"/>
 <node id="3614240337" visible="true" version="1" changeset="32175234" timestamp="2015-06-24T05:54:45Z" user="Nesim" uid="1386706" lat="37.0675223" lon="37.3689375"/>
 <node id="3614240338" visible="true" version="1" changeset="32175234" timestamp="2015-06-24T05:54:45Z" user="Nesim" uid="1386706" lat="37.0673387" lon="37.3691119"/>
 <node id="3614240339" visible="true" version="1" changeset="32175234" timestamp="2015-06-24T05:54:45Z" user="Nesim" uid="1386706" lat="37.0672514" lon="37.3689599"/>
 <node id="3614240340" visible="true" version="1" changeset="32175234" timestamp="2015-06-24T05:54:45Z" user="Nesim" uid="1386706" lat="37.0673098" lon="37.3688745"/>
 <node id="3614240341" visible="true" version="1" changeset="32175234" timestamp="2015-06-24T05:54:45Z" user="Nesim" uid="1386706" lat="37.0673860" lon="37.3688074"/>
 <node id="3614240342" visible="true" version="1" changeset="32175234" timestamp="2015-06-24T05:54:45Z" user="Nesim" uid="1386706" lat="37.0674282" lon="37.3687932"/>
 <node id="3614240343" visible="true" version="1" changeset="32175234" timestamp="2015-06-24T05:54:45Z" user="Nesim" uid="1386706" lat="37.0672676" lon="37.3689213"/>
 <node id="3616844126" visible="true" version="2" changeset="133373216" timestamp="2023-03-06T17:28:47Z" user="karitotp" uid="2748195" lat="37.0668334" lon="37.3692801"/>
 <node id="3616844127" visible="true" version="2" changeset="133373216" timestamp="2023-03-06T17:28:47Z" user="karitotp" uid="2748195" lat="37.0666505" lon="37.3694043"/>
 <node id="3616844128" visible="true" version="2" changeset="133373216" timestamp="2023-03-06T17:28:47Z" user="karitotp" uid="2748195" lat="37.0667459" lon="37.3696251"/>
 <node id="3616844129" visible="true" version="2" changeset="133373216" timestamp="2023-03-06T17:28:47Z" user="karitotp" uid="2748195" lat="37.0669288" lon="37.3695009"/>
 <node id="3616844130" visible="true" version="1" changeset="32197869" timestamp="2015-06-25T06:19:37Z" user="Nesim" uid="1386706" lat="37.0664164" lon="37.3694920"/>
 <node id="3616844131" visible="true" version="1" changeset="32197869" timestamp="2015-06-25T06:19:37Z" user="Nesim" uid="1386706" lat="37.0664785" lon="37.3696690"/>
 <node id="3616844132" visible="true" version="1" changeset="32197869" timestamp="2015-06-25T06:19:37Z" user="Nesim" uid="1386706" lat="37.0664485" lon="37.3697361"/>
 <node id="3616844133" visible="true" version="1" changeset="32197869" timestamp="2015-06-25T06:19:37Z" user="Nesim" uid="1386706" lat="37.0663137" lon="37.3698165"/>
 <node id="3616844134" visible="true" version="1" changeset="32197869" timestamp="2015-06-25T06:19:37Z" user="Nesim" uid="1386706" lat="37.0662537" lon="37.3698058"/>
 <node id="3616844135" visible="true" version="1" changeset="32197869" timestamp="2015-06-25T06:19:37Z" user="Nesim" uid="1386706" lat="37.0661831" lon="37.3696422"/>
 <node id="3616844136" visible="true" version="1" changeset="32197869" timestamp="2015-06-25T06:19:37Z" user="Nesim" uid="1386706" lat="37.0662152" lon="37.3695671"/>
 <node id="3616844137" visible="true" version="1" changeset="32197869" timestamp="2015-06-25T06:19:37Z" user="Nesim" uid="1386706" lat="37.0663501" lon="37.3694813"/>
 <node id="3616844138" visible="true" version="1" changeset="32197869" timestamp="2015-06-25T06:19:37Z" user="Nesim" uid="1386706" lat="37.0660219" lon="37.3695471"/>
 <node id="3616844139" visible="true" version="1" changeset="32197869" timestamp="2015-06-25T06:19:38Z" user="Nesim" uid="1386706" lat="37.0658225" lon="37.3696212"/>
 <node id="3616844140" visible="true" version="1" changeset="32197869" timestamp="2015-06-25T06:19:38Z" user="Nesim" uid="1386706" lat="37.0658715" lon="37.3698285"/>
 <node id="3616844141" visible="true" version="1" changeset="32197869" timestamp="2015-06-25T06:19:38Z" user="Nesim" uid="1386706" lat="37.0660709" lon="37.3697545"/>
 <node id="3616844142" visible="true" version="1" changeset="32197869" timestamp="2015-06-25T06:19:38Z" user="Nesim" uid="1386706" lat="37.0661349" lon="37.3699219"/>
 <node id="3616844143" visible="true" version="1" changeset="32197869" timestamp="2015-06-25T06:19:38Z" user="Nesim" uid="1386706" lat="37.0659350" lon="37.3699723"/>
 <node id="3616844144" visible="true" version="1" changeset="32197869" timestamp="2015-06-25T06:19:38Z" user="Nesim" uid="1386706" lat="37.0659761" lon="37.3702285"/>
 <node id="3616844145" visible="true" version="1" changeset="32197869" timestamp="2015-06-25T06:19:38Z" user="Nesim" uid="1386706" lat="37.0661760" lon="37.3701781"/>
 <node id="3616844146" visible="true" version="2" changeset="133451417" timestamp="2023-03-08T18:24:52Z" user="rab" uid="36894" lat="37.0670887" lon="37.3701795"/>
 <node id="3616844147" visible="true" version="2" changeset="133451417" timestamp="2023-03-08T18:24:52Z" user="rab" uid="36894" lat="37.0668682" lon="37.3703816"/>
 <node id="3616844148" visible="true" version="2" changeset="133451417" timestamp="2023-03-08T18:24:52Z" user="rab" uid="36894" lat="37.0668035" lon="37.3702708"/>
 <node id="3616844149" visible="true" version="2" changeset="133451417" timestamp="2023-03-08T18:24:52Z" user="rab" uid="36894" lat="37.0668411" lon="37.3702364"/>
 <node id="3616844150" visible="true" version="2" changeset="133451417" timestamp="2023-03-08T18:24:52Z" user="rab" uid="36894" lat="37.0668061" lon="37.3701763"/>
 <node id="3616844151" visible="true" version="2" changeset="133451417" timestamp="2023-03-08T18:24:52Z" user="rab" uid="36894" lat="37.0669506" lon="37.3700438"/>
 <node id="3616844152" visible="true" version="2" changeset="133451417" timestamp="2023-03-08T18:24:52Z" user="rab" uid="36894" lat="37.0669788" lon="37.3700921"/>
 <node id="3616844153" visible="true" version="2" changeset="133451417" timestamp="2023-03-08T18:24:52Z" user="rab" uid="36894" lat="37.0670172" lon="37.3700569"/>
 <node id="3616844154" visible="true" version="2" changeset="133451417" timestamp="2023-03-08T18:24:52Z" user="rab" uid="36894" lat="37.0666690" lon="37.3705157"/>
 <node id="3616844157" visible="true" version="2" changeset="133451417" timestamp="2023-03-08T18:24:52Z" user="rab" uid="36894" lat="37.0664539" lon="37.3707372"/>
 <node id="3616844158" visible="true" version="2" changeset="133451417" timestamp="2023-03-08T18:24:52Z" user="rab" uid="36894" lat="37.0665024" lon="37.3707539"/>
 <node id="3616844159" visible="true" version="2" changeset="133451417" timestamp="2023-03-08T18:24:52Z" user="rab" uid="36894" lat="37.0664975" lon="37.3705380"/>
 <node id="3616844160" visible="true" version="2" changeset="133451417" timestamp="2023-03-08T18:24:52Z" user="rab" uid="36894" lat="37.0665434" lon="37.3705538"/>
 <node id="3616844161" visible="true" version="2" changeset="133451417" timestamp="2023-03-08T18:24:52Z" user="rab" uid="36894" lat="37.0665600" lon="37.3704782"/>
 <node id="3616844165" visible="true" version="2" changeset="133451417" timestamp="2023-03-08T18:24:52Z" user="rab" uid="36894" lat="37.0670664" lon="37.3709657"/>
 <node id="3616844166" visible="true" version="2" changeset="133451417" timestamp="2023-03-08T18:24:52Z" user="rab" uid="36894" lat="37.0671203" lon="37.3709838"/>
 <node id="3616844167" visible="true" version="2" changeset="133451417" timestamp="2023-03-08T18:24:52Z" user="rab" uid="36894" lat="37.0671584" lon="37.3708056"/>
 <node id="3616844168" visible="true" version="2" changeset="133451417" timestamp="2023-03-08T18:24:52Z" user="rab" uid="36894" lat="37.0671044" lon="37.3707874"/>
 <node id="3616844169" visible="true" version="2" changeset="133451417" timestamp="2023-03-08T18:24:52Z" user="rab" uid="36894" lat="37.0671143" lon="37.3707411"/>
 <node id="3653956481" visible="true" version="2" changeset="133269749" timestamp="2023-03-03T20:43:58Z" user="karitotp" uid="2748195" lat="37.0692498" lon="37.3677982"/>
 <node id="3653956482" visible="true" version="2" changeset="133269749" timestamp="2023-03-03T20:43:58Z" user="karitotp" uid="2748195" lat="37.0694168" lon="37.3681308"/>
 <node id="3653956483" visible="true" version="2" changeset="133269749" timestamp="2023-03-03T20:43:58Z" user="karitotp" uid="2748195" lat="37.0692028" lon="37.3683776"/>
 <node id="3653956484" visible="true" version="2" changeset="133269749" timestamp="2023-03-03T20:43:58Z" user="karitotp" uid="2748195" lat="37.0688315" lon="37.3684864"/>
 <node id="3653956485" visible="true" version="2" changeset="133269749" timestamp="2023-03-03T20:43:58Z" user="karitotp" uid="2748195" lat="37.0687855" lon="37.3682195"/>
 <node id="3653959609" visible="true" version="2" changeset="126694341" timestamp="2022-09-27T11:33:25Z" user="Nesim" uid="1386706" lat="37.0690179" lon="37.3680850">
  <tag k="addr:city" v="Şehitkamil/Gaziantep"/>
  <tag k="addr:housenumber" v="Buhara İş Merkezi Asma Kat No:46"/>
  <tag k="addr:street" v="Prof. Muamer Aksoy Bulvarı"/>
  <tag k="name" v="Gelecek Sigorta"/>
  <tag k="office" v="insurance"/>
  <tag k="phone" v="+903422151570"/>
 </node>
 <node id="3674395831" visible="true" version="3" changeset="132510668" timestamp="2023-02-13T21:49:47Z" user="karitotp" uid="2748195" lat="37.0689235" lon="37.3738690"/>
 <node id="3674395832" visible="true" version="3" changeset="132510668" timestamp="2023-02-13T21:49:47Z" user="karitotp" uid="2748195" lat="37.0687702" lon="37.3740890"/>
 <node id="3674395833" visible="true" version="3" changeset="132510668" timestamp="2023-02-13T21:49:47Z" user="karitotp" uid="2748195" lat="37.0689359" lon="37.3742705"/>
 <node id="3674395834" visible="true" version="3" changeset="132510668" timestamp="2023-02-13T21:49:47Z" user="karitotp" uid="2748195" lat="37.0690893" lon="37.3740505"/>
 <node id="3674395835" visible="true" version="3" changeset="132510668" timestamp="2023-02-13T21:49:47Z" user="karitotp" uid="2748195" lat="37.0686454" lon="37.3743250"/>
 <node id="3674395836" visible="true" version="3" changeset="132510668" timestamp="2023-02-13T21:49:47Z" user="karitotp" uid="2748195" lat="37.0685086" lon="37.3745055"/>
 <node id="3674395837" visible="true" version="3" changeset="132510668" timestamp="2023-02-13T21:49:47Z" user="karitotp" uid="2748195" lat="37.0686241" lon="37.3746430"/>
 <node id="3674395838" visible="true" version="3" changeset="132510668" timestamp="2023-02-13T21:49:47Z" user="karitotp" uid="2748195" lat="37.0687610" lon="37.3744626"/>
 <node id="3674395839" visible="true" version="3" changeset="132510668" timestamp="2023-02-13T21:49:47Z" user="karitotp" uid="2748195" lat="37.0683838" lon="37.3746475"/>
 <node id="3674395840" visible="true" version="3" changeset="132510668" timestamp="2023-02-13T21:49:47Z" user="karitotp" uid="2748195" lat="37.0683119" lon="37.3747469"/>
 <node id="3674395842" visible="true" version="3" changeset="132510668" timestamp="2023-02-13T21:49:47Z" user="karitotp" uid="2748195" lat="37.0684512" lon="37.3747240"/>
 <node id="3674395843" visible="true" version="3" changeset="132510668" timestamp="2023-02-13T21:49:47Z" user="karitotp" uid="2748195" lat="37.0686540" lon="37.3747820"/>
 <node id="3674395844" visible="true" version="3" changeset="132510668" timestamp="2023-02-13T21:49:47Z" user="karitotp" uid="2748195" lat="37.0685356" lon="37.3749662"/>
 <node id="3674395845" visible="true" version="3" changeset="132510668" timestamp="2023-02-13T21:49:47Z" user="karitotp" uid="2748195" lat="37.0686544" lon="37.3750862"/>
 <node id="3674395846" visible="true" version="3" changeset="132510668" timestamp="2023-02-13T21:49:47Z" user="karitotp" uid="2748195" lat="37.0687728" lon="37.3749020"/>
 <node id="3674395847" visible="true" version="3" changeset="132510668" timestamp="2023-02-13T21:49:47Z" user="karitotp" uid="2748195" lat="37.0688485" lon="37.3745075"/>
 <node id="3674395848" visible="true" version="3" changeset="132510668" timestamp="2023-02-13T21:49:47Z" user="karitotp" uid="2748195" lat="37.0687315" lon="37.3747262"/>
 <node id="3674395849" visible="true" version="3" changeset="132510668" timestamp="2023-02-13T21:49:47Z" user="karitotp" uid="2748195" lat="37.0688747" lon="37.3748466"/>
 <node id="3674395850" visible="true" version="3" changeset="132510668" timestamp="2023-02-13T21:49:47Z" user="karitotp" uid="2748195" lat="37.0689918" lon="37.3746279"/>
 <node id="3674395851" visible="true" version="3" changeset="132510668" timestamp="2023-02-13T21:49:47Z" user="karitotp" uid="2748195" lat="37.0692212" lon="37.3747249"/>
 <node id="3674395852" visible="true" version="3" changeset="132510668" timestamp="2023-02-13T21:49:47Z" user="karitotp" uid="2748195" lat="37.0690146" lon="37.3746491"/>
 <node id="3674395853" visible="true" version="3" changeset="132510668" timestamp="2023-02-13T21:49:47Z" user="karitotp" uid="2748195" lat="37.0689549" lon="37.3749045"/>
 <node id="3674395854" visible="true" version="3" changeset="132510668" timestamp="2023-02-13T21:49:47Z" user="karitotp" uid="2748195" lat="37.0691615" lon="37.3749804"/>
 <node id="3674395855" visible="true" version="2" changeset="132430210" timestamp="2023-02-12T04:13:30Z" user="DTAChow" uid="18439656" lat="37.0692100" lon="37.3740942"/>
 <node id="3674395856" visible="true" version="2" changeset="132430210" timestamp="2023-02-12T04:13:30Z" user="DTAChow" uid="18439656" lat="37.0691144" lon="37.3742820"/>
 <node id="3674395857" visible="true" version="2" changeset="132430210" timestamp="2023-02-12T04:13:30Z" user="DTAChow" uid="18439656" lat="37.0693298" lon="37.3743868"/>
 <node id="3674395858" visible="true" version="2" changeset="132430210" timestamp="2023-02-12T04:13:30Z" user="DTAChow" uid="18439656" lat="37.0693779" lon="37.3741502"/>
 <node id="3674395859" visible="true" version="2" changeset="132430210" timestamp="2023-02-12T04:13:30Z" user="DTAChow" uid="18439656" lat="37.0694584" lon="37.3737207"/>
 <node id="3674395860" visible="true" version="2" changeset="132430210" timestamp="2023-02-12T04:13:30Z" user="DTAChow" uid="18439656" lat="37.0692337" lon="37.3736637"/>
 <node id="3674395861" visible="true" version="2" changeset="132430210" timestamp="2023-02-12T04:13:30Z" user="DTAChow" uid="18439656" lat="37.0691989" lon="37.3738558"/>
 <node id="3674395862" visible="true" version="2" changeset="132430210" timestamp="2023-02-12T04:13:30Z" user="DTAChow" uid="18439656" lat="37.0692505" lon="37.3739152"/>
 <node id="3674395863" visible="true" version="2" changeset="132430210" timestamp="2023-02-12T04:13:30Z" user="DTAChow" uid="18439656" lat="37.0694134" lon="37.3739752"/>
 <node id="3674395864" visible="true" version="3" changeset="132510668" timestamp="2023-02-13T21:49:47Z" user="karitotp" uid="2748195" lat="37.0702553" lon="37.3735718"/>
 <node id="3674395865" visible="true" version="3" changeset="132510668" timestamp="2023-02-13T21:49:47Z" user="karitotp" uid="2748195" lat="37.0700941" lon="37.3735792"/>
 <node id="3674395866" visible="true" version="3" changeset="132510668" timestamp="2023-02-13T21:49:47Z" user="karitotp" uid="2748195" lat="37.0701006" lon="37.3738032"/>
 <node id="3674395867" visible="true" version="3" changeset="132510668" timestamp="2023-02-13T21:49:47Z" user="karitotp" uid="2748195" lat="37.0702618" lon="37.3737958"/>
 <node id="3674395868" visible="true" version="3" changeset="132510668" timestamp="2023-02-13T21:49:47Z" user="karitotp" uid="2748195" lat="37.0702464" lon="37.3739366"/>
 <node id="3674395869" visible="true" version="3" changeset="132510668" timestamp="2023-02-13T21:49:47Z" user="karitotp" uid="2748195" lat="37.0700694" lon="37.3739122"/>
 <node id="3674395870" visible="true" version="3" changeset="132510668" timestamp="2023-02-13T21:49:47Z" user="karitotp" uid="2748195" lat="37.0700509" lon="37.3741232"/>
 <node id="3674395871" visible="true" version="3" changeset="132510668" timestamp="2023-02-13T21:49:47Z" user="karitotp" uid="2748195" lat="37.0702279" lon="37.3741476"/>
 <node id="3681863172" visible="true" version="2" changeset="132373079" timestamp="2023-02-10T17:44:19Z" user="pelinininini" uid="18418065" lat="37.0627406" lon="37.3708611"/>
 <node id="3728159338" visible="true" version="2" changeset="132430567" timestamp="2023-02-12T04:44:59Z" user="DTAChow" uid="18439656" lat="37.0704039" lon="37.3757681"/>
 <node id="3728159339" visible="true" version="2" changeset="132430567" timestamp="2023-02-12T04:44:59Z" user="DTAChow" uid="18439656" lat="37.0702110" lon="37.3757197"/>
 <node id="3728159340" visible="true" version="2" changeset="132430567" timestamp="2023-02-12T04:44:59Z" user="DTAChow" uid="18439656" lat="37.0701753" lon="37.3759777"/>
 <node id="3728159341" visible="true" version="2" changeset="132430567" timestamp="2023-02-12T04:44:59Z" user="DTAChow" uid="18439656" lat="37.0703741" lon="37.3760261"/>
 <node id="3728159342" visible="true" version="2" changeset="132371159" timestamp="2023-02-10T17:01:37Z" user="DTAChow" uid="18439656" lat="37.0703096" lon="37.3730944"/>
 <node id="3728159343" visible="true" version="2" changeset="132371159" timestamp="2023-02-10T17:01:37Z" user="DTAChow" uid="18439656" lat="37.0701749" lon="37.3730994"/>
 <node id="3728159344" visible="true" version="2" changeset="132371159" timestamp="2023-02-10T17:01:37Z" user="DTAChow" uid="18439656" lat="37.0701768" lon="37.3733597"/>
 <node id="3728159345" visible="true" version="2" changeset="132371159" timestamp="2023-02-10T17:01:37Z" user="DTAChow" uid="18439656" lat="37.0703140" lon="37.3733532"/>
 <node id="3728159346" visible="true" version="3" changeset="132510668" timestamp="2023-02-13T21:49:47Z" user="karitotp" uid="2748195" lat="37.0707228" lon="37.3730527"/>
 <node id="3728159347" visible="true" version="3" changeset="132510668" timestamp="2023-02-13T21:49:47Z" user="karitotp" uid="2748195" lat="37.0705834" lon="37.3730590"/>
 <node id="3728159348" visible="true" version="3" changeset="132510668" timestamp="2023-02-13T21:49:47Z" user="karitotp" uid="2748195" lat="37.0705909" lon="37.3733200"/>
 <node id="3728159349" visible="true" version="3" changeset="132510668" timestamp="2023-02-13T21:49:47Z" user="karitotp" uid="2748195" lat="37.0707303" lon="37.3733137"/>
 <node id="3728159350" visible="true" version="3" changeset="132510668" timestamp="2023-02-13T21:49:47Z" user="karitotp" uid="2748195" lat="37.0708649" lon="37.3725888"/>
 <node id="3728159351" visible="true" version="3" changeset="132510668" timestamp="2023-02-13T21:49:47Z" user="karitotp" uid="2748195" lat="37.0707051" lon="37.3726073"/>
 <node id="3728159352" visible="true" version="3" changeset="132510668" timestamp="2023-02-13T21:49:47Z" user="karitotp" uid="2748195" lat="37.0707270" lon="37.3729046"/>
 <node id="3728159353" visible="true" version="3" changeset="132510668" timestamp="2023-02-13T21:49:47Z" user="karitotp" uid="2748195" lat="37.0708841" lon="37.3728491"/>
 <node id="4212995190" visible="true" version="2" changeset="99262295" timestamp="2021-02-14T18:34:47Z" user="Alikam" uid="3997418" lat="37.0679546" lon="37.3716191">
  <tag k="bus" v="yes"/>
  <tag k="highway" v="bus_stop"/>
  <tag k="name" v="Havaş ofisi"/>
  <tag k="operator" v="Havaş"/>
  <tag k="public_transport" v="platform"/>
 </node>
 <node id="4234079891" visible="true" version="4" changeset="166106236" timestamp="2025-05-11T12:23:53Z" user="User5848" uid="12667120" lat="37.0652587" lon="37.3703022">
  <tag k="addr:housenumber" v="7"/>
  <tag k="addr:street" v="Gazi Muhtar Paşa Bulvarı"/>
  <tag k="amenity" v="bank"/>
  <tag k="brand" v="Ziraat Bankası"/>
  <tag k="brand:wikidata" v="Q696003"/>
  <tag k="brand:wikipedia" v="en:Ziraat Bank"/>
  <tag k="name" v="Ziraat Bankası"/>
  <tag k="opening_hours" v="Mo-Fr 09:00-12:30,13:30-17:30"/>
  <tag k="website" v="https://www.ziraatbank.com.tr/"/>
 </node>
 <node id="4290669290" visible="true" version="3" changeset="128608894" timestamp="2022-11-07T18:08:11Z" user="Alikam" uid="3997418" lat="37.0697868" lon="37.3724561">
  <tag k="addr:housenumber" v="26"/>
  <tag k="addr:postcode" v="27090"/>
  <tag k="addr:street" v="Nail Bilen Caddesi"/>
  <tag k="amenity" v="bank"/>
  <tag k="brand" v="Garanti Bankası"/>
  <tag k="brand:wikidata" v="Q322962"/>
  <tag k="brand:wikipedia" v="en:Garanti Bank"/>
  <tag k="name" v="Garanti Bankası"/>
  <tag k="opening_hours" v="Mo-Su 09:00-17:00"/>
 </node>
 <node id="4294541290" visible="true" version="2" changeset="45028841" timestamp="2017-01-09T15:32:15Z" user="parukhin" uid="519501" lat="37.0682606" lon="37.3716421">
  <tag k="name" v="Şehitkamil İlçe Nüfus Müdürlüğü"/>
  <tag k="office" v="government"/>
  <tag k="opening_hours" v="Mo-Fr 08:00-12:00, 13:00-17:00"/>
  <tag k="website" v="http://gaziantepnvi.gov.tr"/>
 </node>
 <node id="4294633289" visible="true" version="4" changeset="110059220" timestamp="2021-08-22T12:18:17Z" user="Nesim" uid="1386706" lat="37.0654641" lon="37.3731619">
  <tag k="addr:street" v="Gazi Muhtar Paşa Bulvarı"/>
  <tag k="amenity" v="bank"/>
  <tag k="brand" v="Garanti Bankası"/>
  <tag k="brand:wikidata" v="Q322962"/>
  <tag k="brand:wikipedia" v="en:Garanti BBVA"/>
  <tag k="name" v="Garanti Bankası"/>
  <tag k="opening_hours" v="Mo-Fr 09:00-12:30, 13:30-17:00"/>
 </node>
 <node id="4294809939" visible="true" version="1" changeset="40633975" timestamp="2016-07-10T16:46:42Z" user="jundir" uid="1226028" lat="37.0650936" lon="37.3734525"/>
 <node id="4294809940" visible="true" version="1" changeset="40633975" timestamp="2016-07-10T16:46:42Z" user="jundir" uid="1226028" lat="37.0651760" lon="37.3730609"/>
 <node id="4294809941" visible="true" version="1" changeset="40633975" timestamp="2016-07-10T16:46:42Z" user="jundir" uid="1226028" lat="37.0651814" lon="37.3737247"/>
 <node id="4294809942" visible="true" version="1" changeset="40633975" timestamp="2016-07-10T16:46:42Z" user="jundir" uid="1226028" lat="37.0652392" lon="37.3727819"/>
 <node id="4294809943" visible="true" version="1" changeset="40633975" timestamp="2016-07-10T16:46:42Z" user="jundir" uid="1226028" lat="37.0652552" lon="37.3730877"/>
 <node id="4294809944" visible="true" version="1" changeset="40633975" timestamp="2016-07-10T16:46:42Z" user="jundir" uid="1226028" lat="37.0652788" lon="37.3725915"/>
 <node id="4294809945" visible="true" version="1" changeset="40633975" timestamp="2016-07-10T16:46:42Z" user="jundir" uid="1226028" lat="37.0653098" lon="37.3728061"/>
 <node id="4294809946" visible="true" version="1" changeset="40633975" timestamp="2016-07-10T16:46:42Z" user="jundir" uid="1226028" lat="37.0654158" lon="37.3735249"/>
 <node id="4294809947" visible="true" version="1" changeset="40633975" timestamp="2016-07-10T16:46:42Z" user="jundir" uid="1226028" lat="37.0655848" lon="37.3726840"/>
 <node id="4302130089" visible="true" version="2" changeset="132223672" timestamp="2023-02-07T20:16:41Z" user="rarad74" uid="128281" lat="37.0681477" lon="37.3705298">
  <tag k="amenity" v="restaurant"/>
  <tag k="name" v="Macaroni Restaurant"/>
 </node>
 <node id="4322859497" visible="true" version="2" changeset="180218490" timestamp="2026-03-21T17:30:31Z" user="confusedbuffalo" uid="242345" lat="37.0654916" lon="37.3727621">
  <tag k="addr:housenumber" v="5"/>
  <tag k="addr:street" v="4 Nolu Cadde"/>
  <tag k="email" v="abdalrhman.a@acu-sy.org"/>
  <tag k="name" v="عنتاب"/>
  <tag k="office" v="lawyer"/>
  <tag k="opening_hours" v="Mo-Fr 08:00-18:00"/>
  <tag k="phone" v="+90 537 491 89 60"/>
 </node>
 <node id="4411473300" visible="true" version="1" changeset="42323386" timestamp="2016-09-21T13:12:25Z" user="M Harba" uid="4602288" lat="37.0682674" lon="37.3689870">
  <tag k="amenity" v="bureau_de_change"/>
  <tag k="name" v="Al Habıl katta 3🎗"/>
  <tag k="name:ar" v="الحبل طابق ٣ 🎗"/>
  <tag k="name:tr" v="Al Habıl katta 3🎗"/>
 </node>
 <node id="4411497599" visible="true" version="1" changeset="42323386" timestamp="2016-09-21T13:12:24Z" user="M Harba" uid="4602288" lat="37.0684581" lon="37.3688569">
  <tag k="amenity" v="bureau_de_change"/>
  <tag k="name" v="Kzila katta 5 🎗"/>
  <tag k="name:ar" v="كذيلا طابق ٥ 🎗"/>
  <tag k="name:tr" v="Kzila katta 5 🎗"/>
 </node>
 <node id="4411605196" visible="true" version="2" changeset="134252093" timestamp="2023-03-29T08:37:37Z" user="Nesim" uid="1386706" lat="37.0693284" lon="37.3730286">
  <tag k="amenity" v="restaurant"/>
  <tag k="name" v="Tolip"/>
  <tag k="name:ar" v="مطعم توليب"/>
 </node>
 <node id="4429304192" visible="true" version="1" changeset="42611211" timestamp="2016-10-03T17:37:41Z" user="m@cro" uid="3984377" lat="37.0678461" lon="37.3715596">
  <tag k="name" v="4 No-lu NOTER"/>
  <tag k="name:tr" v="4 No-lu NOTER"/>
  <tag k="office" v="government"/>
 </node>
 <node id="4429335501" visible="true" version="1" changeset="42611298" timestamp="2016-10-03T17:41:26Z" user="m@cro" uid="3984377" lat="37.0695499" lon="37.3728742">
  <tag k="name" v="7 No-lu NOTER"/>
  <tag k="name:tr" v="7 No-lu NOTER"/>
  <tag k="office" v="government"/>
 </node>
 <node id="4457479889" visible="true" version="1" changeset="43051636" timestamp="2016-10-21T06:45:29Z" user="Nesim" uid="1386706" lat="37.0671299" lon="37.3751010">
  <tag k="addr:street" v="Prof. Muamer Aksoy Bulvarı"/>
  <tag k="amenity" v="restaurant"/>
  <tag k="name" v="Aşina Gaziantep Restoran"/>
  <tag k="name:tr" v="Aşina Gaziantep Restoran"/>
  <tag k="opening_hours" v="Mo-Su 11:00-22:00"/>
  <tag k="phone" v="+90 342 220 4949"/>
 </node>
 <node id="4457699596" visible="true" version="1" changeset="43055692" timestamp="2016-10-21T10:16:14Z" user="Nesim" uid="1386706" lat="37.0656231" lon="37.3754548"/>
 <node id="4457699597" visible="true" version="1" changeset="43055692" timestamp="2016-10-21T10:16:14Z" user="Nesim" uid="1386706" lat="37.0654447" lon="37.3755232"/>
 <node id="4457699598" visible="true" version="1" changeset="43055692" timestamp="2016-10-21T10:16:14Z" user="Nesim" uid="1386706" lat="37.0659273" lon="37.3755999"/>
 <node id="4457699599" visible="true" version="1" changeset="43055692" timestamp="2016-10-21T10:16:14Z" user="Nesim" uid="1386706" lat="37.0657415" lon="37.3756036"/>
 <node id="4457699600" visible="true" version="1" changeset="43055692" timestamp="2016-10-21T10:16:14Z" user="Nesim" uid="1386706" lat="37.0655558" lon="37.3756656"/>
 <node id="4457699601" visible="true" version="1" changeset="43055692" timestamp="2016-10-21T10:16:14Z" user="Nesim" uid="1386706" lat="37.0656520" lon="37.3760031"/>
 <node id="4457699602" visible="true" version="1" changeset="43055692" timestamp="2016-10-21T10:16:14Z" user="Nesim" uid="1386706" lat="37.0653919" lon="37.3753749"/>
 <node id="4457699603" visible="true" version="1" changeset="43055692" timestamp="2016-10-21T10:16:14Z" user="Nesim" uid="1386706" lat="37.0652809" lon="37.3754162"/>
 <node id="4457699604" visible="true" version="1" changeset="43055692" timestamp="2016-10-21T10:16:14Z" user="Nesim" uid="1386706" lat="37.0653025" lon="37.3754609"/>
 <node id="4457699605" visible="true" version="1" changeset="43055692" timestamp="2016-10-21T10:16:14Z" user="Nesim" uid="1386706" lat="37.0659081" lon="37.3761388"/>
 <node id="4457699606" visible="true" version="1" changeset="43055692" timestamp="2016-10-21T10:16:14Z" user="Nesim" uid="1386706" lat="37.0659355" lon="37.3760485"/>
 <node id="4457699607" visible="true" version="1" changeset="43055692" timestamp="2016-10-21T10:16:14Z" user="Nesim" uid="1386706" lat="37.0660691" lon="37.3761227"/>
 <node id="4457699608" visible="true" version="1" changeset="43055692" timestamp="2016-10-21T10:16:14Z" user="Nesim" uid="1386706" lat="37.0660417" lon="37.3761772"/>
 <node id="4457699609" visible="true" version="1" changeset="43055692" timestamp="2016-10-21T10:16:14Z" user="Nesim" uid="1386706" lat="37.0660986" lon="37.3762152"/>
 <node id="4457699610" visible="true" version="1" changeset="43055692" timestamp="2016-10-21T10:16:14Z" user="Nesim" uid="1386706" lat="37.0656274" lon="37.3763059"/>
 <node id="4457699611" visible="true" version="1" changeset="43055692" timestamp="2016-10-21T10:16:14Z" user="Nesim" uid="1386706" lat="37.0656475" lon="37.3762795"/>
 <node id="4457699612" visible="true" version="1" changeset="43055692" timestamp="2016-10-21T10:16:14Z" user="Nesim" uid="1386706" lat="37.0656704" lon="37.3763012"/>
 <node id="4457699613" visible="true" version="1" changeset="43055692" timestamp="2016-10-21T10:16:14Z" user="Nesim" uid="1386706" lat="37.0656839" lon="37.3762638"/>
 <node id="4457699614" visible="true" version="1" changeset="43055692" timestamp="2016-10-21T10:16:14Z" user="Nesim" uid="1386706" lat="37.0659668" lon="37.3764006"/>
 <node id="4457699615" visible="true" version="1" changeset="43055692" timestamp="2016-10-21T10:16:14Z" user="Nesim" uid="1386706" lat="37.0659820" lon="37.3763578"/>
 <node id="4457699616" visible="true" version="1" changeset="43055692" timestamp="2016-10-21T10:16:14Z" user="Nesim" uid="1386706" lat="37.0652437" lon="37.3754779"/>
 <node id="4457699618" visible="true" version="2" changeset="132430348" timestamp="2023-02-12T04:25:52Z" user="DTAChow" uid="18439656" lat="37.0672813" lon="37.3750059"/>
 <node id="4457699619" visible="true" version="2" changeset="132430348" timestamp="2023-02-12T04:25:52Z" user="DTAChow" uid="18439656" lat="37.0670393" lon="37.3752597"/>
 <node id="4457699620" visible="true" version="2" changeset="132430348" timestamp="2023-02-12T04:25:52Z" user="DTAChow" uid="18439656" lat="37.0672183" lon="37.3754937"/>
 <node id="4457699621" visible="true" version="2" changeset="132430348" timestamp="2023-02-12T04:25:52Z" user="DTAChow" uid="18439656" lat="37.0672885" lon="37.3754206"/>
 <node id="4457699622" visible="true" version="2" changeset="132430348" timestamp="2023-02-12T04:25:52Z" user="DTAChow" uid="18439656" lat="37.0673659" lon="37.3755161"/>
 <node id="4457699623" visible="true" version="2" changeset="132430348" timestamp="2023-02-12T04:25:52Z" user="DTAChow" uid="18439656" lat="37.0675442" lon="37.3753009"/>
 <node id="4457699624" visible="true" version="3" changeset="132459317" timestamp="2023-02-12T19:08:32Z" user="mappinglander" uid="11978982" lat="37.0667830" lon="37.3756168"/>
 <node id="4457699625" visible="true" version="2" changeset="132430348" timestamp="2023-02-12T04:25:52Z" user="DTAChow" uid="18439656" lat="37.0669845" lon="37.3758656"/>
 <node id="4457699626" visible="true" version="2" changeset="132430348" timestamp="2023-02-12T04:25:52Z" user="DTAChow" uid="18439656" lat="37.0672556" lon="37.3755448"/>
 <node id="4457699627" visible="true" version="3" changeset="132459317" timestamp="2023-02-12T19:08:32Z" user="mappinglander" uid="11978982" lat="37.0666672" lon="37.3757782"/>
 <node id="4457699628" visible="true" version="3" changeset="132459317" timestamp="2023-02-12T19:08:32Z" user="mappinglander" uid="11978982" lat="37.0665159" lon="37.3760561"/>
 <node id="4457699629" visible="true" version="3" changeset="132459317" timestamp="2023-02-12T19:08:32Z" user="mappinglander" uid="11978982" lat="37.0665062" lon="37.3761514"/>
 <node id="4457699630" visible="true" version="3" changeset="132459317" timestamp="2023-02-12T19:08:32Z" user="mappinglander" uid="11978982" lat="37.0666535" lon="37.3761625"/>
 <node id="4457699632" visible="true" version="3" changeset="132459317" timestamp="2023-02-12T19:08:32Z" user="mappinglander" uid="11978982" lat="37.0666944" lon="37.3761763"/>
 <node id="4457699633" visible="true" version="3" changeset="132459317" timestamp="2023-02-12T19:08:32Z" user="mappinglander" uid="11978982" lat="37.0667147" lon="37.3761779"/>
 <node id="4457699634" visible="true" version="3" changeset="132459317" timestamp="2023-02-12T19:08:32Z" user="mappinglander" uid="11978982" lat="37.0667321" lon="37.3761918"/>
 <node id="4457699635" visible="true" version="3" changeset="132459317" timestamp="2023-02-12T19:08:32Z" user="mappinglander" uid="11978982" lat="37.0670176" lon="37.3759174"/>
 <node id="4457699636" visible="true" version="3" changeset="132459317" timestamp="2023-02-12T19:08:32Z" user="mappinglander" uid="11978982" lat="37.0669407" lon="37.3758177"/>
 <node id="4457699637" visible="true" version="3" changeset="132459317" timestamp="2023-02-12T19:08:32Z" user="mappinglander" uid="11978982" lat="37.0668781" lon="37.3757380"/>
 <node id="4457699638" visible="true" version="3" changeset="132459317" timestamp="2023-02-12T19:08:32Z" user="mappinglander" uid="11978982" lat="37.0667821" lon="37.3762025"/>
 <node id="4823387147" visible="true" version="2" changeset="133491485" timestamp="2023-03-09T19:09:03Z" user="rab" uid="36894" lat="37.0692146" lon="37.3730140"/>
 <node id="4823387148" visible="true" version="3" changeset="133491485" timestamp="2023-03-09T19:09:03Z" user="rab" uid="36894" lat="37.0691595" lon="37.3734567"/>
 <node id="4889958235" visible="true" version="2" changeset="49686436" timestamp="2017-06-20T08:23:45Z" user="Nesim" uid="1386706" lat="37.0677944" lon="37.3687054">
  <tag k="name" v="Orkide Pastanesi"/>
  <tag k="name:en" v="Orkide Pastanesi"/>
  <tag k="shop" v="bakery"/>
 </node>
 <node id="5532576341" visible="true" version="2" changeset="71596307" timestamp="2019-06-25T11:33:25Z" user="erenozdemir" uid="9206516" lat="37.0667794" lon="37.3718477">
  <tag k="addr:city" v="Şehitkamil/Gaziantep"/>
  <tag k="craft" v="electronics_repair"/>
  <tag k="name" v="SD Elektronik Elektronik ve Yazıcı Servisi"/>
  <tag k="opening_hours" v="Mo-Sa 08:00-18:30"/>
  <tag k="operator" v="SD Elektronik Elektronik ve Yazıcı Servisi"/>
 </node>
 <node id="5745851840" visible="true" version="3" changeset="180218490" timestamp="2026-03-21T17:30:31Z" user="confusedbuffalo" uid="242345" lat="37.0675468" lon="37.3746440">
  <tag k="addr:housenumber" v="14/B"/>
  <tag k="addr:postcode" v="27090"/>
  <tag k="addr:street" v="Prof. Muamer Aksoy Bulvarı"/>
  <tag k="email" v="altinoluk@altinolukturizm.com"/>
  <tag k="name" v="Altınoluk Turizm"/>
  <tag k="name:en" v="Altinoluk Travel"/>
  <tag k="opening_hours" v="Mo-Sa 08:30-18:30"/>
  <tag k="phone" v="+90 342 231 11 88"/>
  <tag k="shop" v="travel_agency"/>
  <tag k="website" v="https://www.altinolukturizm.com/"/>
 </node>
 <node id="5779297100" visible="true" version="1" changeset="60987057" timestamp="2018-07-23T13:17:11Z" user="Nesim" uid="1386706" lat="37.0654345" lon="37.3707680"/>
 <node id="5779297101" visible="true" version="1" changeset="60987057" timestamp="2018-07-23T13:17:12Z" user="Nesim" uid="1386706" lat="37.0652305" lon="37.3707510"/>
 <node id="5779297102" visible="true" version="1" changeset="60987057" timestamp="2018-07-23T13:17:12Z" user="Nesim" uid="1386706" lat="37.0652195" lon="37.3709580"/>
 <node id="5779297103" visible="true" version="1" changeset="60987057" timestamp="2018-07-23T13:17:12Z" user="Nesim" uid="1386706" lat="37.0654235" lon="37.3709750"/>
 <node id="5779297104" visible="true" version="1" changeset="60987057" timestamp="2018-07-23T13:17:12Z" user="Nesim" uid="1386706" lat="37.0654083" lon="37.3711356"/>
 <node id="5779297105" visible="true" version="1" changeset="60987057" timestamp="2018-07-23T13:17:12Z" user="Nesim" uid="1386706" lat="37.0652170" lon="37.3711162"/>
 <node id="5779297106" visible="true" version="1" changeset="60987057" timestamp="2018-07-23T13:17:12Z" user="Nesim" uid="1386706" lat="37.0652046" lon="37.3713081"/>
 <node id="5779297107" visible="true" version="1" changeset="60987057" timestamp="2018-07-23T13:17:12Z" user="Nesim" uid="1386706" lat="37.0653960" lon="37.3713275"/>
 <node id="5896880787" visible="true" version="2" changeset="99262295" timestamp="2021-02-14T18:34:47Z" user="Alikam" uid="3997418" lat="37.0662999" lon="37.3699538">
  <tag k="addr:street" v="Gazi Muhtar Paşa Bulvarı"/>
  <tag k="brand" v="FLO"/>
  <tag k="brand:wikidata" v="Q61994802"/>
  <tag k="name" v="FLO"/>
  <tag k="opening_hours" v="Mo-Su 09:00-22:00"/>
  <tag k="shop" v="shoes"/>
 </node>
 <node id="5904458988" visible="true" version="1" changeset="62558691" timestamp="2018-09-13T17:03:47Z" user="Abomustafa" uid="4833459" lat="37.0666438" lon="37.3703507">
  <tag k="addr:street" v="Gazi Muhtar Paşa Bulvarı"/>
  <tag k="name" v="DAGI"/>
  <tag k="opening_hours" v="Mo-Su 09:00-21:00"/>
  <tag k="shop" v="clothes"/>
 </node>
 <node id="5904472287" visible="true" version="1" changeset="62558691" timestamp="2018-09-13T17:03:48Z" user="Abomustafa" uid="4833459" lat="37.0666924" lon="37.3702913">
  <tag k="addr:street" v="Gazi Muhtar Paşa Bulvarı"/>
  <tag k="name" v="Pinar şems"/>
  <tag k="opening_hours" v="Mo-Su 09:00-21:00"/>
  <tag k="shop" v="clothes"/>
 </node>
 <node id="5904472686" visible="true" version="1" changeset="62558691" timestamp="2018-09-13T17:03:46Z" user="Abomustafa" uid="4833459" lat="37.0667489" lon="37.3702219">
  <tag k="addr:street" v="Gazi Muhtar Paşa Bulvarı"/>
  <tag k="name" v="SEPIL"/>
  <tag k="opening_hours" v="Mo-Su 09:00-21:00"/>
  <tag k="shop" v="clothes"/>
 </node>
 <node id="6137309239" visible="true" version="1" changeset="65472960" timestamp="2018-12-14T13:16:40Z" user="Nesim" uid="1386706" lat="37.0869206" lon="37.3415466"/>
 <node id="6137309240" visible="true" version="1" changeset="65472960" timestamp="2018-12-14T13:16:40Z" user="Nesim" uid="1386706" lat="37.0868038" lon="37.3418352"/>
 <node id="6137309241" visible="true" version="1" changeset="65472960" timestamp="2018-12-14T13:16:40Z" user="Nesim" uid="1386706" lat="37.0876827" lon="37.3435021"/>
 <node id="6137309242" visible="true" version="1" changeset="65472960" timestamp="2018-12-14T13:16:40Z" user="Nesim" uid="1386706" lat="37.0878416" lon="37.3433232"/>
 <node id="6137309243" visible="true" version="1" changeset="65472960" timestamp="2018-12-14T13:16:40Z" user="Nesim" uid="1386706" lat="37.0878676" lon="37.3434614"/>
 <node id="6137309244" visible="true" version="1" changeset="65472960" timestamp="2018-12-14T13:16:40Z" user="Nesim" uid="1386706" lat="37.0877314" lon="37.3435997"/>
 <node id="6137309245" visible="true" version="1" changeset="65472960" timestamp="2018-12-14T13:16:40Z" user="Nesim" uid="1386706" lat="37.0879195" lon="37.3439940"/>
 <node id="6137309247" visible="true" version="2" changeset="132421490" timestamp="2023-02-11T20:45:04Z" user="mappinglander" uid="11978982" lat="37.0886068" lon="37.3456433"/>
 <node id="6137309248" visible="true" version="2" changeset="132421490" timestamp="2023-02-11T20:45:04Z" user="mappinglander" uid="11978982" lat="37.0887736" lon="37.3453909"/>
 <node id="6137309252" visible="true" version="2" changeset="132414905" timestamp="2023-02-11T17:35:50Z" user="frekfrekfrek" uid="15393875" lat="37.0868414" lon="37.3414183"/>
 <node id="6137309253" visible="true" version="2" changeset="132414905" timestamp="2023-02-11T17:35:50Z" user="frekfrekfrek" uid="15393875" lat="37.0867919" lon="37.3415758"/>
 <node id="6137309254" visible="true" version="2" changeset="132414905" timestamp="2023-02-11T17:35:50Z" user="frekfrekfrek" uid="15393875" lat="37.0862997" lon="37.3406911"/>
 <node id="6137309255" visible="true" version="2" changeset="132414905" timestamp="2023-02-11T17:35:50Z" user="frekfrekfrek" uid="15393875" lat="37.0864014" lon="37.3405741"/>
 <node id="6551511341" visible="true" version="1" changeset="71307795" timestamp="2019-06-16T18:54:21Z" user="mapmeld" uid="401297" lat="37.0698251" lon="37.3669301"/>
 <node id="6567260645" visible="true" version="4" changeset="180218490" timestamp="2026-03-21T17:30:31Z" user="confusedbuffalo" uid="242345" lat="37.0674571" lon="37.3697053">
  <tag k="addr:city" v="Gaziantep"/>
  <tag k="amenity" v="bank"/>
  <tag k="atm" v="yes"/>
  <tag k="branch" v="Gaziantep Şubesi"/>
  <tag k="brand" v="Alternatif Bank"/>
  <tag k="brand:wikidata" v="Q4736403"/>
  <tag k="name" v="Alternatif Bank"/>
  <tag k="operator" v="Alternatif Bank"/>
  <tag k="phone" v="+90 342 215 31 15"/>
 </node>
 <node id="6643781686" visible="true" version="1" changeset="72604724" timestamp="2019-07-24T13:58:55Z" user="Aliaksei Dziamidchyk" uid="8611375" lat="37.0689886" lon="37.3718520">
  <tag k="amenity" v="bank"/>
  <tag k="name" v="Turkiye Bankasi"/>
 </node>
 <node id="6643790085" visible="true" version="14" changeset="149774377" timestamp="2024-04-09T12:02:58Z" user="SomeoneElse_Revert" uid="1778799" lat="37.0695459" lon="37.3726238">
  <tag k="amenity" v="bureau_de_change"/>
  <tag k="name" v="Kent"/>
  <tag k="name:ru" v="Обмен валюты"/>
 </node>
 <node id="6854358255" visible="true" version="2" changeset="132486950" timestamp="2023-02-13T12:02:57Z" user="mappinglander" uid="11978982" lat="37.0685677" lon="37.3681605">
  <tag k="railway" v="tram_level_crossing"/>
 </node>
 <node id="6854358256" visible="true" version="2" changeset="132486950" timestamp="2023-02-13T12:02:57Z" user="mappinglander" uid="11978982" lat="37.0686058" lon="37.3682688">
  <tag k="railway" v="tram_level_crossing"/>
 </node>
 <node id="6854358257" visible="true" version="3" changeset="180117829" timestamp="2026-03-19T15:52:43Z" user="de24000" uid="617093" lat="37.0666828" lon="37.3615407">
  <tag k="railway" v="tram_level_crossing"/>
 </node>
 <node id="6854358258" visible="true" version="4" changeset="180117829" timestamp="2026-03-19T15:52:43Z" user="de24000" uid="617093" lat="37.0666567" lon="37.3614210">
  <tag k="railway" v="tram_level_crossing"/>
 </node>
 <node id="6854358259" visible="true" version="3" changeset="180117829" timestamp="2026-03-19T15:52:43Z" user="de24000" uid="617093" lat="37.0645200" lon="37.3460877">
  <tag k="railway" v="tram_level_crossing"/>
 </node>
 <node id="6854358260" visible="true" version="4" changeset="180117829" timestamp="2026-03-19T15:52:43Z" user="de24000" uid="617093" lat="37.0645297" lon="37.3462145">
  <tag k="railway" v="tram_level_crossing"/>
 </node>
 <node id="6854358261" visible="true" version="2" changeset="132486950" timestamp="2023-02-13T12:02:57Z" user="mappinglander" uid="11978982" lat="37.0647708" lon="37.3543767">
  <tag k="railway" v="tram_level_crossing"/>
 </node>
 <node id="6854358262" visible="true" version="2" changeset="132486950" timestamp="2023-02-13T12:02:57Z" user="mappinglander" uid="11978982" lat="37.0647659" lon="37.3541759">
  <tag k="railway" v="tram_level_crossing"/>
 </node>
 <node id="7122985085" visible="true" version="3" changeset="180218490" timestamp="2026-03-21T17:30:31Z" user="confusedbuffalo" uid="242345" lat="37.0705797" lon="37.3744123">
  <tag k="addr:housenumber" v="13"/>
  <tag k="addr:postcode" v="27090"/>
  <tag k="addr:street" v="İncirlipınar Mah."/>
  <tag k="name" v="Gaziantep İl Müftülüğü"/>
  <tag k="office" v="government"/>
  <tag k="opening_hours" v="Mo-Fr 08:00-17:00"/>
  <tag k="phone" v="+90 342 220 13 57"/>
  <tag k="website" v="https://gaziantep.diyanet.gov.tr/Sayfalar/home.aspx"/>
 </node>
 <node id="9252457177" visible="true" version="1" changeset="113791721" timestamp="2021-11-15T07:37:00Z" user="Nesim" uid="1386706" lat="37.0690787" lon="37.3689191">
  <tag k="amenity" v="fuel"/>
 </node>
 <node id="9252457178" visible="true" version="1" changeset="113791721" timestamp="2021-11-15T07:37:00Z" user="Nesim" uid="1386706" lat="37.0704470" lon="37.3727271">
  <tag k="amenity" v="fuel"/>
 </node>
 <node id="9278226974" visible="true" version="1" changeset="114147696" timestamp="2021-11-23T16:35:30Z" user="ff5722" uid="3450290" lat="37.0643494" lon="37.3706334"/>
 <node id="9278227004" visible="true" version="1" changeset="114147696" timestamp="2021-11-23T16:35:30Z" user="ff5722" uid="3450290" lat="37.0646736" lon="37.3675823"/>
 <node id="9278227008" visible="true" version="1" changeset="114147696" timestamp="2021-11-23T16:35:30Z" user="ff5722" uid="3450290" lat="37.0640534" lon="37.3640842"/>
 <node id="9278237222" visible="true" version="1" changeset="114147696" timestamp="2021-11-23T16:35:30Z" user="ff5722" uid="3450290" lat="37.0649079" lon="37.3722297"/>
 <node id="9278237340" visible="true" version="3" changeset="132486950" timestamp="2023-02-13T12:02:57Z" user="mappinglander" uid="11978982" lat="37.0659818" lon="37.3777212"/>
 <node id="9278237341" visible="true" version="3" changeset="132486950" timestamp="2023-02-13T12:02:57Z" user="mappinglander" uid="11978982" lat="37.0660375" lon="37.3779331">
  <tag k="railway" v="tram_level_crossing"/>
 </node>
 <node id="9278237353" visible="true" version="2" changeset="132459317" timestamp="2023-02-12T19:08:32Z" user="mappinglander" uid="11978982" lat="37.0648776" lon="37.3742734"/>
 <node id="10221135058" visible="true" version="2" changeset="146634608" timestamp="2024-01-24T15:26:31Z" user="mappinglander" uid="11978982" lat="37.0763995" lon="37.3665188"/>
 <node id="10221676189" visible="true" version="1" changeset="129440628" timestamp="2022-11-27T16:17:27Z" user="Ahmad-0772" uid="10436005" lat="37.0783615" lon="37.3672255"/>
 <node id="10613274836" visible="true" version="3" changeset="132511677" timestamp="2023-02-13T22:24:12Z" user="karitotp" uid="2748195" lat="37.0673020" lon="37.3760419"/>
 <node id="10613274837" visible="true" version="3" changeset="132511677" timestamp="2023-02-13T22:24:12Z" user="karitotp" uid="2748195" lat="37.0672117" lon="37.3759839"/>
 <node id="10613274838" visible="true" version="3" changeset="132511677" timestamp="2023-02-13T22:24:12Z" user="karitotp" uid="2748195" lat="37.0671217" lon="37.3762042"/>
 <node id="10613274839" visible="true" version="3" changeset="132511677" timestamp="2023-02-13T22:24:12Z" user="karitotp" uid="2748195" lat="37.0672120" lon="37.3762622"/>
 <node id="10613277114" visible="true" version="2" changeset="132430348" timestamp="2023-02-12T04:25:52Z" user="DTAChow" uid="18439656" lat="37.0689956" lon="37.3756470"/>
 <node id="10613277115" visible="true" version="2" changeset="132430348" timestamp="2023-02-12T04:25:52Z" user="DTAChow" uid="18439656" lat="37.0686426" lon="37.3755040"/>
 <node id="10613277116" visible="true" version="2" changeset="132430348" timestamp="2023-02-12T04:25:52Z" user="DTAChow" uid="18439656" lat="37.0685201" lon="37.3759203"/>
 <node id="10613277117" visible="true" version="2" changeset="132430348" timestamp="2023-02-12T04:25:52Z" user="DTAChow" uid="18439656" lat="37.0686420" lon="37.3760070"/>
 <node id="10613277118" visible="true" version="2" changeset="132430348" timestamp="2023-02-12T04:25:52Z" user="DTAChow" uid="18439656" lat="37.0686322" lon="37.3760648"/>
 <node id="10613277120" visible="true" version="1" changeset="132185275" timestamp="2023-02-07T03:17:06Z" user="Nuancemapping" uid="500635" lat="37.0687211" lon="37.3760787"/>
 <node id="10613277121" visible="true" version="2" changeset="132430348" timestamp="2023-02-12T04:25:52Z" user="DTAChow" uid="18439656" lat="37.0688567" lon="37.3761903"/>
 <node id="10613293477" visible="true" version="2" changeset="132430567" timestamp="2023-02-12T04:44:59Z" user="DTAChow" uid="18439656" lat="37.0700418" lon="37.3758282"/>
 <node id="10613293478" visible="true" version="2" changeset="132430567" timestamp="2023-02-12T04:44:59Z" user="DTAChow" uid="18439656" lat="37.0695878" lon="37.3757200"/>
 <node id="10613293479" visible="true" version="2" changeset="132430567" timestamp="2023-02-12T04:44:59Z" user="DTAChow" uid="18439656" lat="37.0694999" lon="37.3761247"/>
 <node id="10613293480" visible="true" version="2" changeset="132430567" timestamp="2023-02-12T04:44:59Z" user="DTAChow" uid="18439656" lat="37.0697015" lon="37.3761900"/>
 <node id="10613293481" visible="true" version="1" changeset="132185246" timestamp="2023-02-07T03:15:23Z" user="Nuancemapping" uid="500635" lat="37.0697391" lon="37.3762401"/>
 <node id="10613293482" visible="true" version="2" changeset="132430567" timestamp="2023-02-12T04:44:59Z" user="DTAChow" uid="18439656" lat="37.0699533" lon="37.3763196"/>
 <node id="10613366705" visible="true" version="2" changeset="132510668" timestamp="2023-02-13T21:49:47Z" user="karitotp" uid="2748195" lat="37.0698747" lon="37.3721214"/>
 <node id="10613366706" visible="true" version="2" changeset="132510668" timestamp="2023-02-13T21:49:47Z" user="karitotp" uid="2748195" lat="37.0693545" lon="37.3719754"/>
 <node id="10613366707" visible="true" version="2" changeset="132510668" timestamp="2023-02-13T21:49:47Z" user="karitotp" uid="2748195" lat="37.0694112" lon="37.3716581"/>
 <node id="10613366708" visible="true" version="2" changeset="132510668" timestamp="2023-02-13T21:49:47Z" user="karitotp" uid="2748195" lat="37.0699314" lon="37.3718041"/>
 <node id="10613366709" visible="true" version="2" changeset="132510668" timestamp="2023-02-13T21:49:47Z" user="karitotp" uid="2748195" lat="37.0689575" lon="37.3704762"/>
 <node id="10613366710" visible="true" version="2" changeset="132510668" timestamp="2023-02-13T21:49:47Z" user="karitotp" uid="2748195" lat="37.0689339" lon="37.3709188"/>
 <node id="10613366711" visible="true" version="2" changeset="132510668" timestamp="2023-02-13T21:49:47Z" user="karitotp" uid="2748195" lat="37.0693548" lon="37.3709540"/>
 <node id="10613366712" visible="true" version="2" changeset="132510668" timestamp="2023-02-13T21:49:47Z" user="karitotp" uid="2748195" lat="37.0693783" lon="37.3705114"/>
 <node id="10613366713" visible="true" version="1" changeset="132186407" timestamp="2023-02-07T04:33:35Z" user="yunita sari" uid="2112246" lat="37.0689606" lon="37.3711898"/>
 <node id="10613366714" visible="true" version="1" changeset="132186407" timestamp="2023-02-07T04:33:35Z" user="yunita sari" uid="2112246" lat="37.0689349" lon="37.3714768"/>
 <node id="10613366715" visible="true" version="1" changeset="132186407" timestamp="2023-02-07T04:33:35Z" user="yunita sari" uid="2112246" lat="37.0691558" lon="37.3715079"/>
 <node id="10613366716" visible="true" version="1" changeset="132186407" timestamp="2023-02-07T04:33:35Z" user="yunita sari" uid="2112246" lat="37.0691814" lon="37.3712209"/>
 <node id="10613366717" visible="true" version="2" changeset="133373216" timestamp="2023-03-06T17:28:47Z" user="karitotp" uid="2748195" lat="37.0666021" lon="37.3690232"/>
 <node id="10613366718" visible="true" version="2" changeset="133373216" timestamp="2023-03-06T17:28:47Z" user="karitotp" uid="2748195" lat="37.0667060" lon="37.3692994"/>
 <node id="10613366719" visible="true" version="2" changeset="133373216" timestamp="2023-03-06T17:28:47Z" user="karitotp" uid="2748195" lat="37.0668497" lon="37.3692145"/>
 <node id="10613366720" visible="true" version="2" changeset="133373216" timestamp="2023-03-06T17:28:47Z" user="karitotp" uid="2748195" lat="37.0667459" lon="37.3689383"/>
 <node id="10616568623" visible="true" version="1" changeset="132223672" timestamp="2023-02-07T20:16:41Z" user="rarad74" uid="128281" lat="37.0663226" lon="37.3759901"/>
 <node id="10616568624" visible="true" version="2" changeset="132459317" timestamp="2023-02-12T19:08:32Z" user="mappinglander" uid="11978982" lat="37.0664077" lon="37.3756862"/>
 <node id="10616568625" visible="true" version="2" changeset="132459317" timestamp="2023-02-12T19:08:32Z" user="mappinglander" uid="11978982" lat="37.0662794" lon="37.3753887"/>
 <node id="10616568626" visible="true" version="2" changeset="132459317" timestamp="2023-02-12T19:08:32Z" user="mappinglander" uid="11978982" lat="37.0665415" lon="37.3754496"/>
 <node id="10616568627" visible="true" version="2" changeset="132459317" timestamp="2023-02-12T19:08:32Z" user="mappinglander" uid="11978982" lat="37.0666256" lon="37.3756289"/>
 <node id="10616568684" visible="true" version="2" changeset="132509614" timestamp="2023-02-13T21:18:14Z" user="karitotp" uid="2748195" lat="37.0708268" lon="37.3770575"/>
 <node id="10616568697" visible="true" version="1" changeset="132223672" timestamp="2023-02-07T20:16:41Z" user="rarad74" uid="128281" lat="37.0706927" lon="37.3761364"/>
 <node id="10616568698" visible="true" version="1" changeset="132223672" timestamp="2023-02-07T20:16:41Z" user="rarad74" uid="128281" lat="37.0713109" lon="37.3763045"/>
 <node id="10616568699" visible="true" version="2" changeset="138804984" timestamp="2023-07-21T10:05:11Z" user="Nesim" uid="1386706" lat="37.0709603" lon="37.3762080"/>
 <node id="10616568700" visible="true" version="2" changeset="132510668" timestamp="2023-02-13T21:49:47Z" user="karitotp" uid="2748195" lat="37.0714971" lon="37.3738012"/>
 <node id="10616568701" visible="true" version="1" changeset="132223672" timestamp="2023-02-07T20:16:41Z" user="rarad74" uid="128281" lat="37.0704077" lon="37.3738668"/>
 <node id="10616568702" visible="true" version="2" changeset="132430704" timestamp="2023-02-12T04:54:35Z" user="DTAChow" uid="18439656" lat="37.0707371" lon="37.3740168"/>
 <node id="10616568703" visible="true" version="2" changeset="132430704" timestamp="2023-02-12T04:54:35Z" user="DTAChow" uid="18439656" lat="37.0707323" lon="37.3740582"/>
 <node id="10616568704" visible="true" version="2" changeset="132430704" timestamp="2023-02-12T04:54:35Z" user="DTAChow" uid="18439656" lat="37.0706963" lon="37.3740853"/>
 <node id="10616584005" visible="true" version="2" changeset="132430704" timestamp="2023-02-12T04:54:35Z" user="DTAChow" uid="18439656" lat="37.0706928" lon="37.3741309"/>
 <node id="10616584006" visible="true" version="2" changeset="132430704" timestamp="2023-02-12T04:54:35Z" user="DTAChow" uid="18439656" lat="37.0707429" lon="37.3741352"/>
 <node id="10616584007" visible="true" version="2" changeset="132430704" timestamp="2023-02-12T04:54:35Z" user="DTAChow" uid="18439656" lat="37.0707283" lon="37.3742355"/>
 <node id="10616584008" visible="true" version="2" changeset="132430704" timestamp="2023-02-12T04:54:35Z" user="DTAChow" uid="18439656" lat="37.0707156" lon="37.3742436"/>
 <node id="10616584009" visible="true" version="2" changeset="132430704" timestamp="2023-02-12T04:54:35Z" user="DTAChow" uid="18439656" lat="37.0706885" lon="37.3744756"/>
 <node id="10616584010" visible="true" version="2" changeset="132430704" timestamp="2023-02-12T04:54:35Z" user="DTAChow" uid="18439656" lat="37.0706914" lon="37.3745586"/>
 <node id="10616584011" visible="true" version="2" changeset="132430704" timestamp="2023-02-12T04:54:35Z" user="DTAChow" uid="18439656" lat="37.0706745" lon="37.3746776"/>
 <node id="10616584012" visible="true" version="2" changeset="132430704" timestamp="2023-02-12T04:54:35Z" user="DTAChow" uid="18439656" lat="37.0706361" lon="37.3746720"/>
 <node id="10616584013" visible="true" version="2" changeset="132430704" timestamp="2023-02-12T04:54:35Z" user="DTAChow" uid="18439656" lat="37.0705945" lon="37.3746644"/>
 <node id="10616584014" visible="true" version="2" changeset="132430704" timestamp="2023-02-12T04:54:35Z" user="DTAChow" uid="18439656" lat="37.0705065" lon="37.3746516"/>
 <node id="10616584015" visible="true" version="2" changeset="132430704" timestamp="2023-02-12T04:54:35Z" user="DTAChow" uid="18439656" lat="37.0704729" lon="37.3746357"/>
 <node id="10616584016" visible="true" version="2" changeset="132430704" timestamp="2023-02-12T04:54:35Z" user="DTAChow" uid="18439656" lat="37.0703589" lon="37.3746206"/>
 <node id="10616584017" visible="true" version="2" changeset="132430704" timestamp="2023-02-12T04:54:35Z" user="DTAChow" uid="18439656" lat="37.0703859" lon="37.3744856"/>
 <node id="10616584018" visible="true" version="2" changeset="132430704" timestamp="2023-02-12T04:54:35Z" user="DTAChow" uid="18439656" lat="37.0703909" lon="37.3744400"/>
 <node id="10616584019" visible="true" version="2" changeset="132430704" timestamp="2023-02-12T04:54:35Z" user="DTAChow" uid="18439656" lat="37.0704081" lon="37.3742153"/>
 <node id="10616584020" visible="true" version="2" changeset="132430704" timestamp="2023-02-12T04:54:35Z" user="DTAChow" uid="18439656" lat="37.0704047" lon="37.3741920"/>
 <node id="10616584021" visible="true" version="1" changeset="132223672" timestamp="2023-02-07T20:16:41Z" user="rarad74" uid="128281" lat="37.0704602" lon="37.3740387"/>
 <node id="10616584023" visible="true" version="2" changeset="132430704" timestamp="2023-02-12T04:54:35Z" user="DTAChow" uid="18439656" lat="37.0704608" lon="37.3740238"/>
 <node id="10616584024" visible="true" version="2" changeset="132430704" timestamp="2023-02-12T04:54:35Z" user="DTAChow" uid="18439656" lat="37.0704594" lon="37.3740090"/>
 <node id="10616584025" visible="true" version="2" changeset="132430704" timestamp="2023-02-12T04:54:35Z" user="DTAChow" uid="18439656" lat="37.0704589" lon="37.3739637"/>
 <node id="10616584026" visible="true" version="2" changeset="132430704" timestamp="2023-02-12T04:54:35Z" user="DTAChow" uid="18439656" lat="37.0705336" lon="37.3739727"/>
 <node id="10616584027" visible="true" version="2" changeset="132430704" timestamp="2023-02-12T04:54:35Z" user="DTAChow" uid="18439656" lat="37.0705298" lon="37.3739981"/>
 <node id="10616584028" visible="true" version="2" changeset="132430704" timestamp="2023-02-12T04:54:35Z" user="DTAChow" uid="18439656" lat="37.0707310" lon="37.3739971"/>
 <node id="10616584030" visible="true" version="3" changeset="132510668" timestamp="2023-02-13T21:49:47Z" user="karitotp" uid="2748195" lat="37.0702151" lon="37.3742703"/>
 <node id="10616584031" visible="true" version="3" changeset="132510668" timestamp="2023-02-13T21:49:47Z" user="karitotp" uid="2748195" lat="37.0701380" lon="37.3742568"/>
 <node id="10616584032" visible="true" version="3" changeset="132510668" timestamp="2023-02-13T21:49:47Z" user="karitotp" uid="2748195" lat="37.0701347" lon="37.3742858"/>
 <node id="10616584033" visible="true" version="3" changeset="132510668" timestamp="2023-02-13T21:49:47Z" user="karitotp" uid="2748195" lat="37.0700877" lon="37.3742776"/>
 <node id="10616584034" visible="true" version="3" changeset="132510668" timestamp="2023-02-13T21:49:47Z" user="karitotp" uid="2748195" lat="37.0700913" lon="37.3742458"/>
 <node id="10616584035" visible="true" version="3" changeset="132510668" timestamp="2023-02-13T21:49:47Z" user="karitotp" uid="2748195" lat="37.0700054" lon="37.3742308"/>
 <node id="10616584036" visible="true" version="3" changeset="132510668" timestamp="2023-02-13T21:49:47Z" user="karitotp" uid="2748195" lat="37.0699820" lon="37.3744417"/>
 <node id="10616584037" visible="true" version="3" changeset="132510668" timestamp="2023-02-13T21:49:47Z" user="karitotp" uid="2748195" lat="37.0701920" lon="37.3744783"/>
 <node id="10616584038" visible="true" version="4" changeset="133435773" timestamp="2023-03-08T10:53:41Z" user="rab" uid="36894" lat="37.0700749" lon="37.3731998"/>
 <node id="10616584039" visible="true" version="4" changeset="133435773" timestamp="2023-03-08T10:53:41Z" user="rab" uid="36894" lat="37.0699081" lon="37.3731940"/>
 <node id="10616584040" visible="true" version="4" changeset="133435773" timestamp="2023-03-08T10:53:41Z" user="rab" uid="36894" lat="37.0699038" lon="37.3733836"/>
 <node id="10616584041" visible="true" version="4" changeset="133435773" timestamp="2023-03-08T10:53:41Z" user="rab" uid="36894" lat="37.0700707" lon="37.3733895"/>
 <node id="10616584042" visible="true" version="4" changeset="133435773" timestamp="2023-03-08T10:53:41Z" user="rab" uid="36894" lat="37.0701378" lon="37.3727273"/>
 <node id="10616584043" visible="true" version="4" changeset="133435773" timestamp="2023-03-08T10:53:41Z" user="rab" uid="36894" lat="37.0701434" lon="37.3728298"/>
 <node id="10616584044" visible="true" version="4" changeset="133435773" timestamp="2023-03-08T10:53:41Z" user="rab" uid="36894" lat="37.0701569" lon="37.3728286"/>
 <node id="10616584045" visible="true" version="4" changeset="133435773" timestamp="2023-03-08T10:53:41Z" user="rab" uid="36894" lat="37.0701645" lon="37.3729662"/>
 <node id="10616584046" visible="true" version="4" changeset="133435773" timestamp="2023-03-08T10:53:41Z" user="rab" uid="36894" lat="37.0700274" lon="37.3729780"/>
 <node id="10616584047" visible="true" version="4" changeset="133435773" timestamp="2023-03-08T10:53:41Z" user="rab" uid="36894" lat="37.0700143" lon="37.3727380"/>
 <node id="10616584050" visible="true" version="4" changeset="133563255" timestamp="2023-03-11T18:12:32Z" user="rab" uid="36894" lat="37.0708326" lon="37.3705070"/>
 <node id="10616584051" visible="true" version="4" changeset="133563255" timestamp="2023-03-11T18:12:32Z" user="rab" uid="36894" lat="37.0708066" lon="37.3707410"/>
 <node id="10616584052" visible="true" version="4" changeset="133563255" timestamp="2023-03-11T18:12:32Z" user="rab" uid="36894" lat="37.0707122" lon="37.3707246"/>
 <node id="10616584053" visible="true" version="4" changeset="133563255" timestamp="2023-03-11T18:12:32Z" user="rab" uid="36894" lat="37.0706889" lon="37.3709343"/>
 <node id="10616584054" visible="true" version="4" changeset="133563255" timestamp="2023-03-11T18:12:32Z" user="rab" uid="36894" lat="37.0704978" lon="37.3709010"/>
 <node id="10616584055" visible="true" version="4" changeset="133563255" timestamp="2023-03-11T18:12:32Z" user="rab" uid="36894" lat="37.0705212" lon="37.3706902"/>
 <node id="10616584056" visible="true" version="4" changeset="133563255" timestamp="2023-03-11T18:12:32Z" user="rab" uid="36894" lat="37.0706584" lon="37.3707140"/>
 <node id="10616584057" visible="true" version="4" changeset="133563255" timestamp="2023-03-11T18:12:32Z" user="rab" uid="36894" lat="37.0706842" lon="37.3704812"/>
 <node id="10616584058" visible="true" version="2" changeset="133269749" timestamp="2023-03-03T20:43:58Z" user="karitotp" uid="2748195" lat="37.0702617" lon="37.3699318"/>
 <node id="10616584059" visible="true" version="2" changeset="133269749" timestamp="2023-03-03T20:43:58Z" user="karitotp" uid="2748195" lat="37.0700773" lon="37.3698854"/>
 <node id="10616584060" visible="true" version="2" changeset="133269749" timestamp="2023-03-03T20:43:58Z" user="karitotp" uid="2748195" lat="37.0700409" lon="37.3701128"/>
 <node id="10616584061" visible="true" version="2" changeset="133269749" timestamp="2023-03-03T20:43:58Z" user="karitotp" uid="2748195" lat="37.0702253" lon="37.3701591"/>
 <node id="10616584062" visible="true" version="3" changeset="133269749" timestamp="2023-03-03T20:43:58Z" user="karitotp" uid="2748195" lat="37.0703370" lon="37.3694447"/>
 <node id="10616584063" visible="true" version="3" changeset="133269749" timestamp="2023-03-03T20:43:58Z" user="karitotp" uid="2748195" lat="37.0702684" lon="37.3694447"/>
 <node id="10616584064" visible="true" version="3" changeset="133269749" timestamp="2023-03-03T20:43:58Z" user="karitotp" uid="2748195" lat="37.0702684" lon="37.3694682"/>
 <node id="10616584065" visible="true" version="3" changeset="133269749" timestamp="2023-03-03T20:43:58Z" user="karitotp" uid="2748195" lat="37.0702413" lon="37.3694681"/>
 <node id="10616584066" visible="true" version="3" changeset="133269749" timestamp="2023-03-03T20:43:58Z" user="karitotp" uid="2748195" lat="37.0702413" lon="37.3694108"/>
 <node id="10616584067" visible="true" version="3" changeset="133269749" timestamp="2023-03-03T20:43:58Z" user="karitotp" uid="2748195" lat="37.0701227" lon="37.3694107"/>
 <node id="10616584068" visible="true" version="3" changeset="133269749" timestamp="2023-03-03T20:43:58Z" user="karitotp" uid="2748195" lat="37.0701227" lon="37.3696050"/>
 <node id="10616584069" visible="true" version="3" changeset="133269749" timestamp="2023-03-03T20:43:58Z" user="karitotp" uid="2748195" lat="37.0703193" lon="37.3696051"/>
 <node id="10616584070" visible="true" version="3" changeset="133269749" timestamp="2023-03-03T20:43:58Z" user="karitotp" uid="2748195" lat="37.0703193" lon="37.3695385"/>
 <node id="10616584071" visible="true" version="3" changeset="133269749" timestamp="2023-03-03T20:43:58Z" user="karitotp" uid="2748195" lat="37.0703370" lon="37.3695386"/>
 <node id="10616584072" visible="true" version="1" changeset="132223672" timestamp="2023-02-07T20:16:41Z" user="rarad74" uid="128281" lat="37.0696652" lon="37.3697584"/>
 <node id="10616584073" visible="true" version="1" changeset="132223672" timestamp="2023-02-07T20:16:41Z" user="rarad74" uid="128281" lat="37.0692358" lon="37.3698258"/>
 <node id="10616584074" visible="true" version="1" changeset="132223672" timestamp="2023-02-07T20:16:41Z" user="rarad74" uid="128281" lat="37.0689871" lon="37.3698425"/>
 <node id="10616584075" visible="true" version="1" changeset="132223672" timestamp="2023-02-07T20:16:41Z" user="rarad74" uid="128281" lat="37.0690019" lon="37.3701869"/>
 <node id="10616584076" visible="true" version="1" changeset="132223672" timestamp="2023-02-07T20:16:41Z" user="rarad74" uid="128281" lat="37.0692506" lon="37.3701702"/>
 <node id="10616584077" visible="true" version="2" changeset="132389093" timestamp="2023-02-11T02:59:16Z" user="Matt Yau" uid="18420508" lat="37.0694408" lon="37.3687143"/>
 <node id="10616584078" visible="true" version="2" changeset="132389093" timestamp="2023-02-11T02:59:16Z" user="Matt Yau" uid="18420508" lat="37.0692571" lon="37.3687847"/>
 <node id="10616584079" visible="true" version="2" changeset="132389093" timestamp="2023-02-11T02:59:16Z" user="Matt Yau" uid="18420508" lat="37.0693055" lon="37.3689830"/>
 <node id="10616584080" visible="true" version="2" changeset="132389093" timestamp="2023-02-11T02:59:16Z" user="Matt Yau" uid="18420508" lat="37.0694892" lon="37.3689125"/>
 <node id="10616584082" visible="true" version="3" changeset="132598003" timestamp="2023-02-15T19:30:54Z" user="rab" uid="36894" lat="37.0713501" lon="37.3670538"/>
 <node id="10616584083" visible="true" version="3" changeset="132598003" timestamp="2023-02-15T19:30:54Z" user="rab" uid="36894" lat="37.0708979" lon="37.3671009"/>
 <node id="10616584084" visible="true" version="3" changeset="132598003" timestamp="2023-02-15T19:30:54Z" user="rab" uid="36894" lat="37.0707064" lon="37.3671382"/>
 <node id="10616584085" visible="true" version="3" changeset="132598003" timestamp="2023-02-15T19:30:54Z" user="rab" uid="36894" lat="37.0714350" lon="37.3671301"/>
 <node id="10616584086" visible="true" version="3" changeset="132598003" timestamp="2023-02-15T19:30:54Z" user="rab" uid="36894" lat="37.0714084" lon="37.3670516"/>
 <node id="10616584087" visible="true" version="3" changeset="132598003" timestamp="2023-02-15T19:30:54Z" user="rab" uid="36894" lat="37.0713509" lon="37.3670837"/>
 <node id="10616584112" visible="true" version="3" changeset="133451483" timestamp="2023-03-08T18:27:13Z" user="rab" uid="36894" lat="37.0683448" lon="37.3705139"/>
 <node id="10616584113" visible="true" version="3" changeset="133451483" timestamp="2023-03-08T18:27:13Z" user="rab" uid="36894" lat="37.0683748" lon="37.3705416"/>
 <node id="10616584114" visible="true" version="3" changeset="133451483" timestamp="2023-03-08T18:27:13Z" user="rab" uid="36894" lat="37.0683986" lon="37.3705775"/>
 <node id="10616584115" visible="true" version="3" changeset="133451483" timestamp="2023-03-08T18:27:13Z" user="rab" uid="36894" lat="37.0684149" lon="37.3706195"/>
 <node id="10616584116" visible="true" version="3" changeset="133451483" timestamp="2023-03-08T18:27:13Z" user="rab" uid="36894" lat="37.0684215" lon="37.3707118"/>
 <node id="10616584117" visible="true" version="3" changeset="133451483" timestamp="2023-03-08T18:27:13Z" user="rab" uid="36894" lat="37.0684115" lon="37.3707567"/>
 <node id="10616584118" visible="true" version="3" changeset="133451483" timestamp="2023-03-08T18:27:13Z" user="rab" uid="36894" lat="37.0683932" lon="37.3707974"/>
 <node id="10616584119" visible="true" version="3" changeset="133451483" timestamp="2023-03-08T18:27:13Z" user="rab" uid="36894" lat="37.0683677" lon="37.3708313"/>
 <node id="10616584120" visible="true" version="3" changeset="133451483" timestamp="2023-03-08T18:27:13Z" user="rab" uid="36894" lat="37.0683364" lon="37.3708566"/>
 <node id="10616584121" visible="true" version="3" changeset="133451483" timestamp="2023-03-08T18:27:13Z" user="rab" uid="36894" lat="37.0683012" lon="37.3708718"/>
 <node id="10616584122" visible="true" version="3" changeset="133451483" timestamp="2023-03-08T18:27:13Z" user="rab" uid="36894" lat="37.0682641" lon="37.3708760"/>
 <node id="10616584123" visible="true" version="3" changeset="133451483" timestamp="2023-03-08T18:27:13Z" user="rab" uid="36894" lat="37.0681629" lon="37.3708234"/>
 <node id="10616584124" visible="true" version="3" changeset="133451483" timestamp="2023-03-08T18:27:13Z" user="rab" uid="36894" lat="37.0681390" lon="37.3707875"/>
 <node id="10616584125" visible="true" version="3" changeset="133451483" timestamp="2023-03-08T18:27:13Z" user="rab" uid="36894" lat="37.0681150" lon="37.3706999"/>
 <node id="10616584126" visible="true" version="3" changeset="133451483" timestamp="2023-03-08T18:27:13Z" user="rab" uid="36894" lat="37.0681161" lon="37.3706533"/>
 <node id="10616584127" visible="true" version="3" changeset="133451483" timestamp="2023-03-08T18:27:13Z" user="rab" uid="36894" lat="37.0681445" lon="37.3705677"/>
 <node id="10616584128" visible="true" version="3" changeset="133451483" timestamp="2023-03-08T18:27:13Z" user="rab" uid="36894" lat="37.0681700" lon="37.3705337"/>
 <node id="10616584129" visible="true" version="3" changeset="133451483" timestamp="2023-03-08T18:27:13Z" user="rab" uid="36894" lat="37.0682013" lon="37.3705084"/>
 <node id="10616584130" visible="true" version="3" changeset="133451483" timestamp="2023-03-08T18:27:13Z" user="rab" uid="36894" lat="37.0682365" lon="37.3704932"/>
 <node id="10616584131" visible="true" version="3" changeset="133451483" timestamp="2023-03-08T18:27:13Z" user="rab" uid="36894" lat="37.0682736" lon="37.3704890"/>
 <node id="10616584132" visible="true" version="3" changeset="133451483" timestamp="2023-03-08T18:27:13Z" user="rab" uid="36894" lat="37.0683104" lon="37.3704960"/>
 <node id="10616584133" visible="true" version="1" changeset="132223672" timestamp="2023-02-07T20:16:41Z" user="rarad74" uid="128281" lat="37.0687169" lon="37.3693946"/>
 <node id="10616584134" visible="true" version="2" changeset="142363617" timestamp="2023-10-09T19:23:28Z" user="Alikam" uid="3997418" lat="37.0675455" lon="37.3646925">
  <tag k="highway" v="crossing"/>
 </node>
 <node id="10616584135" visible="true" version="3" changeset="142363617" timestamp="2023-10-09T19:23:28Z" user="Alikam" uid="3997418" lat="37.0674193" lon="37.3647360">
  <tag k="railway" v="tram_crossing"/>
 </node>
 <node id="10616584136" visible="true" version="2" changeset="142363617" timestamp="2023-10-09T19:23:28Z" user="Alikam" uid="3997418" lat="37.0673673" lon="37.3647539">
  <tag k="highway" v="crossing"/>
 </node>
 <node id="10642137271" visible="true" version="2" changeset="133373216" timestamp="2023-03-06T17:28:47Z" user="karitotp" uid="2748195" lat="37.0653467" lon="37.3697984"/>
 <node id="10642137272" visible="true" version="2" changeset="133373216" timestamp="2023-03-06T17:28:47Z" user="karitotp" uid="2748195" lat="37.0651651" lon="37.3698422"/>
 <node id="10642137273" visible="true" version="2" changeset="133373216" timestamp="2023-03-06T17:28:47Z" user="karitotp" uid="2748195" lat="37.0652008" lon="37.3700750"/>
 <node id="10642137274" visible="true" version="2" changeset="133373216" timestamp="2023-03-06T17:28:47Z" user="karitotp" uid="2748195" lat="37.0653824" lon="37.3700312"/>
 <node id="10642785209" visible="true" version="2" changeset="133563255" timestamp="2023-03-11T18:12:32Z" user="rab" uid="36894" lat="37.0703893" lon="37.3713213"/>
 <node id="10642785782" visible="true" version="2" changeset="132430567" timestamp="2023-02-12T04:44:59Z" user="DTAChow" uid="18439656" lat="37.0705012" lon="37.3755897"/>
 <node id="10642785783" visible="true" version="2" changeset="132430567" timestamp="2023-02-12T04:44:59Z" user="DTAChow" uid="18439656" lat="37.0706551" lon="37.3756178"/>
 <node id="10642785784" visible="true" version="2" changeset="132430567" timestamp="2023-02-12T04:44:59Z" user="DTAChow" uid="18439656" lat="37.0706289" lon="37.3757781"/>
 <node id="10642785785" visible="true" version="2" changeset="132430567" timestamp="2023-02-12T04:44:59Z" user="DTAChow" uid="18439656" lat="37.0704732" lon="37.3757645"/>
 <node id="10642788327" visible="true" version="2" changeset="132430567" timestamp="2023-02-12T04:44:59Z" user="DTAChow" uid="18439656" lat="37.0706933" lon="37.3753695"/>
 <node id="10642788328" visible="true" version="2" changeset="132430567" timestamp="2023-02-12T04:44:59Z" user="DTAChow" uid="18439656" lat="37.0705583" lon="37.3753432"/>
 <node id="10642788329" visible="true" version="2" changeset="132430567" timestamp="2023-02-12T04:44:59Z" user="DTAChow" uid="18439656" lat="37.0705318" lon="37.3755031"/>
 <node id="10642788330" visible="true" version="2" changeset="132430567" timestamp="2023-02-12T04:44:59Z" user="DTAChow" uid="18439656" lat="37.0706707" lon="37.3755149"/>
 <node id="10642788356" visible="true" version="2" changeset="132430567" timestamp="2023-02-12T04:44:59Z" user="DTAChow" uid="18439656" lat="37.0705850" lon="37.3759218"/>
 <node id="10642788357" visible="true" version="2" changeset="132430567" timestamp="2023-02-12T04:44:59Z" user="DTAChow" uid="18439656" lat="37.0704438" lon="37.3758839"/>
 <node id="10642788358" visible="true" version="2" changeset="132430567" timestamp="2023-02-12T04:44:59Z" user="DTAChow" uid="18439656" lat="37.0704242" lon="37.3760816"/>
 <node id="10642788359" visible="true" version="2" changeset="132430567" timestamp="2023-02-12T04:44:59Z" user="DTAChow" uid="18439656" lat="37.0705502" lon="37.3761098"/>
 <node id="10642826032" visible="true" version="2" changeset="133451417" timestamp="2023-03-08T18:24:53Z" user="rab" uid="36894" lat="37.0679944" lon="37.3725185"/>
 <node id="10642826034" visible="true" version="2" changeset="133451417" timestamp="2023-03-08T18:24:53Z" user="rab" uid="36894" lat="37.0678659" lon="37.3731086"/>
 <node id="10642826043" visible="true" version="2" changeset="133451417" timestamp="2023-03-08T18:24:53Z" user="rab" uid="36894" lat="37.0680875" lon="37.3733540"/>
 <node id="10642826047" visible="true" version="2" changeset="133451417" timestamp="2023-03-08T18:24:53Z" user="rab" uid="36894" lat="37.0682736" lon="37.3730563"/>
 <node id="10642826057" visible="true" version="2" changeset="133451417" timestamp="2023-03-08T18:24:53Z" user="rab" uid="36894" lat="37.0683732" lon="37.3726539"/>
 <node id="10643701513" visible="true" version="2" changeset="132510668" timestamp="2023-02-13T21:49:47Z" user="karitotp" uid="2748195" lat="37.0708440" lon="37.3728911"/>
 <node id="10643701514" visible="true" version="2" changeset="132510668" timestamp="2023-02-13T21:49:47Z" user="karitotp" uid="2748195" lat="37.0706281" lon="37.3727609"/>
 <node id="10643701515" visible="true" version="2" changeset="132510668" timestamp="2023-02-13T21:49:47Z" user="karitotp" uid="2748195" lat="37.0705000" lon="37.3727821"/>
 <node id="10643701516" visible="true" version="2" changeset="132510668" timestamp="2023-02-13T21:49:47Z" user="karitotp" uid="2748195" lat="37.0705131" lon="37.3729066"/>
 <node id="10643701517" visible="true" version="2" changeset="132510668" timestamp="2023-02-13T21:49:47Z" user="karitotp" uid="2748195" lat="37.0706412" lon="37.3728855"/>
 <node id="10643701518" visible="true" version="2" changeset="132510668" timestamp="2023-02-13T21:49:47Z" user="karitotp" uid="2748195" lat="37.0709417" lon="37.3730679"/>
 <node id="10643701519" visible="true" version="2" changeset="132510668" timestamp="2023-02-13T21:49:47Z" user="karitotp" uid="2748195" lat="37.0708913" lon="37.3730718"/>
 <node id="10643701520" visible="true" version="2" changeset="132510668" timestamp="2023-02-13T21:49:47Z" user="karitotp" uid="2748195" lat="37.0708903" lon="37.3730533"/>
 <node id="10643701521" visible="true" version="2" changeset="132510668" timestamp="2023-02-13T21:49:47Z" user="karitotp" uid="2748195" lat="37.0708030" lon="37.3730755"/>
 <node id="10643701522" visible="true" version="2" changeset="132510668" timestamp="2023-02-13T21:49:47Z" user="karitotp" uid="2748195" lat="37.0707788" lon="37.3730774"/>
 <node id="10643701523" visible="true" version="2" changeset="132510668" timestamp="2023-02-13T21:49:47Z" user="karitotp" uid="2748195" lat="37.0707830" lon="37.3731617"/>
 <node id="10643701524" visible="true" version="2" changeset="132510668" timestamp="2023-02-13T21:49:47Z" user="karitotp" uid="2748195" lat="37.0707869" lon="37.3731613"/>
 <node id="10643701525" visible="true" version="2" changeset="132510668" timestamp="2023-02-13T21:49:47Z" user="karitotp" uid="2748195" lat="37.0707936" lon="37.3732954"/>
 <node id="10643701526" visible="true" version="2" changeset="132510668" timestamp="2023-02-13T21:49:47Z" user="karitotp" uid="2748195" lat="37.0709377" lon="37.3732842"/>
 <node id="10643701527" visible="true" version="2" changeset="132510668" timestamp="2023-02-13T21:49:47Z" user="karitotp" uid="2748195" lat="37.0709359" lon="37.3732470"/>
 <node id="10643701528" visible="true" version="2" changeset="132510668" timestamp="2023-02-13T21:49:47Z" user="karitotp" uid="2748195" lat="37.0709505" lon="37.3732459"/>
 <node id="10645441425" visible="true" version="1" changeset="132373079" timestamp="2023-02-10T17:44:19Z" user="pelinininini" uid="18418065" lat="37.0620313" lon="37.3710663"/>
 <node id="10645441426" visible="true" version="2" changeset="132373601" timestamp="2023-02-10T17:55:04Z" user="pelinininini" uid="18418065" lat="37.0619956" lon="37.3713339"/>
 <node id="10645441428" visible="true" version="1" changeset="132373079" timestamp="2023-02-10T17:44:19Z" user="pelinininini" uid="18418065" lat="37.0620135" lon="37.3707621"/>
 <node id="10645441429" visible="true" version="2" changeset="132373237" timestamp="2023-02-10T17:47:38Z" user="pelinininini" uid="18418065" lat="37.0618439" lon="37.3705558"/>
 <node id="10645441430" visible="true" version="1" changeset="132373079" timestamp="2023-02-10T17:44:19Z" user="pelinininini" uid="18418065" lat="37.0621659" lon="37.3707953"/>
 <node id="10647459183" visible="true" version="1" changeset="132384039" timestamp="2023-02-10T22:19:56Z" user="mappinglander" uid="11978982" lat="37.0661233" lon="37.3776038"/>
 <node id="10647830288" visible="true" version="2" changeset="133269749" timestamp="2023-03-03T20:43:58Z" user="karitotp" uid="2748195" lat="37.0704129" lon="37.3688758"/>
 <node id="10647830297" visible="true" version="1" changeset="132389093" timestamp="2023-02-11T02:59:16Z" user="Matt Yau" uid="18420508" lat="37.0703760" lon="37.3666203"/>
 <node id="10648114370" visible="true" version="2" changeset="132430348" timestamp="2023-02-12T04:25:52Z" user="DTAChow" uid="18439656" lat="37.0676380" lon="37.3755991"/>
 <node id="10648114371" visible="true" version="2" changeset="132430348" timestamp="2023-02-12T04:25:52Z" user="DTAChow" uid="18439656" lat="37.0677087" lon="37.3756869"/>
 <node id="10648114372" visible="true" version="2" changeset="132430348" timestamp="2023-02-12T04:25:52Z" user="DTAChow" uid="18439656" lat="37.0678053" lon="37.3755610"/>
 <node id="10648114373" visible="true" version="2" changeset="132430348" timestamp="2023-02-12T04:25:52Z" user="DTAChow" uid="18439656" lat="37.0677391" lon="37.3754787"/>
 <node id="10648425043" visible="true" version="2" changeset="132718007" timestamp="2023-02-18T15:01:48Z" user="rab" uid="36894" lat="37.0783688" lon="37.3674568"/>
 <node id="10648425044" visible="true" version="2" changeset="132718007" timestamp="2023-02-18T15:01:48Z" user="rab" uid="36894" lat="37.0783996" lon="37.3676778"/>
 <node id="10649598285" visible="true" version="1" changeset="132414905" timestamp="2023-02-11T17:35:50Z" user="frekfrekfrek" uid="15393875" lat="37.0863414" lon="37.3405707"/>
 <node id="10649598286" visible="true" version="1" changeset="132414905" timestamp="2023-02-11T17:35:50Z" user="frekfrekfrek" uid="15393875" lat="37.0863036" lon="37.3406221"/>
 <node id="10650667129" visible="true" version="1" changeset="132427182" timestamp="2023-02-11T23:56:01Z" user="Ayten Değer" uid="18441670" lat="37.0739952" lon="37.3724475"/>
 <node id="10650667133" visible="true" version="1" changeset="132427182" timestamp="2023-02-11T23:56:01Z" user="Ayten Değer" uid="18441670" lat="37.0740006" lon="37.3722925"/>
 <node id="10650880769" visible="true" version="1" changeset="132430567" timestamp="2023-02-12T04:44:59Z" user="DTAChow" uid="18439656" lat="37.0696065" lon="37.3761537"/>
 <node id="10650900862" visible="true" version="2" changeset="133491485" timestamp="2023-03-09T19:09:03Z" user="rab" uid="36894" lat="37.0684061" lon="37.3736319"/>
 <node id="10650900863" visible="true" version="1" changeset="132430348" timestamp="2023-02-12T04:25:52Z" user="DTAChow" uid="18439656" lat="37.0688748" lon="37.3737006"/>
 <node id="10650900872" visible="true" version="1" changeset="132430348" timestamp="2023-02-12T04:25:52Z" user="DTAChow" uid="18439656" lat="37.0671511" lon="37.3751130"/>
 <node id="10650900873" visible="true" version="1" changeset="132430348" timestamp="2023-02-12T04:25:52Z" user="DTAChow" uid="18439656" lat="37.0672361" lon="37.3750199"/>
 <node id="10650900874" visible="true" version="1" changeset="132430348" timestamp="2023-02-12T04:25:52Z" user="DTAChow" uid="18439656" lat="37.0672517" lon="37.3754561"/>
 <node id="10650900875" visible="true" version="1" changeset="132430348" timestamp="2023-02-12T04:25:52Z" user="DTAChow" uid="18439656" lat="37.0668832" lon="37.3754326"/>
 <node id="10650900876" visible="true" version="1" changeset="132430348" timestamp="2023-02-12T04:25:52Z" user="DTAChow" uid="18439656" lat="37.0668235" lon="37.3755461"/>
 <node id="10650900877" visible="true" version="2" changeset="132459317" timestamp="2023-02-12T19:08:32Z" user="mappinglander" uid="11978982" lat="37.0666326" lon="37.3758162"/>
 <node id="10650900878" visible="true" version="2" changeset="132459317" timestamp="2023-02-12T19:08:32Z" user="mappinglander" uid="11978982" lat="37.0665701" lon="37.3759341"/>
 <node id="10650900879" visible="true" version="2" changeset="132459317" timestamp="2023-02-12T19:08:32Z" user="mappinglander" uid="11978982" lat="37.0665952" lon="37.3761542"/>
 <node id="10650900881" visible="true" version="1" changeset="132430348" timestamp="2023-02-12T04:25:52Z" user="DTAChow" uid="18439656" lat="37.0676647" lon="37.3756485"/>
 <node id="10650900882" visible="true" version="1" changeset="132430348" timestamp="2023-02-12T04:25:52Z" user="DTAChow" uid="18439656" lat="37.0676481" lon="37.3756333"/>
 <node id="10650900883" visible="true" version="1" changeset="132430348" timestamp="2023-02-12T04:25:52Z" user="DTAChow" uid="18439656" lat="37.0676845" lon="37.3756759"/>
 <node id="10650900884" visible="true" version="1" changeset="132430348" timestamp="2023-02-12T04:25:52Z" user="DTAChow" uid="18439656" lat="37.0677722" lon="37.3755280"/>
 <node id="10650939973" visible="true" version="2" changeset="132510668" timestamp="2023-02-13T21:49:47Z" user="karitotp" uid="2748195" lat="37.0684862" lon="37.3746755"/>
 <node id="10650939975" visible="true" version="2" changeset="132510668" timestamp="2023-02-13T21:49:47Z" user="karitotp" uid="2748195" lat="37.0684184" lon="37.3748678"/>
 <node id="10650939976" visible="true" version="2" changeset="132510668" timestamp="2023-02-13T21:49:47Z" user="karitotp" uid="2748195" lat="37.0685253" lon="37.3747199"/>
 <node id="10650973308" visible="true" version="1" changeset="132430704" timestamp="2023-02-12T04:54:35Z" user="DTAChow" uid="18439656" lat="37.0706830" lon="37.3739968"/>
 <node id="10650973309" visible="true" version="1" changeset="132430704" timestamp="2023-02-12T04:54:35Z" user="DTAChow" uid="18439656" lat="37.0706815" lon="37.3740147"/>
 <node id="10650973310" visible="true" version="1" changeset="132430704" timestamp="2023-02-12T04:54:35Z" user="DTAChow" uid="18439656" lat="37.0706219" lon="37.3740033"/>
 <node id="10650973311" visible="true" version="1" changeset="132430704" timestamp="2023-02-12T04:54:35Z" user="DTAChow" uid="18439656" lat="37.0704231" lon="37.3740785"/>
 <node id="10650973312" visible="true" version="1" changeset="132430704" timestamp="2023-02-12T04:54:35Z" user="DTAChow" uid="18439656" lat="37.0704095" lon="37.3741313"/>
 <node id="10650973313" visible="true" version="1" changeset="132430704" timestamp="2023-02-12T04:54:35Z" user="DTAChow" uid="18439656" lat="37.0703624" lon="37.3745170"/>
 <node id="10652506681" visible="true" version="1" changeset="132459317" timestamp="2023-02-12T19:08:32Z" user="mappinglander" uid="11978982" lat="37.0660009" lon="37.3745098"/>
 <node id="10652506683" visible="true" version="1" changeset="132459317" timestamp="2023-02-12T19:08:32Z" user="mappinglander" uid="11978982" lat="37.0663799" lon="37.3753075"/>
 <node id="10652506684" visible="true" version="1" changeset="132459317" timestamp="2023-02-12T19:08:32Z" user="mappinglander" uid="11978982" lat="37.0664207" lon="37.3753311"/>
 <node id="10652506685" visible="true" version="1" changeset="132459317" timestamp="2023-02-12T19:08:32Z" user="mappinglander" uid="11978982" lat="37.0665130" lon="37.3753615"/>
 <node id="10652506686" visible="true" version="1" changeset="132459317" timestamp="2023-02-12T19:08:32Z" user="mappinglander" uid="11978982" lat="37.0665634" lon="37.3753663"/>
 <node id="10652506687" visible="true" version="1" changeset="132459317" timestamp="2023-02-12T19:08:32Z" user="mappinglander" uid="11978982" lat="37.0664634" lon="37.3753488"/>
 <node id="10652506688" visible="true" version="1" changeset="132459317" timestamp="2023-02-12T19:08:32Z" user="mappinglander" uid="11978982" lat="37.0666139" lon="37.3753631"/>
 <node id="10652506689" visible="true" version="2" changeset="132486950" timestamp="2023-02-13T12:02:57Z" user="mappinglander" uid="11978982" lat="37.0664655" lon="37.3756942">
  <tag k="railway" v="tram_level_crossing"/>
 </node>
 <node id="10652506699" visible="true" version="1" changeset="132459317" timestamp="2023-02-12T19:08:32Z" user="mappinglander" uid="11978982" lat="37.0655452" lon="37.3737328"/>
 <node id="10652506700" visible="true" version="1" changeset="132459317" timestamp="2023-02-12T19:08:32Z" user="mappinglander" uid="11978982" lat="37.0664297" lon="37.3755037"/>
 <node id="10652506701" visible="true" version="1" changeset="132459317" timestamp="2023-02-12T19:08:32Z" user="mappinglander" uid="11978982" lat="37.0663414" lon="37.3752784"/>
 <node id="10652506702" visible="true" version="1" changeset="132459317" timestamp="2023-02-12T19:08:32Z" user="mappinglander" uid="11978982" lat="37.0662344" lon="37.3750410"/>
 <node id="10652506703" visible="true" version="1" changeset="132459317" timestamp="2023-02-12T19:08:32Z" user="mappinglander" uid="11978982" lat="37.0658221" lon="37.3740913"/>
 <node id="10652506704" visible="true" version="2" changeset="133279233" timestamp="2023-03-04T07:32:39Z" user="rab" uid="36894" lat="37.0656953" lon="37.3738064"/>
 <node id="10652592605" visible="true" version="2" changeset="133279233" timestamp="2023-03-04T07:32:39Z" user="rab" uid="36894" lat="37.0656493" lon="37.3737174"/>
 <node id="10652592606" visible="true" version="1" changeset="132459317" timestamp="2023-02-12T19:08:32Z" user="mappinglander" uid="11978982" lat="37.0663274" lon="37.3758688"/>
 <node id="10652592607" visible="true" version="1" changeset="132459317" timestamp="2023-02-12T19:08:32Z" user="mappinglander" uid="11978982" lat="37.0663255" lon="37.3757474"/>
 <node id="10652592608" visible="true" version="1" changeset="132459317" timestamp="2023-02-12T19:08:32Z" user="mappinglander" uid="11978982" lat="37.0663014" lon="37.3755067"/>
 <node id="10652592609" visible="true" version="1" changeset="132459317" timestamp="2023-02-12T19:08:32Z" user="mappinglander" uid="11978982" lat="37.0663168" lon="37.3756264"/>
 <node id="10652592611" visible="true" version="1" changeset="132459317" timestamp="2023-02-12T19:08:32Z" user="mappinglander" uid="11978982" lat="37.0664024" lon="37.3755822"/>
 <node id="10652592614" visible="true" version="1" changeset="132459317" timestamp="2023-02-12T19:08:32Z" user="mappinglander" uid="11978982" lat="37.0655373" lon="37.3736844"/>
 <node id="10652592615" visible="true" version="1" changeset="132459317" timestamp="2023-02-12T19:08:32Z" user="mappinglander" uid="11978982" lat="37.0649458" lon="37.3740198"/>
 <node id="10652592622" visible="true" version="1" changeset="132459317" timestamp="2023-02-12T19:08:32Z" user="mappinglander" uid="11978982" lat="37.0655047" lon="37.3764756"/>
 <node id="10652592623" visible="true" version="1" changeset="132459317" timestamp="2023-02-12T19:08:32Z" user="mappinglander" uid="11978982" lat="37.0649102" lon="37.3748422"/>
 <node id="10652592624" visible="true" version="1" changeset="132459317" timestamp="2023-02-12T19:08:32Z" user="mappinglander" uid="11978982" lat="37.0653410" lon="37.3763095"/>
 <node id="10652592625" visible="true" version="1" changeset="132459317" timestamp="2023-02-12T19:08:32Z" user="mappinglander" uid="11978982" lat="37.0650013" lon="37.3751777"/>
 <node id="10652592626" visible="true" version="1" changeset="132459317" timestamp="2023-02-12T19:08:32Z" user="mappinglander" uid="11978982" lat="37.0648111" lon="37.3741391"/>
 <node id="10652592627" visible="true" version="1" changeset="132459317" timestamp="2023-02-12T19:08:32Z" user="mappinglander" uid="11978982" lat="37.0640963" lon="37.3713107"/>
 <node id="10652592629" visible="true" version="2" changeset="133279233" timestamp="2023-03-04T07:32:39Z" user="rab" uid="36894" lat="37.0657306" lon="37.3741537"/>
 <node id="10652592630" visible="true" version="1" changeset="132459317" timestamp="2023-02-12T19:08:32Z" user="mappinglander" uid="11978982" lat="37.0656143" lon="37.3740419"/>
 <node id="10652592631" visible="true" version="1" changeset="132459317" timestamp="2023-02-12T19:08:32Z" user="mappinglander" uid="11978982" lat="37.0655023" lon="37.3739415"/>
 <node id="10652592632" visible="true" version="1" changeset="132459317" timestamp="2023-02-12T19:08:32Z" user="mappinglander" uid="11978982" lat="37.0647405" lon="37.3740023"/>
 <node id="10652592633" visible="true" version="1" changeset="132459317" timestamp="2023-02-12T19:08:32Z" user="mappinglander" uid="11978982" lat="37.0637688" lon="37.3739862"/>
 <node id="10652592635" visible="true" version="2" changeset="132486950" timestamp="2023-02-13T12:02:57Z" user="mappinglander" uid="11978982" lat="37.0660018" lon="37.3778504">
  <tag k="railway" v="tram_level_crossing"/>
 </node>
 <node id="10654458817" visible="true" version="2" changeset="180117829" timestamp="2026-03-19T15:52:43Z" user="de24000" uid="617093" lat="37.0665266" lon="37.3606532"/>
 <node id="10654458818" visible="true" version="2" changeset="180117829" timestamp="2026-03-19T15:52:43Z" user="de24000" uid="617093" lat="37.0644925" lon="37.3453434"/>
 <node id="10654458842" visible="true" version="1" changeset="132486950" timestamp="2023-02-13T12:02:57Z" user="mappinglander" uid="11978982" lat="37.0648017" lon="37.3541707">
  <tag k="railway" v="tram_level_crossing"/>
 </node>
 <node id="10654458843" visible="true" version="1" changeset="132486950" timestamp="2023-02-13T12:02:57Z" user="mappinglander" uid="11978982" lat="37.0648066" lon="37.3543704">
  <tag k="railway" v="tram_level_crossing"/>
 </node>
 <node id="10654458844" visible="true" version="1" changeset="132486950" timestamp="2023-02-13T12:02:57Z" user="mappinglander" uid="11978982" lat="37.0660281" lon="37.3777971">
  <tag k="railway" v="tram_level_crossing"/>
 </node>
 <node id="10654458845" visible="true" version="1" changeset="132486950" timestamp="2023-02-13T12:02:57Z" user="mappinglander" uid="11978982" lat="37.0660836" lon="37.3779460">
  <tag k="railway" v="tram_level_crossing"/>
 </node>
 <node id="10654458867" visible="true" version="2" changeset="180117829" timestamp="2026-03-19T15:52:43Z" user="de24000" uid="617093" lat="37.0666900" lon="37.3614030">
  <tag k="railway" v="tram_level_crossing"/>
 </node>
 <node id="10654458868" visible="true" version="2" changeset="180117829" timestamp="2026-03-19T15:52:43Z" user="de24000" uid="617093" lat="37.0667161" lon="37.3615231">
  <tag k="railway" v="tram_level_crossing"/>
 </node>
 <node id="10654458869" visible="true" version="1" changeset="132486950" timestamp="2023-02-13T12:02:57Z" user="mappinglander" uid="11978982" lat="37.0665843" lon="37.3756385"/>
 <node id="10654458870" visible="true" version="1" changeset="132486950" timestamp="2023-02-13T12:02:57Z" user="mappinglander" uid="11978982" lat="37.0665365" lon="37.3756309">
  <tag k="railway" v="tram_level_crossing"/>
 </node>
 <node id="10654458871" visible="true" version="1" changeset="132486950" timestamp="2023-02-13T12:02:57Z" user="mappinglander" uid="11978982" lat="37.0664762" lon="37.3757647">
  <tag k="railway" v="tram_level_crossing"/>
 </node>
 <node id="10654458872" visible="true" version="1" changeset="132486950" timestamp="2023-02-13T12:02:57Z" user="mappinglander" uid="11978982" lat="37.0685847" lon="37.3729813">
  <tag k="railway" v="tram_level_crossing"/>
 </node>
 <node id="10654458873" visible="true" version="1" changeset="132486950" timestamp="2023-02-13T12:02:57Z" user="mappinglander" uid="11978982" lat="37.0686343" lon="37.3682380">
  <tag k="railway" v="tram_level_crossing"/>
 </node>
 <node id="10654458874" visible="true" version="1" changeset="132486950" timestamp="2023-02-13T12:02:57Z" user="mappinglander" uid="11978982" lat="37.0685972" lon="37.3681318">
  <tag k="railway" v="tram_level_crossing"/>
 </node>
 <node id="10654458875" visible="true" version="3" changeset="180120119" timestamp="2026-03-19T16:41:39Z" user="de24000" uid="617093" lat="37.0635954" lon="37.3413897">
  <tag k="railway" v="switch"/>
  <tag k="railway:switch" v="default"/>
  <tag k="railway:turnout_side" v="right"/>
 </node>
 <node id="10654458876" visible="true" version="1" changeset="132486950" timestamp="2023-02-13T12:02:57Z" user="mappinglander" uid="11978982" lat="37.0641199" lon="37.3434896"/>
 <node id="10654458877" visible="true" version="1" changeset="132486950" timestamp="2023-02-13T12:02:57Z" user="mappinglander" uid="11978982" lat="37.0643395" lon="37.3443877"/>
 <node id="10654458878" visible="true" version="1" changeset="132486950" timestamp="2023-02-13T12:02:57Z" user="mappinglander" uid="11978982" lat="37.0644193" lon="37.3447634"/>
 <node id="10654458879" visible="true" version="1" changeset="132486950" timestamp="2023-02-13T12:02:57Z" user="mappinglander" uid="11978982" lat="37.0645194" lon="37.3456742"/>
 <node id="10654458880" visible="true" version="3" changeset="180117829" timestamp="2026-03-19T15:52:43Z" user="de24000" uid="617093" lat="37.0645537" lon="37.3460831">
  <tag k="railway" v="tram_level_crossing"/>
 </node>
 <node id="10654458881" visible="true" version="3" changeset="180117829" timestamp="2026-03-19T15:52:43Z" user="de24000" uid="617093" lat="37.0645641" lon="37.3462094">
  <tag k="railway" v="tram_level_crossing"/>
 </node>
 <node id="10654458883" visible="true" version="2" changeset="180117829" timestamp="2026-03-19T15:52:43Z" user="de24000" uid="617093" lat="37.0646017" lon="37.3466629"/>
 <node id="10654458884" visible="true" version="3" changeset="150571136" timestamp="2024-04-27T09:25:05Z" user="tg4567" uid="12500589" lat="37.0646414" lon="37.3470880">
  <tag k="name" v="Harikalar Diyarı"/>
  <tag k="public_transport" v="stop_position"/>
  <tag k="railway" v="tram_stop"/>
  <tag k="tram" v="yes"/>
  <tag k="wikidata" v="Q125340624"/>
  <tag k="wikimedia_commons" v="Category:Harikalar Diyarı (Gaziantep Tram)"/>
  <tag k="wikipedia" v="tr:Harikalar Diyarı (Gaziantep Tramvayı)"/>
 </node>
 <node id="10654458885" visible="true" version="1" changeset="132486950" timestamp="2023-02-13T12:02:57Z" user="mappinglander" uid="11978982" lat="37.0647119" lon="37.3478275"/>
 <node id="10654458886" visible="true" version="1" changeset="132486950" timestamp="2023-02-13T12:02:57Z" user="mappinglander" uid="11978982" lat="37.0647517" lon="37.3481699"/>
 <node id="10654458887" visible="true" version="1" changeset="132486950" timestamp="2023-02-13T12:02:57Z" user="mappinglander" uid="11978982" lat="37.0647615" lon="37.3485147"/>
 <node id="10654458888" visible="true" version="1" changeset="132486950" timestamp="2023-02-13T12:02:57Z" user="mappinglander" uid="11978982" lat="37.0647528" lon="37.3487915"/>
 <node id="10654458889" visible="true" version="1" changeset="132486950" timestamp="2023-02-13T12:02:57Z" user="mappinglander" uid="11978982" lat="37.0647227" lon="37.3491514"/>
 <node id="10654458890" visible="true" version="1" changeset="132486950" timestamp="2023-02-13T12:02:57Z" user="mappinglander" uid="11978982" lat="37.0646692" lon="37.3496880"/>
 <node id="10654458891" visible="true" version="1" changeset="132486950" timestamp="2023-02-13T12:02:57Z" user="mappinglander" uid="11978982" lat="37.0646414" lon="37.3500010"/>
 <node id="10654458892" visible="true" version="1" changeset="132486950" timestamp="2023-02-13T12:02:57Z" user="mappinglander" uid="11978982" lat="37.0646147" lon="37.3503949"/>
 <node id="10654458893" visible="true" version="1" changeset="132486950" timestamp="2023-02-13T12:02:57Z" user="mappinglander" uid="11978982" lat="37.0645773" lon="37.3508941"/>
 <node id="10654458894" visible="true" version="1" changeset="132486950" timestamp="2023-02-13T12:02:57Z" user="mappinglander" uid="11978982" lat="37.0645624" lon="37.3513760"/>
 <node id="10654458895" visible="true" version="1" changeset="132486950" timestamp="2023-02-13T12:02:57Z" user="mappinglander" uid="11978982" lat="37.0645634" lon="37.3517593"/>
 <node id="10654458896" visible="true" version="1" changeset="132486950" timestamp="2023-02-13T12:02:57Z" user="mappinglander" uid="11978982" lat="37.0645794" lon="37.3521844"/>
 <node id="10654458897" visible="true" version="1" changeset="132486950" timestamp="2023-02-13T12:02:57Z" user="mappinglander" uid="11978982" lat="37.0646081" lon="37.3524733"/>
 <node id="10654458898" visible="true" version="1" changeset="132486950" timestamp="2023-02-13T12:02:57Z" user="mappinglander" uid="11978982" lat="37.0646336" lon="37.3527257"/>
 <node id="10654458899" visible="true" version="1" changeset="132486950" timestamp="2023-02-13T12:02:57Z" user="mappinglander" uid="11978982" lat="37.0647770" lon="37.3536687"/>
 <node id="10654458900" visible="true" version="1" changeset="132486950" timestamp="2023-02-13T12:02:57Z" user="mappinglander" uid="11978982" lat="37.0647870" lon="37.3537719"/>
 <node id="10654458901" visible="true" version="1" changeset="132486950" timestamp="2023-02-13T12:02:57Z" user="mappinglander" uid="11978982" lat="37.0647924" lon="37.3538973"/>
 <node id="10654458902" visible="true" version="1" changeset="132486950" timestamp="2023-02-13T12:02:57Z" user="mappinglander" uid="11978982" lat="37.0648180" lon="37.3546259"/>
 <node id="10654458903" visible="true" version="4" changeset="150571136" timestamp="2024-04-27T09:25:05Z" user="tg4567" uid="12500589" lat="37.0648699" lon="37.3549685">
  <tag k="name" v="Masal Parkı"/>
  <tag k="public_transport" v="stop_position"/>
  <tag k="railway" v="tram_stop"/>
  <tag k="train" v="yes"/>
  <tag k="tram" v="yes"/>
  <tag k="wikidata" v="Q125340730"/>
  <tag k="wikimedia_commons" v="Category:Masal Parkı (Gaziantep Tram)"/>
  <tag k="wikipedia" v="tr:Masal Parkı (Gaziantep Tramvayı)"/>
 </node>
 <node id="10654458904" visible="true" version="1" changeset="132486950" timestamp="2023-02-13T12:02:57Z" user="mappinglander" uid="11978982" lat="37.0649290" lon="37.3553589"/>
 <node id="10654458905" visible="true" version="1" changeset="132486950" timestamp="2023-02-13T12:02:57Z" user="mappinglander" uid="11978982" lat="37.0649914" lon="37.3559024"/>
 <node id="10654458906" visible="true" version="1" changeset="132486950" timestamp="2023-02-13T12:02:57Z" user="mappinglander" uid="11978982" lat="37.0650777" lon="37.3563138"/>
 <node id="10654458907" visible="true" version="1" changeset="132486950" timestamp="2023-02-13T12:02:57Z" user="mappinglander" uid="11978982" lat="37.0652330" lon="37.3568748"/>
 <node id="10654458908" visible="true" version="1" changeset="132486950" timestamp="2023-02-13T12:02:57Z" user="mappinglander" uid="11978982" lat="37.0653791" lon="37.3572796"/>
 <node id="10654458909" visible="true" version="1" changeset="132486950" timestamp="2023-02-13T12:02:57Z" user="mappinglander" uid="11978982" lat="37.0657122" lon="37.3580759"/>
 <node id="10654458910" visible="true" version="1" changeset="132486950" timestamp="2023-02-13T12:02:57Z" user="mappinglander" uid="11978982" lat="37.0659159" lon="37.3584763"/>
 <node id="10654458911" visible="true" version="1" changeset="132486950" timestamp="2023-02-13T12:02:57Z" user="mappinglander" uid="11978982" lat="37.0660824" lon="37.3589137"/>
 <node id="10654458912" visible="true" version="1" changeset="132486950" timestamp="2023-02-13T12:02:57Z" user="mappinglander" uid="11978982" lat="37.0662238" lon="37.3592992"/>
 <node id="10654458913" visible="true" version="1" changeset="132486950" timestamp="2023-02-13T12:02:57Z" user="mappinglander" uid="11978982" lat="37.0662890" lon="37.3595254"/>
 <node id="10654458914" visible="true" version="1" changeset="132486950" timestamp="2023-02-13T12:02:57Z" user="mappinglander" uid="11978982" lat="37.0664414" lon="37.3602343"/>
 <node id="10654458918" visible="true" version="5" changeset="180117829" timestamp="2026-03-19T15:52:43Z" user="de24000" uid="617093" lat="37.0668895" lon="37.3623194">
  <tag k="name" v="25 Aralık Devlet Hastanesi"/>
  <tag k="public_transport" v="stop_position"/>
  <tag k="railway" v="tram_stop"/>
  <tag k="train" v="yes"/>
  <tag k="tram" v="yes"/>
  <tag k="wikidata" v="Q125340450"/>
  <tag k="wikimedia_commons" v="Category:25 Aralık Devlet Hastanesi (Gaziantep Tram)"/>
  <tag k="wikipedia" v="tr:25 Aralık Devlet Hastanesi (Gaziantep Tramvayı)"/>
 </node>
 <node id="10654458922" visible="true" version="2" changeset="142363617" timestamp="2023-10-09T19:23:28Z" user="Alikam" uid="3997418" lat="37.0674540" lon="37.3647240">
  <tag k="railway" v="tram_crossing"/>
 </node>
 <node id="10654458923" visible="true" version="1" changeset="132486950" timestamp="2023-02-13T12:02:57Z" user="mappinglander" uid="11978982" lat="37.0675481" lon="37.3651004"/>
 <node id="10654458924" visible="true" version="1" changeset="132486950" timestamp="2023-02-13T12:02:57Z" user="mappinglander" uid="11978982" lat="37.0676013" lon="37.3652743"/>
 <node id="10654458925" visible="true" version="1" changeset="132486950" timestamp="2023-02-13T12:02:57Z" user="mappinglander" uid="11978982" lat="37.0676494" lon="37.3654299"/>
 <node id="10654458926" visible="true" version="1" changeset="132486950" timestamp="2023-02-13T12:02:57Z" user="mappinglander" uid="11978982" lat="37.0678687" lon="37.3661501"/>
 <node id="10654458927" visible="true" version="1" changeset="132486950" timestamp="2023-02-13T12:02:57Z" user="mappinglander" uid="11978982" lat="37.0679965" lon="37.3665428"/>
 <node id="10654458928" visible="true" version="1" changeset="132486950" timestamp="2023-02-13T12:02:57Z" user="mappinglander" uid="11978982" lat="37.0680611" lon="37.3667147"/>
 <node id="10654458929" visible="true" version="1" changeset="132486950" timestamp="2023-02-13T12:02:57Z" user="mappinglander" uid="11978982" lat="37.0682952" lon="37.3672654"/>
 <node id="10654458930" visible="true" version="1" changeset="132486950" timestamp="2023-02-13T12:02:57Z" user="mappinglander" uid="11978982" lat="37.0685338" lon="37.3679393"/>
 <node id="10654458931" visible="true" version="1" changeset="132486950" timestamp="2023-02-13T12:02:57Z" user="mappinglander" uid="11978982" lat="37.0687008" lon="37.3685431"/>
 <node id="10654458932" visible="true" version="1" changeset="132486950" timestamp="2023-02-13T12:02:57Z" user="mappinglander" uid="11978982" lat="37.0687750" lon="37.3691092"/>
 <node id="10654458933" visible="true" version="2" changeset="180366052" timestamp="2026-03-24T17:31:06Z" user="de24000" uid="617093" lat="37.0688138" lon="37.3694837">
  <tag k="railway" v="switch"/>
  <tag k="railway:switch" v="default"/>
  <tag k="railway:turnout_side" v="left"/>
 </node>
 <node id="10654458936" visible="true" version="1" changeset="132486950" timestamp="2023-02-13T12:02:57Z" user="mappinglander" uid="11978982" lat="37.0688632" lon="37.3705804"/>
 <node id="10654458937" visible="true" version="1" changeset="132486950" timestamp="2023-02-13T12:02:57Z" user="mappinglander" uid="11978982" lat="37.0688566" lon="37.3708717"/>
 <node id="10654458938" visible="true" version="4" changeset="150571136" timestamp="2024-04-27T09:25:05Z" user="tg4567" uid="12500589" lat="37.0688044" lon="37.3714387">
  <tag k="name" v="Gazimuhtarpaşa"/>
  <tag k="public_transport" v="stop_position"/>
  <tag k="railway" v="tram_stop"/>
  <tag k="train" v="yes"/>
  <tag k="tram" v="yes"/>
  <tag k="wikidata" v="Q125340500"/>
  <tag k="wikimedia_commons" v="Category:Gazi Muhtar Paşa (Gaziantep Tram)"/>
  <tag k="wikipedia" v="tr:Gazi Muhtar Paşa (Gaziantep Tramvayı)"/>
 </node>
 <node id="10654458939" visible="true" version="1" changeset="132486950" timestamp="2023-02-13T12:02:57Z" user="mappinglander" uid="11978982" lat="37.0687671" lon="37.3718433"/>
 <node id="10654458940" visible="true" version="1" changeset="132486950" timestamp="2023-02-13T12:02:57Z" user="mappinglander" uid="11978982" lat="37.0687431" lon="37.3720528"/>
 <node id="10654458941" visible="true" version="1" changeset="132486950" timestamp="2023-02-13T12:02:57Z" user="mappinglander" uid="11978982" lat="37.0687162" lon="37.3723310"/>
 <node id="10654458942" visible="true" version="1" changeset="132486950" timestamp="2023-02-13T12:02:57Z" user="mappinglander" uid="11978982" lat="37.0686695" lon="37.3727291"/>
 <node id="10654458943" visible="true" version="1" changeset="132486950" timestamp="2023-02-13T12:02:57Z" user="mappinglander" uid="11978982" lat="37.0686161" lon="37.3729098"/>
 <node id="10654458944" visible="true" version="1" changeset="132486950" timestamp="2023-02-13T12:02:57Z" user="mappinglander" uid="11978982" lat="37.0685067" lon="37.3731330"/>
 <node id="10654458945" visible="true" version="1" changeset="132486950" timestamp="2023-02-13T12:02:57Z" user="mappinglander" uid="11978982" lat="37.0683998" lon="37.3732835"/>
 <node id="10654458949" visible="true" version="1" changeset="132486950" timestamp="2023-02-13T12:02:57Z" user="mappinglander" uid="11978982" lat="37.0666054" lon="37.3755415"/>
 <node id="10654458950" visible="true" version="1" changeset="132486950" timestamp="2023-02-13T12:02:57Z" user="mappinglander" uid="11978982" lat="37.0664347" lon="37.3758690"/>
 <node id="10654458951" visible="true" version="1" changeset="132486950" timestamp="2023-02-13T12:02:57Z" user="mappinglander" uid="11978982" lat="37.0663990" lon="37.3760057"/>
 <node id="10654458953" visible="true" version="4" changeset="150571136" timestamp="2024-04-27T09:25:05Z" user="tg4567" uid="12500589" lat="37.0661638" lon="37.3769767">
  <tag k="name" v="15 Temmuz Demokrasi Meydanı"/>
  <tag k="public_transport" v="stop_position"/>
  <tag k="railway" v="tram_stop"/>
  <tag k="source" v="http://www.urbanrail.net/as/tr/gaziantep/gaziantep.htm"/>
  <tag k="train" v="yes"/>
  <tag k="tram" v="yes"/>
  <tag k="wikidata" v="Q125340444"/>
  <tag k="wikimedia_commons" v="Category:15 Temmuz Demokrasi Meydanı (Gaziantep Tram)"/>
  <tag k="wikipedia" v="tr:15 Temmuz Demokrasi Meydanı (Gaziantep Tramvayı)"/>
 </node>
 <node id="10654458954" visible="true" version="1" changeset="132486950" timestamp="2023-02-13T12:02:57Z" user="mappinglander" uid="11978982" lat="37.0660415" lon="37.3775089"/>
 <node id="10654458955" visible="true" version="1" changeset="132486950" timestamp="2023-02-13T12:02:57Z" user="mappinglander" uid="11978982" lat="37.0660208" lon="37.3776582"/>
 <node id="10654458956" visible="true" version="1" changeset="132486950" timestamp="2023-02-13T12:02:57Z" user="mappinglander" uid="11978982" lat="37.0660179" lon="37.3777191"/>
 <node id="10654458957" visible="true" version="1" changeset="132486950" timestamp="2023-02-13T12:02:57Z" user="mappinglander" uid="11978982" lat="37.0660449" lon="37.3778628"/>
 <node id="10654458958" visible="true" version="1" changeset="132486950" timestamp="2023-02-13T12:02:57Z" user="mappinglander" uid="11978982" lat="37.0661280" lon="37.3779967"/>
 <node id="10654458959" visible="true" version="1" changeset="132486950" timestamp="2023-02-13T12:02:57Z" user="mappinglander" uid="11978982" lat="37.0661691" lon="37.3780438"/>
 <node id="10654458960" visible="true" version="1" changeset="132486950" timestamp="2023-02-13T12:02:57Z" user="mappinglander" uid="11978982" lat="37.0662332" lon="37.3780943"/>
 <node id="10654458962" visible="true" version="3" changeset="180117829" timestamp="2026-03-19T15:52:43Z" user="de24000" uid="617093" lat="37.0683137" lon="37.3788992">
  <tag k="railway" v="tram_level_crossing"/>
 </node>
 <node id="10654458964" visible="true" version="3" changeset="150571136" timestamp="2024-04-27T09:25:05Z" user="tg4567" uid="12500589" lat="37.0708768" lon="37.3799511">
  <tag k="name" v="Gar"/>
  <tag k="public_transport" v="stop_position"/>
  <tag k="railway" v="tram_stop"/>
  <tag k="source" v="http://www.urbanrail.net/as/tr/gaziantep/gaziantep.htm"/>
  <tag k="tram" v="yes"/>
  <tag k="wikidata" v="Q125340620"/>
  <tag k="wikimedia_commons" v="Category:Gar (Gaziantep Tram)"/>
  <tag k="wikipedia" v="tr:Gar (Gaziantep Tramvayı)"/>
 </node>
 <node id="10654458972" visible="true" version="1" changeset="132486950" timestamp="2023-02-13T12:02:57Z" user="mappinglander" uid="11978982" lat="37.0668593" lon="37.3617805"/>
 <node id="10654458998" visible="true" version="1" changeset="132486950" timestamp="2023-02-13T12:02:57Z" user="mappinglander" uid="11978982" lat="37.0680290" lon="37.3667349"/>
 <node id="10654458999" visible="true" version="1" changeset="132486950" timestamp="2023-02-13T12:02:57Z" user="mappinglander" uid="11978982" lat="37.0687780" lon="37.3694882"/>
 <node id="10654459000" visible="true" version="1" changeset="132486950" timestamp="2023-02-13T12:02:57Z" user="mappinglander" uid="11978982" lat="37.0687314" lon="37.3718375"/>
 <node id="10654459001" visible="true" version="1" changeset="132486950" timestamp="2023-02-13T12:02:57Z" user="mappinglander" uid="11978982" lat="37.0686066" lon="37.3728123">
  <tag k="railway" v="tram_level_crossing"/>
 </node>
 <node id="10654459002" visible="true" version="1" changeset="132486950" timestamp="2023-02-13T12:02:57Z" user="mappinglander" uid="11978982" lat="37.0687812" lon="37.3729616"/>
 <node id="10654459003" visible="true" version="1" changeset="132486950" timestamp="2023-02-13T12:02:57Z" user="mappinglander" uid="11978982" lat="37.0687782" lon="37.3726224"/>
 <node id="10654459004" visible="true" version="1" changeset="132486950" timestamp="2023-02-13T12:02:57Z" user="mappinglander" uid="11978982" lat="37.0687998" lon="37.3726734"/>
 <node id="10654459005" visible="true" version="1" changeset="132486950" timestamp="2023-02-13T12:02:57Z" user="mappinglander" uid="11978982" lat="37.0688571" lon="37.3727519"/>
 <node id="10654459006" visible="true" version="1" changeset="132486950" timestamp="2023-02-13T12:02:57Z" user="mappinglander" uid="11978982" lat="37.0688894" lon="37.3727791"/>
 <node id="10654459007" visible="true" version="1" changeset="132486950" timestamp="2023-02-13T12:02:57Z" user="mappinglander" uid="11978982" lat="37.0689247" lon="37.3727999"/>
 <node id="10654459008" visible="true" version="1" changeset="132486950" timestamp="2023-02-13T12:02:57Z" user="mappinglander" uid="11978982" lat="37.0689620" lon="37.3728140"/>
 <node id="10654459009" visible="true" version="1" changeset="132486950" timestamp="2023-02-13T12:02:57Z" user="mappinglander" uid="11978982" lat="37.0687641" lon="37.3725674"/>
 <node id="10654459010" visible="true" version="1" changeset="132486950" timestamp="2023-02-13T12:02:57Z" user="mappinglander" uid="11978982" lat="37.0688283" lon="37.3727189"/>
 <node id="10654459011" visible="true" version="1" changeset="132486950" timestamp="2023-02-13T12:02:57Z" user="mappinglander" uid="11978982" lat="37.0690006" lon="37.3728208"/>
 <node id="10654459012" visible="true" version="1" changeset="132486950" timestamp="2023-02-13T12:02:57Z" user="mappinglander" uid="11978982" lat="37.0688864" lon="37.3729838"/>
 <node id="10654459013" visible="true" version="1" changeset="132486950" timestamp="2023-02-13T12:02:57Z" user="mappinglander" uid="11978982" lat="37.0686648" lon="37.3729049"/>
 <node id="10654459014" visible="true" version="1" changeset="132486950" timestamp="2023-02-13T12:02:57Z" user="mappinglander" uid="11978982" lat="37.0686333" lon="37.3728631">
  <tag k="railway" v="tram_level_crossing"/>
 </node>
 <node id="10654459015" visible="true" version="1" changeset="132486950" timestamp="2023-02-13T12:02:57Z" user="mappinglander" uid="11978982" lat="37.0685757" lon="37.3727018"/>
 <node id="10654459016" visible="true" version="1" changeset="132486950" timestamp="2023-02-13T12:02:57Z" user="mappinglander" uid="11978982" lat="37.0685717" lon="37.3726385"/>
 <node id="10654459017" visible="true" version="1" changeset="132486950" timestamp="2023-02-13T12:02:57Z" user="mappinglander" uid="11978982" lat="37.0685886" lon="37.3727632"/>
 <node id="10654459018" visible="true" version="1" changeset="132486950" timestamp="2023-02-13T12:02:57Z" user="mappinglander" uid="11978982" lat="37.0684784" lon="37.3731051"/>
 <node id="10654459019" visible="true" version="1" changeset="132486950" timestamp="2023-02-13T12:02:57Z" user="mappinglander" uid="11978982" lat="37.0684634" lon="37.3730595"/>
 <node id="10654459020" visible="true" version="1" changeset="132486950" timestamp="2023-02-13T12:02:57Z" user="mappinglander" uid="11978982" lat="37.0684505" lon="37.3729214"/>
 <node id="10654459021" visible="true" version="1" changeset="132486950" timestamp="2023-02-13T12:02:57Z" user="mappinglander" uid="11978982" lat="37.0685769" lon="37.3725753"/>
 <node id="10654459022" visible="true" version="1" changeset="132486950" timestamp="2023-02-13T12:02:57Z" user="mappinglander" uid="11978982" lat="37.0675678" lon="37.3652905"/>
 <node id="10654459023" visible="true" version="1" changeset="132486950" timestamp="2023-02-13T12:02:57Z" user="mappinglander" uid="11978982" lat="37.0676159" lon="37.3654461"/>
 <node id="10654459026" visible="true" version="1" changeset="132486950" timestamp="2023-02-13T12:02:57Z" user="mappinglander" uid="11978982" lat="37.0645265" lon="37.3513752"/>
 <node id="10654459027" visible="true" version="1" changeset="132486950" timestamp="2023-02-13T12:02:57Z" user="mappinglander" uid="11978982" lat="37.0645725" lon="37.3524789"/>
 <node id="10654459028" visible="true" version="1" changeset="132486950" timestamp="2023-02-13T12:02:57Z" user="mappinglander" uid="11978982" lat="37.0647512" lon="37.3537758"/>
 <node id="10654459029" visible="true" version="1" changeset="132486950" timestamp="2023-02-13T12:02:57Z" user="mappinglander" uid="11978982" lat="37.0646057" lon="37.3499966"/>
 <node id="10654459030" visible="true" version="1" changeset="132486950" timestamp="2023-02-13T12:02:57Z" user="mappinglander" uid="11978982" lat="37.0647169" lon="37.3487882"/>
 <node id="10654459032" visible="true" version="2" changeset="180117829" timestamp="2026-03-19T15:52:43Z" user="de24000" uid="617093" lat="37.0645647" lon="37.3466687"/>
 <node id="10654646529" visible="true" version="1" changeset="132488773" timestamp="2023-02-13T12:44:21Z" user="Gokhan Iyigun" uid="18439389" lat="37.0784911" lon="37.3672157"/>
 <node id="10655801125" visible="true" version="1" changeset="132502235" timestamp="2023-02-13T17:53:18Z" user="carfog81" uid="226189" lat="37.0752018" lon="37.3662651"/>
 <node id="10656263073" visible="true" version="1" changeset="132510668" timestamp="2023-02-13T21:49:47Z" user="karitotp" uid="2748195" lat="37.0708412" lon="37.3728541"/>
 <node id="10656263074" visible="true" version="1" changeset="132510668" timestamp="2023-02-13T21:49:47Z" user="karitotp" uid="2748195" lat="37.0708022" lon="37.3730602"/>
 <node id="10656263099" visible="true" version="1" changeset="132510668" timestamp="2023-02-13T21:49:47Z" user="karitotp" uid="2748195" lat="37.0706518" lon="37.3735752"/>
 <node id="10656263100" visible="true" version="1" changeset="132510668" timestamp="2023-02-13T21:49:47Z" user="karitotp" uid="2748195" lat="37.0706576" lon="37.3737750"/>
 <node id="10656263101" visible="true" version="1" changeset="132510668" timestamp="2023-02-13T21:49:47Z" user="karitotp" uid="2748195" lat="37.0704476" lon="37.3737846"/>
 <node id="10656263102" visible="true" version="1" changeset="132510668" timestamp="2023-02-13T21:49:47Z" user="karitotp" uid="2748195" lat="37.0704418" lon="37.3735848"/>
 <node id="10656263103" visible="true" version="1" changeset="132510668" timestamp="2023-02-13T21:49:47Z" user="karitotp" uid="2748195" lat="37.0705038" lon="37.3728177"/>
 <node id="10656263104" visible="true" version="1" changeset="132510668" timestamp="2023-02-13T21:49:47Z" user="karitotp" uid="2748195" lat="37.0693195" lon="37.3735289"/>
 <node id="10656310305" visible="true" version="1" changeset="132510668" timestamp="2023-02-13T21:49:47Z" user="karitotp" uid="2748195" lat="37.0691761" lon="37.3735893"/>
 <node id="10656310306" visible="true" version="1" changeset="132510668" timestamp="2023-02-13T21:49:47Z" user="karitotp" uid="2748195" lat="37.0688604" lon="37.3738722"/>
 <node id="10656310307" visible="true" version="1" changeset="132510668" timestamp="2023-02-13T21:49:47Z" user="karitotp" uid="2748195" lat="37.0690083" lon="37.3746761"/>
 <node id="10656310311" visible="true" version="1" changeset="132510668" timestamp="2023-02-13T21:49:47Z" user="karitotp" uid="2748195" lat="37.0725072" lon="37.3722777"/>
 <node id="10656310338" visible="true" version="1" changeset="132510668" timestamp="2023-02-13T21:49:47Z" user="karitotp" uid="2748195" lat="37.0689901" lon="37.3716353"/>
 <node id="10656310339" visible="true" version="1" changeset="132510668" timestamp="2023-02-13T21:49:47Z" user="karitotp" uid="2748195" lat="37.0689749" lon="37.3718206"/>
 <node id="10656310340" visible="true" version="1" changeset="132510668" timestamp="2023-02-13T21:49:47Z" user="karitotp" uid="2748195" lat="37.0692067" lon="37.3716632"/>
 <node id="10656310341" visible="true" version="1" changeset="132510668" timestamp="2023-02-13T21:49:47Z" user="karitotp" uid="2748195" lat="37.0691894" lon="37.3718752"/>
 <node id="10656310342" visible="true" version="1" changeset="132510668" timestamp="2023-02-13T21:49:47Z" user="karitotp" uid="2748195" lat="37.0688993" lon="37.3718109"/>
 <node id="10656310343" visible="true" version="1" changeset="132510668" timestamp="2023-02-13T21:49:47Z" user="karitotp" uid="2748195" lat="37.0688790" lon="37.3720578"/>
 <node id="10656310344" visible="true" version="1" changeset="132510668" timestamp="2023-02-13T21:49:47Z" user="karitotp" uid="2748195" lat="37.0691290" lon="37.3720899"/>
 <node id="10656310345" visible="true" version="1" changeset="132510668" timestamp="2023-02-13T21:49:47Z" user="karitotp" uid="2748195" lat="37.0691470" lon="37.3718698"/>
 <node id="10656310346" visible="true" version="1" changeset="132510668" timestamp="2023-02-13T21:49:47Z" user="karitotp" uid="2748195" lat="37.0693230" lon="37.3722952"/>
 <node id="10656310347" visible="true" version="1" changeset="132510668" timestamp="2023-02-13T21:49:47Z" user="karitotp" uid="2748195" lat="37.0693398" lon="37.3722987"/>
 <node id="10656310348" visible="true" version="1" changeset="132510668" timestamp="2023-02-13T21:49:47Z" user="karitotp" uid="2748195" lat="37.0694227" lon="37.3725641"/>
 <node id="10656310349" visible="true" version="1" changeset="132510668" timestamp="2023-02-13T21:49:47Z" user="karitotp" uid="2748195" lat="37.0694347" lon="37.3724737"/>
 <node id="10656310350" visible="true" version="1" changeset="132510668" timestamp="2023-02-13T21:49:47Z" user="karitotp" uid="2748195" lat="37.0695877" lon="37.3725055"/>
 <node id="10656310351" visible="true" version="1" changeset="132510668" timestamp="2023-02-13T21:49:47Z" user="karitotp" uid="2748195" lat="37.0696082" lon="37.3723502"/>
 <node id="10656310352" visible="true" version="1" changeset="132510668" timestamp="2023-02-13T21:49:47Z" user="karitotp" uid="2748195" lat="37.0692910" lon="37.3725367"/>
 <node id="10656310353" visible="true" version="1" changeset="132510668" timestamp="2023-02-13T21:49:47Z" user="karitotp" uid="2748195" lat="37.0698433" lon="37.3723991"/>
 <node id="10656310354" visible="true" version="1" changeset="132510668" timestamp="2023-02-13T21:49:47Z" user="karitotp" uid="2748195" lat="37.0698770" lon="37.3721449"/>
 <node id="10656310355" visible="true" version="1" changeset="132510668" timestamp="2023-02-13T21:49:47Z" user="karitotp" uid="2748195" lat="37.0693741" lon="37.3720403"/>
 <node id="10656314323" visible="true" version="3" changeset="133452387" timestamp="2023-03-08T18:59:33Z" user="rab" uid="36894" lat="37.0684748" lon="37.3694319"/>
 <node id="10656314324" visible="true" version="3" changeset="133452387" timestamp="2023-03-08T18:59:33Z" user="rab" uid="36894" lat="37.0685176" lon="37.3703486"/>
 <node id="10656314341" visible="true" version="1" changeset="132510873" timestamp="2023-02-13T21:56:08Z" user="karitotp" uid="2748195" lat="37.0676763" lon="37.3712194"/>
 <node id="10656314342" visible="true" version="1" changeset="132510873" timestamp="2023-02-13T21:56:08Z" user="karitotp" uid="2748195" lat="37.0677688" lon="37.3712496"/>
 <node id="10656314343" visible="true" version="1" changeset="132510873" timestamp="2023-02-13T21:56:08Z" user="karitotp" uid="2748195" lat="37.0677866" lon="37.3711639"/>
 <node id="10656314344" visible="true" version="1" changeset="132510873" timestamp="2023-02-13T21:56:08Z" user="karitotp" uid="2748195" lat="37.0676940" lon="37.3711337"/>
 <node id="10656360831" visible="true" version="1" changeset="132511677" timestamp="2023-02-13T22:24:12Z" user="karitotp" uid="2748195" lat="37.0670595" lon="37.3759979"/>
 <node id="10656360832" visible="true" version="1" changeset="132511677" timestamp="2023-02-13T22:24:12Z" user="karitotp" uid="2748195" lat="37.0674083" lon="37.3756774"/>
 <node id="10665491173" visible="true" version="1" changeset="132598003" timestamp="2023-02-15T19:30:54Z" user="rab" uid="36894" lat="37.0714996" lon="37.3680261"/>
 <node id="10665491174" visible="true" version="1" changeset="132598003" timestamp="2023-02-15T19:30:54Z" user="rab" uid="36894" lat="37.0715009" lon="37.3680809"/>
 <node id="10665491175" visible="true" version="1" changeset="132598003" timestamp="2023-02-15T19:30:54Z" user="rab" uid="36894" lat="37.0714798" lon="37.3680818"/>
 <node id="10665491176" visible="true" version="1" changeset="132598003" timestamp="2023-02-15T19:30:54Z" user="rab" uid="36894" lat="37.0714799" lon="37.3680872"/>
 <node id="10665491177" visible="true" version="1" changeset="132598003" timestamp="2023-02-15T19:30:54Z" user="rab" uid="36894" lat="37.0707291" lon="37.3681158"/>
 <node id="10665491178" visible="true" version="1" changeset="132598003" timestamp="2023-02-15T19:30:54Z" user="rab" uid="36894" lat="37.0707147" lon="37.3675187"/>
 <node id="10665491179" visible="true" version="1" changeset="132598003" timestamp="2023-02-15T19:30:54Z" user="rab" uid="36894" lat="37.0706789" lon="37.3675201"/>
 <node id="10665491180" visible="true" version="1" changeset="132598003" timestamp="2023-02-15T19:30:54Z" user="rab" uid="36894" lat="37.0706705" lon="37.3671734"/>
 <node id="10665491181" visible="true" version="1" changeset="132598003" timestamp="2023-02-15T19:30:54Z" user="rab" uid="36894" lat="37.0707073" lon="37.3671720"/>
 <node id="10665491182" visible="true" version="1" changeset="132598003" timestamp="2023-02-15T19:30:54Z" user="rab" uid="36894" lat="37.0708986" lon="37.3671309"/>
 <node id="10665491183" visible="true" version="1" changeset="132598003" timestamp="2023-02-15T19:30:54Z" user="rab" uid="36894" lat="37.0706837" lon="37.3687690"/>
 <node id="10665491184" visible="true" version="1" changeset="132598003" timestamp="2023-02-15T19:30:54Z" user="rab" uid="36894" lat="37.0710399" lon="37.3687505"/>
 <node id="10665491185" visible="true" version="1" changeset="132598003" timestamp="2023-02-15T19:30:54Z" user="rab" uid="36894" lat="37.0710495" lon="37.3690400"/>
 <node id="10665491186" visible="true" version="1" changeset="132598003" timestamp="2023-02-15T19:30:54Z" user="rab" uid="36894" lat="37.0713333" lon="37.3683492"/>
 <node id="10665491187" visible="true" version="1" changeset="132598003" timestamp="2023-02-15T19:30:54Z" user="rab" uid="36894" lat="37.0714891" lon="37.3690171"/>
 <node id="10665491188" visible="true" version="1" changeset="132598003" timestamp="2023-02-15T19:30:54Z" user="rab" uid="36894" lat="37.0706934" lon="37.3690586"/>
 <node id="10665491193" visible="true" version="1" changeset="132598003" timestamp="2023-02-15T19:30:54Z" user="rab" uid="36894" lat="37.0712906" lon="37.3690274"/>
 <node id="10665491196" visible="true" version="1" changeset="132598003" timestamp="2023-02-15T19:30:54Z" user="rab" uid="36894" lat="37.0714667" lon="37.3683423"/>
 <node id="10665491197" visible="true" version="3" changeset="169078943" timestamp="2025-07-17T20:04:13Z" user="custodiankeyy" uid="23088365" lat="37.0707568" lon="37.3686118"/>
 <node id="10665491198" visible="true" version="3" changeset="169078943" timestamp="2025-07-17T20:04:13Z" user="custodiankeyy" uid="23088365" lat="37.0706851" lon="37.3686157"/>
 <node id="10665491199" visible="true" version="1" changeset="132598003" timestamp="2023-02-15T19:30:54Z" user="rab" uid="36894" lat="37.0709776" lon="37.3686096"/>
 <node id="10665491200" visible="true" version="3" changeset="169078943" timestamp="2025-07-17T20:04:13Z" user="custodiankeyy" uid="23088365" lat="37.0707571" lon="37.3686216"/>
 <node id="10665491201" visible="true" version="1" changeset="132598003" timestamp="2023-02-15T19:30:54Z" user="rab" uid="36894" lat="37.0709764" lon="37.3685735"/>
 <node id="10665491202" visible="true" version="1" changeset="132598003" timestamp="2023-02-15T19:30:54Z" user="rab" uid="36894" lat="37.0710494" lon="37.3685695"/>
 <node id="10665491203" visible="true" version="1" changeset="132598003" timestamp="2023-02-15T19:30:54Z" user="rab" uid="36894" lat="37.0706777" lon="37.3684022"/>
 <node id="10665497310" visible="true" version="1" changeset="132598003" timestamp="2023-02-15T19:30:53Z" user="rab" uid="36894" lat="37.0714103" lon="37.3671310"/>
 <node id="10665497311" visible="true" version="1" changeset="132598003" timestamp="2023-02-15T19:30:53Z" user="rab" uid="36894" lat="37.0714360" lon="37.3671711"/>
 <node id="10665497312" visible="true" version="1" changeset="132598003" timestamp="2023-02-15T19:30:53Z" user="rab" uid="36894" lat="37.0714583" lon="37.3671702"/>
 <node id="10665497313" visible="true" version="1" changeset="132598003" timestamp="2023-02-15T19:30:53Z" user="rab" uid="36894" lat="37.0714791" lon="37.3680268"/>
 <node id="10676359255" visible="true" version="1" changeset="132718007" timestamp="2023-02-18T15:01:48Z" user="rab" uid="36894" lat="37.0774757" lon="37.3669251"/>
 <node id="10676359256" visible="true" version="1" changeset="132718007" timestamp="2023-02-18T15:01:48Z" user="rab" uid="36894" lat="37.0774388" lon="37.3670345"/>
 <node id="10693035666" visible="true" version="1" changeset="133008456" timestamp="2023-02-25T14:53:58Z" user="mikko_tamura" uid="2258022" lat="37.0655046" lon="37.3703612">
  <tag k="addr:district" v="Gaziantep"/>
  <tag k="amenity" v="pharmacy"/>
  <tag k="check_date" v="2023-02-07"/>
  <tag k="fixme" v="resurvey after recovery"/>
  <tag k="healthcare" v="pharmacy"/>
  <tag k="name" v="Gurel Eczanesi"/>
  <tag k="note" v="Gazi Muhtar Paşa Bulv."/>
  <tag k="source" v="SafeGraph"/>
 </node>
 <node id="10693236975" visible="true" version="1" changeset="133012123" timestamp="2023-02-25T16:13:49Z" user="JoshuaOrais" uid="13882764" lat="37.0666594" lon="37.3757452">
  <tag k="addr:district" v="Gaziantep"/>
  <tag k="amenity" v="pharmacy"/>
  <tag k="check_date" v="2023-02-07"/>
  <tag k="fixme" v="resurvey after recovery"/>
  <tag k="healthcare" v="pharmacy"/>
  <tag k="name" v="Arzum Eczanesi"/>
  <tag k="note" v="Muammer Aksoy Blv. No:10/g"/>
  <tag k="source" v="SafeGraph"/>
 </node>
 <node id="10694891123" visible="true" version="1" changeset="133044828" timestamp="2023-02-26T14:21:29Z" user="mikko_tamura" uid="2258022" lat="37.0674843" lon="37.3748325">
  <tag k="addr:district" v="Gaziantep"/>
  <tag k="check_date" v="2023-02-07"/>
  <tag k="fixme" v="resurvey after recovery"/>
  <tag k="name" v="Cagdas Unlu Mamulleri"/>
  <tag k="note" v="Saha Mah."/>
  <tag k="phone" v="+903425172779"/>
  <tag k="shop" v="bakery"/>
  <tag k="source" v="SafeGraph"/>
 </node>
 <node id="10695861918" visible="true" version="1" changeset="133062260" timestamp="2023-02-26T23:04:45Z" user="Indah Sal" uid="18539471" lat="37.0703807" lon="37.3710998">
  <tag k="addr:district" v="Gaziantep"/>
  <tag k="check_date" v="2023-02-07"/>
  <tag k="fixme" v="resurvey after recovery"/>
  <tag k="name" v="Baklavacı Ucler"/>
  <tag k="note" v="İncilipınar Mah. Nail Bilen Cad."/>
  <tag k="phone" v="+903422152627"/>
  <tag k="shop" v="pastry"/>
  <tag k="source" v="SafeGraph"/>
 </node>
 <node id="10695863132" visible="true" version="1" changeset="133062196" timestamp="2023-02-26T23:01:01Z" user="Indah Sal" uid="18539471" lat="37.0661755" lon="37.3702797">
  <tag k="addr:district" v="Gaziantep"/>
  <tag k="check_date" v="2023-02-07"/>
  <tag k="fixme" v="resurvey after recovery"/>
  <tag k="name" v="Yusuf Baklava"/>
  <tag k="note" v="Değirmiçem Mah. Gazi Muhtar Paşa Bulv."/>
  <tag k="phone" v="+903422153224"/>
  <tag k="shop" v="pastry"/>
  <tag k="source" v="SafeGraph"/>
 </node>
 <node id="10695863485" visible="true" version="1" changeset="133062238" timestamp="2023-02-26T23:03:34Z" user="Indah Sal" uid="18539471" lat="37.0675092" lon="37.3715166">
  <tag k="addr:district" v="Gaziantep"/>
  <tag k="check_date" v="2023-02-07"/>
  <tag k="fixme" v="resurvey after recovery"/>
  <tag k="name" v="Yayla Unlu Mamulleri"/>
  <tag k="note" v="İncilpınar Mah. 4 Nolu Cad."/>
  <tag k="phone" v="+903422300619"/>
  <tag k="shop" v="bakery"/>
  <tag k="source" v="SafeGraph"/>
 </node>
 <node id="10707760836" visible="true" version="1" changeset="133269749" timestamp="2023-03-03T20:43:58Z" user="karitotp" uid="2748195" lat="37.0717606" lon="37.3681630"/>
 <node id="10707760837" visible="true" version="1" changeset="133269749" timestamp="2023-03-03T20:43:58Z" user="karitotp" uid="2748195" lat="37.0705843" lon="37.3682195"/>
 <node id="10707760838" visible="true" version="1" changeset="133269749" timestamp="2023-03-03T20:43:58Z" user="karitotp" uid="2748195" lat="37.0692920" lon="37.3697642"/>
 <node id="10707760839" visible="true" version="1" changeset="133269749" timestamp="2023-03-03T20:43:58Z" user="karitotp" uid="2748195" lat="37.0692724" lon="37.3697655"/>
 <node id="10707760840" visible="true" version="1" changeset="133269749" timestamp="2023-03-03T20:43:58Z" user="karitotp" uid="2748195" lat="37.0692944" lon="37.3698219"/>
 <node id="10707760841" visible="true" version="1" changeset="133269749" timestamp="2023-03-03T20:43:58Z" user="karitotp" uid="2748195" lat="37.0689825" lon="37.3697346"/>
 <node id="10707760842" visible="true" version="1" changeset="133269749" timestamp="2023-03-03T20:43:58Z" user="karitotp" uid="2748195" lat="37.0692698" lon="37.3697065"/>
 <node id="10707760843" visible="true" version="1" changeset="133269749" timestamp="2023-03-03T20:43:58Z" user="karitotp" uid="2748195" lat="37.0692644" lon="37.3701483"/>
 <node id="10707760844" visible="true" version="1" changeset="133269749" timestamp="2023-03-03T20:43:58Z" user="karitotp" uid="2748195" lat="37.0693292" lon="37.3701467"/>
 <node id="10707760845" visible="true" version="1" changeset="133269749" timestamp="2023-03-03T20:43:58Z" user="karitotp" uid="2748195" lat="37.0693676" lon="37.3698382"/>
 <node id="10707760846" visible="true" version="1" changeset="133269749" timestamp="2023-03-03T20:43:58Z" user="karitotp" uid="2748195" lat="37.0692596" lon="37.3698409"/>
 <node id="10707760847" visible="true" version="1" changeset="133269749" timestamp="2023-03-03T20:43:58Z" user="karitotp" uid="2748195" lat="37.0693136" lon="37.3698177"/>
 <node id="10707760848" visible="true" version="1" changeset="133269749" timestamp="2023-03-03T20:43:58Z" user="karitotp" uid="2748195" lat="37.0693121" lon="37.3697491"/>
 <node id="10707760849" visible="true" version="1" changeset="133269749" timestamp="2023-03-03T20:43:58Z" user="karitotp" uid="2748195" lat="37.0692921" lon="37.3697498"/>
 <node id="10707760850" visible="true" version="1" changeset="133269749" timestamp="2023-03-03T20:43:58Z" user="karitotp" uid="2748195" lat="37.0693848" lon="37.3698152"/>
 <node id="10707760851" visible="true" version="1" changeset="133269749" timestamp="2023-03-03T20:43:58Z" user="karitotp" uid="2748195" lat="37.0694019" lon="37.3696826"/>
 <node id="10707760852" visible="true" version="1" changeset="133269749" timestamp="2023-03-03T20:43:58Z" user="karitotp" uid="2748195" lat="37.0692907" lon="37.3696865"/>
 <node id="10707760853" visible="true" version="1" changeset="133269749" timestamp="2023-03-03T20:43:58Z" user="karitotp" uid="2748195" lat="37.0692061" lon="37.3694032"/>
 <node id="10707760854" visible="true" version="1" changeset="133269749" timestamp="2023-03-03T20:43:58Z" user="karitotp" uid="2748195" lat="37.0692147" lon="37.3695038"/>
 <node id="10707760855" visible="true" version="1" changeset="133269749" timestamp="2023-03-03T20:43:58Z" user="karitotp" uid="2748195" lat="37.0693757" lon="37.3696432"/>
 <node id="10707760856" visible="true" version="1" changeset="133269749" timestamp="2023-03-03T20:43:58Z" user="karitotp" uid="2748195" lat="37.0693536" lon="37.3693834"/>
 <node id="10707760857" visible="true" version="1" changeset="133269749" timestamp="2023-03-03T20:43:58Z" user="karitotp" uid="2748195" lat="37.0691969" lon="37.3695062"/>
 <node id="10707760858" visible="true" version="1" changeset="133269749" timestamp="2023-03-03T20:43:58Z" user="karitotp" uid="2748195" lat="37.0692105" lon="37.3696654"/>
 <node id="10707760859" visible="true" version="1" changeset="133269749" timestamp="2023-03-03T20:43:58Z" user="karitotp" uid="2748195" lat="37.0690327" lon="37.3697055"/>
 <node id="10707760860" visible="true" version="1" changeset="133269749" timestamp="2023-03-03T20:43:58Z" user="karitotp" uid="2748195" lat="37.0690120" lon="37.3695317"/>
 <node id="10707760861" visible="true" version="1" changeset="133269749" timestamp="2023-03-03T20:43:58Z" user="karitotp" uid="2748195" lat="37.0689086" lon="37.3692570"/>
 <node id="10707760862" visible="true" version="1" changeset="133269749" timestamp="2023-03-03T20:43:58Z" user="karitotp" uid="2748195" lat="37.0689428" lon="37.3695446"/>
 <node id="10707760863" visible="true" version="1" changeset="133269749" timestamp="2023-03-03T20:43:58Z" user="karitotp" uid="2748195" lat="37.0692087" lon="37.3696726"/>
 <node id="10707760864" visible="true" version="1" changeset="133269749" timestamp="2023-03-03T20:43:58Z" user="karitotp" uid="2748195" lat="37.0691537" lon="37.3692111"/>
 <node id="10707760865" visible="true" version="1" changeset="133269749" timestamp="2023-03-03T20:43:58Z" user="karitotp" uid="2748195" lat="37.0694234" lon="37.3696483"/>
 <node id="10707760866" visible="true" version="1" changeset="133269749" timestamp="2023-03-03T20:43:58Z" user="karitotp" uid="2748195" lat="37.0694232" lon="37.3696348"/>
 <node id="10707760867" visible="true" version="1" changeset="133269749" timestamp="2023-03-03T20:43:58Z" user="karitotp" uid="2748195" lat="37.0695912" lon="37.3694573"/>
 <node id="10707760868" visible="true" version="1" changeset="133269749" timestamp="2023-03-03T20:43:58Z" user="karitotp" uid="2748195" lat="37.0695935" lon="37.3696451"/>
 <node id="10707760869" visible="true" version="1" changeset="133269749" timestamp="2023-03-03T20:43:58Z" user="karitotp" uid="2748195" lat="37.0693837" lon="37.3696355"/>
 <node id="10707760870" visible="true" version="1" changeset="133269749" timestamp="2023-03-03T20:43:58Z" user="karitotp" uid="2748195" lat="37.0693816" lon="37.3694614"/>
 <node id="10707760871" visible="true" version="1" changeset="133269749" timestamp="2023-03-03T20:43:58Z" user="karitotp" uid="2748195" lat="37.0695284" lon="37.3691881"/>
 <node id="10707760872" visible="true" version="1" changeset="133269749" timestamp="2023-03-03T20:43:58Z" user="karitotp" uid="2748195" lat="37.0696105" lon="37.3692559"/>
 <node id="10707760873" visible="true" version="1" changeset="133269749" timestamp="2023-03-03T20:43:58Z" user="karitotp" uid="2748195" lat="37.0695356" lon="37.3692668"/>
 <node id="10707760874" visible="true" version="1" changeset="133269749" timestamp="2023-03-03T20:43:58Z" user="karitotp" uid="2748195" lat="37.0694856" lon="37.3690508"/>
 <node id="10707760875" visible="true" version="1" changeset="133269749" timestamp="2023-03-03T20:43:58Z" user="karitotp" uid="2748195" lat="37.0696224" lon="37.3693853"/>
 <node id="10707760876" visible="true" version="1" changeset="133269749" timestamp="2023-03-03T20:43:58Z" user="karitotp" uid="2748195" lat="37.0693590" lon="37.3693913"/>
 <node id="10707760877" visible="true" version="1" changeset="133269749" timestamp="2023-03-03T20:43:58Z" user="karitotp" uid="2748195" lat="37.0693334" lon="37.3691127"/>
 <node id="10707760878" visible="true" version="1" changeset="133269749" timestamp="2023-03-03T20:43:58Z" user="karitotp" uid="2748195" lat="37.0694907" lon="37.3686589"/>
 <node id="10707760879" visible="true" version="1" changeset="133269749" timestamp="2023-03-03T20:43:58Z" user="karitotp" uid="2748195" lat="37.0693431" lon="37.3687214"/>
 <node id="10707760880" visible="true" version="1" changeset="133269749" timestamp="2023-03-03T20:43:58Z" user="karitotp" uid="2748195" lat="37.0694680" lon="37.3685749"/>
 <node id="10707760881" visible="true" version="1" changeset="133269749" timestamp="2023-03-03T20:43:58Z" user="karitotp" uid="2748195" lat="37.0693205" lon="37.3686374"/>
 <node id="10707760882" visible="true" version="1" changeset="133269749" timestamp="2023-03-03T20:43:58Z" user="karitotp" uid="2748195" lat="37.0692972" lon="37.3685692"/>
 <node id="10707760883" visible="true" version="1" changeset="133269749" timestamp="2023-03-03T20:43:58Z" user="karitotp" uid="2748195" lat="37.0694627" lon="37.3684804"/>
 <node id="10707760884" visible="true" version="1" changeset="133269749" timestamp="2023-03-03T20:43:58Z" user="karitotp" uid="2748195" lat="37.0694590" lon="37.3683987"/>
 <node id="10707760885" visible="true" version="1" changeset="133269749" timestamp="2023-03-03T20:43:58Z" user="karitotp" uid="2748195" lat="37.0694112" lon="37.3682910"/>
 <node id="10707760886" visible="true" version="1" changeset="133269749" timestamp="2023-03-03T20:43:58Z" user="karitotp" uid="2748195" lat="37.0692308" lon="37.3684170"/>
 <node id="10707760887" visible="true" version="1" changeset="133269749" timestamp="2023-03-03T20:43:58Z" user="karitotp" uid="2748195" lat="37.0691775" lon="37.3686329"/>
 <node id="10707760888" visible="true" version="1" changeset="133269749" timestamp="2023-03-03T20:43:58Z" user="karitotp" uid="2748195" lat="37.0690505" lon="37.3687279"/>
 <node id="10707760889" visible="true" version="1" changeset="133269749" timestamp="2023-03-03T20:43:58Z" user="karitotp" uid="2748195" lat="37.0691856" lon="37.3687036"/>
 <node id="10707760890" visible="true" version="1" changeset="133269749" timestamp="2023-03-03T20:43:58Z" user="karitotp" uid="2748195" lat="37.0689812" lon="37.3686683"/>
 <node id="10707760891" visible="true" version="1" changeset="133269749" timestamp="2023-03-03T20:43:58Z" user="karitotp" uid="2748195" lat="37.0691301" lon="37.3684044"/>
 <node id="10707760892" visible="true" version="1" changeset="133269749" timestamp="2023-03-03T20:43:58Z" user="karitotp" uid="2748195" lat="37.0691568" lon="37.3686366"/>
 <node id="10707760893" visible="true" version="1" changeset="133269749" timestamp="2023-03-03T20:43:58Z" user="karitotp" uid="2748195" lat="37.0689171" lon="37.3686051"/>
 <node id="10707760894" visible="true" version="1" changeset="133269749" timestamp="2023-03-03T20:43:58Z" user="karitotp" uid="2748195" lat="37.0689027" lon="37.3684791"/>
 <node id="10707760895" visible="true" version="1" changeset="133269749" timestamp="2023-03-03T20:43:58Z" user="karitotp" uid="2748195" lat="37.0703193" lon="37.3697792"/>
 <node id="10707760896" visible="true" version="1" changeset="133269749" timestamp="2023-03-03T20:43:58Z" user="karitotp" uid="2748195" lat="37.0701227" lon="37.3697792"/>
 <node id="10707760897" visible="true" version="1" changeset="133269749" timestamp="2023-03-03T20:43:58Z" user="karitotp" uid="2748195" lat="37.0697582" lon="37.3696017"/>
 <node id="10707760898" visible="true" version="1" changeset="133269749" timestamp="2023-03-03T20:43:58Z" user="karitotp" uid="2748195" lat="37.0697597" lon="37.3697909"/>
 <node id="10707760899" visible="true" version="1" changeset="133269749" timestamp="2023-03-03T20:43:58Z" user="karitotp" uid="2748195" lat="37.0699600" lon="37.3697884"/>
 <node id="10707760900" visible="true" version="1" changeset="133269749" timestamp="2023-03-03T20:43:58Z" user="karitotp" uid="2748195" lat="37.0699779" lon="37.3694745"/>
 <node id="10707760901" visible="true" version="1" changeset="133269749" timestamp="2023-03-03T20:43:58Z" user="karitotp" uid="2748195" lat="37.0699575" lon="37.3694747"/>
 <node id="10707760902" visible="true" version="1" changeset="133269749" timestamp="2023-03-03T20:43:58Z" user="karitotp" uid="2748195" lat="37.0698669" lon="37.3694090"/>
 <node id="10707760903" visible="true" version="1" changeset="133269749" timestamp="2023-03-03T20:43:58Z" user="karitotp" uid="2748195" lat="37.0698673" lon="37.3694643"/>
 <node id="10707760904" visible="true" version="1" changeset="133269749" timestamp="2023-03-03T20:43:58Z" user="karitotp" uid="2748195" lat="37.0699773" lon="37.3694076"/>
 <node id="10707785005" visible="true" version="1" changeset="133269749" timestamp="2023-03-03T20:43:58Z" user="karitotp" uid="2748195" lat="37.0699585" lon="37.3695992"/>
 <node id="10707785006" visible="true" version="1" changeset="133269749" timestamp="2023-03-03T20:43:58Z" user="karitotp" uid="2748195" lat="37.0697850" lon="37.3696014"/>
 <node id="10707785007" visible="true" version="1" changeset="133269749" timestamp="2023-03-03T20:43:58Z" user="karitotp" uid="2748195" lat="37.0697839" lon="37.3694654"/>
 <node id="10707785008" visible="true" version="1" changeset="133269749" timestamp="2023-03-03T20:43:58Z" user="karitotp" uid="2748195" lat="37.0700283" lon="37.3685680"/>
 <node id="10707785009" visible="true" version="1" changeset="133269749" timestamp="2023-03-03T20:43:58Z" user="karitotp" uid="2748195" lat="37.0698700" lon="37.3685930"/>
 <node id="10707785010" visible="true" version="1" changeset="133269749" timestamp="2023-03-03T20:43:58Z" user="karitotp" uid="2748195" lat="37.0700154" lon="37.3684393"/>
 <node id="10707785011" visible="true" version="1" changeset="133269749" timestamp="2023-03-03T20:43:58Z" user="karitotp" uid="2748195" lat="37.0701574" lon="37.3689431"/>
 <node id="10707785012" visible="true" version="1" changeset="133269749" timestamp="2023-03-03T20:43:58Z" user="karitotp" uid="2748195" lat="37.0701598" lon="37.3689975"/>
 <node id="10707785013" visible="true" version="1" changeset="133269749" timestamp="2023-03-03T20:43:58Z" user="karitotp" uid="2748195" lat="37.0703961" lon="37.3689816"/>
 <node id="10707785014" visible="true" version="1" changeset="133269749" timestamp="2023-03-03T20:43:58Z" user="karitotp" uid="2748195" lat="37.0703938" lon="37.3689272"/>
 <node id="10707785015" visible="true" version="1" changeset="133269749" timestamp="2023-03-03T20:43:58Z" user="karitotp" uid="2748195" lat="37.0702402" lon="37.3682332"/>
 <node id="10707785016" visible="true" version="1" changeset="133269749" timestamp="2023-03-03T20:43:58Z" user="karitotp" uid="2748195" lat="37.0702440" lon="37.3683321"/>
 <node id="10707785017" visible="true" version="1" changeset="133269749" timestamp="2023-03-03T20:43:58Z" user="karitotp" uid="2748195" lat="37.0701826" lon="37.3683359"/>
 <node id="10707785018" visible="true" version="1" changeset="133269749" timestamp="2023-03-03T20:43:58Z" user="karitotp" uid="2748195" lat="37.0701788" lon="37.3682369"/>
 <node id="10707785019" visible="true" version="1" changeset="133269749" timestamp="2023-03-03T20:43:58Z" user="karitotp" uid="2748195" lat="37.0702781" lon="37.3683200"/>
 <node id="10707785020" visible="true" version="1" changeset="133269749" timestamp="2023-03-03T20:43:58Z" user="karitotp" uid="2748195" lat="37.0702772" lon="37.3682958"/>
 <node id="10707785021" visible="true" version="1" changeset="133269749" timestamp="2023-03-03T20:43:58Z" user="karitotp" uid="2748195" lat="37.0702495" lon="37.3681921"/>
 <node id="10707785022" visible="true" version="1" changeset="133269749" timestamp="2023-03-03T20:43:58Z" user="karitotp" uid="2748195" lat="37.0702537" lon="37.3682973"/>
 <node id="10707785023" visible="true" version="1" changeset="133269749" timestamp="2023-03-03T20:43:58Z" user="karitotp" uid="2748195" lat="37.0703989" lon="37.3683126"/>
 <node id="10707785024" visible="true" version="1" changeset="133269749" timestamp="2023-03-03T20:43:58Z" user="karitotp" uid="2748195" lat="37.0687914" lon="37.3684327"/>
 <node id="10707785025" visible="true" version="1" changeset="133269749" timestamp="2023-03-03T20:43:58Z" user="karitotp" uid="2748195" lat="37.0687780" lon="37.3684267"/>
 <node id="10707785026" visible="true" version="1" changeset="133269749" timestamp="2023-03-03T20:43:58Z" user="karitotp" uid="2748195" lat="37.0687668" lon="37.3684039"/>
 <node id="10707785027" visible="true" version="1" changeset="133269749" timestamp="2023-03-03T20:43:58Z" user="karitotp" uid="2748195" lat="37.0687636" lon="37.3683891"/>
 <node id="10707785028" visible="true" version="1" changeset="133269749" timestamp="2023-03-03T20:43:58Z" user="karitotp" uid="2748195" lat="37.0687673" lon="37.3683543"/>
 <node id="10707785029" visible="true" version="1" changeset="133269749" timestamp="2023-03-03T20:43:58Z" user="karitotp" uid="2748195" lat="37.0687802" lon="37.3683221"/>
 <node id="10707785030" visible="true" version="1" changeset="133269749" timestamp="2023-03-03T20:43:58Z" user="karitotp" uid="2748195" lat="37.0687796" lon="37.3682819"/>
 <node id="10707785031" visible="true" version="1" changeset="133269749" timestamp="2023-03-03T20:43:58Z" user="karitotp" uid="2748195" lat="37.0687919" lon="37.3682644"/>
 <node id="10707785032" visible="true" version="1" changeset="133269749" timestamp="2023-03-03T20:43:58Z" user="karitotp" uid="2748195" lat="37.0688144" lon="37.3684361"/>
 <node id="10707785033" visible="true" version="1" changeset="133269749" timestamp="2023-03-03T20:43:58Z" user="karitotp" uid="2748195" lat="37.0696657" lon="37.3681663"/>
 <node id="10707785034" visible="true" version="1" changeset="133269749" timestamp="2023-03-03T20:43:58Z" user="karitotp" uid="2748195" lat="37.0696498" lon="37.3681325"/>
 <node id="10708302354" visible="true" version="1" changeset="133278144" timestamp="2023-03-04T06:38:58Z" user="Chisom Okwuchi" uid="10971400" lat="37.0688968" lon="37.3740372">
  <tag k="addr:district" v="Gaziantep"/>
  <tag k="check_date" v="2023-02-12"/>
  <tag k="fixme" v="resurvey after recovery"/>
  <tag k="name" v="Emin Bakkaliye"/>
  <tag k="note" v="Aksoy Sok. No: 8 / C"/>
  <tag k="phone" v="+903425182391"/>
  <tag k="shop" v="grocery"/>
  <tag k="source" v="SafeGraph"/>
 </node>
 <node id="10708569741" visible="true" version="1" changeset="133278911" timestamp="2023-03-04T07:18:50Z" user="hoshimachi" uid="18376950" lat="37.0654981" lon="37.3704189">
  <tag k="addr:district" v="Gaziantep"/>
  <tag k="check_date" v="2023-02-12"/>
  <tag k="fixme" v="resurvey after recovery"/>
  <tag k="name" v="Sok"/>
  <tag k="note" v="Gazi Muhtar Paşa Bulv."/>
  <tag k="phone" v="+903422154459"/>
  <tag k="shop" v="supermarket"/>
  <tag k="source" v="SafeGraph"/>
 </node>
 <node id="10709437319" visible="true" version="1" changeset="133293911" timestamp="2023-03-04T15:09:00Z" user="rab" uid="36894" lat="37.0626516" lon="37.3343968"/>
 <node id="10709437320" visible="true" version="1" changeset="133293911" timestamp="2023-03-04T15:09:00Z" user="rab" uid="36894" lat="37.0647234" lon="37.3316502"/>
 <node id="10709437321" visible="true" version="1" changeset="133293911" timestamp="2023-03-04T15:09:00Z" user="rab" uid="36894" lat="37.0636875" lon="37.3349333"/>
 <node id="10709437349" visible="true" version="1" changeset="133293911" timestamp="2023-03-04T15:09:00Z" user="rab" uid="36894" lat="37.0686443" lon="37.3680854"/>
 <node id="10709437350" visible="true" version="1" changeset="133293911" timestamp="2023-03-04T15:09:00Z" user="rab" uid="36894" lat="37.0651386" lon="37.3708749"/>
 <node id="10709437351" visible="true" version="1" changeset="133293911" timestamp="2023-03-04T15:09:00Z" user="rab" uid="36894" lat="37.0646549" lon="37.3737985"/>
 <node id="10709437352" visible="true" version="1" changeset="133293911" timestamp="2023-03-04T15:09:00Z" user="rab" uid="36894" lat="37.0654425" lon="37.3765022"/>
 <node id="10709437353" visible="true" version="1" changeset="133293911" timestamp="2023-03-04T15:09:00Z" user="rab" uid="36894" lat="37.0663928" lon="37.3768616"/>
 <node id="10709437354" visible="true" version="1" changeset="133293911" timestamp="2023-03-04T15:09:00Z" user="rab" uid="36894" lat="37.0662943" lon="37.3778647"/>
 <node id="10709437355" visible="true" version="2" changeset="133435773" timestamp="2023-03-08T10:53:41Z" user="rab" uid="36894" lat="37.0705019" lon="37.3795921"/>
 <node id="10709437356" visible="true" version="2" changeset="133435773" timestamp="2023-03-08T10:53:41Z" user="rab" uid="36894" lat="37.0711354" lon="37.3772639"/>
 <node id="10709437357" visible="true" version="2" changeset="133435773" timestamp="2023-03-08T10:53:41Z" user="rab" uid="36894" lat="37.0714136" lon="37.3749706"/>
 <node id="10709437358" visible="true" version="2" changeset="133435773" timestamp="2023-03-08T10:53:41Z" user="rab" uid="36894" lat="37.0695774" lon="37.3744529"/>
 <node id="10709437359" visible="true" version="2" changeset="133435773" timestamp="2023-03-08T10:53:41Z" user="rab" uid="36894" lat="37.0700268" lon="37.3723662"/>
 <node id="10709437360" visible="true" version="1" changeset="133293911" timestamp="2023-03-04T15:09:00Z" user="rab" uid="36894" lat="37.0721969" lon="37.3720765"/>
 <node id="10709437361" visible="true" version="1" changeset="133293911" timestamp="2023-03-04T15:09:00Z" user="rab" uid="36894" lat="37.0725992" lon="37.3687398"/>
 <node id="10709437362" visible="true" version="2" changeset="146634608" timestamp="2024-01-24T15:26:31Z" user="mappinglander" uid="11978982" lat="37.0746879" lon="37.3692816"/>
 <node id="10709437363" visible="true" version="2" changeset="146634608" timestamp="2024-01-24T15:26:31Z" user="mappinglander" uid="11978982" lat="37.0745038" lon="37.3718485"/>
 <node id="10709437364" visible="true" version="1" changeset="133293911" timestamp="2023-03-04T15:09:00Z" user="rab" uid="36894" lat="37.0748719" lon="37.3721731"/>
 <node id="10709437365" visible="true" version="1" changeset="133293911" timestamp="2023-03-04T15:09:00Z" user="rab" uid="36894" lat="37.0757793" lon="37.3719639"/>
 <node id="10709437366" visible="true" version="1" changeset="133293911" timestamp="2023-03-04T15:09:00Z" user="rab" uid="36894" lat="37.0766866" lon="37.3711216"/>
 <node id="10709437367" visible="true" version="1" changeset="133293911" timestamp="2023-03-04T15:09:00Z" user="rab" uid="36894" lat="37.0775469" lon="37.3691368"/>
 <node id="10709437368" visible="true" version="1" changeset="133293911" timestamp="2023-03-04T15:09:00Z" user="rab" uid="36894" lat="37.0795944" lon="37.3533487"/>
 <node id="10709437369" visible="true" version="1" changeset="133293911" timestamp="2023-03-04T15:09:00Z" user="rab" uid="36894" lat="37.0801789" lon="37.3549694"/>
 <node id="10709437370" visible="true" version="1" changeset="133293911" timestamp="2023-03-04T15:09:00Z" user="rab" uid="36894" lat="37.0791218" lon="37.3554146"/>
 <node id="10709437371" visible="true" version="1" changeset="133293911" timestamp="2023-03-04T15:09:00Z" user="rab" uid="36894" lat="37.0782402" lon="37.3559725"/>
 <node id="10709437372" visible="true" version="2" changeset="146634608" timestamp="2024-01-24T15:26:31Z" user="mappinglander" uid="11978982" lat="37.0774934" lon="37.3573606"/>
 <node id="10709437389" visible="true" version="1" changeset="133293911" timestamp="2023-03-04T15:09:00Z" user="rab" uid="36894" lat="37.0707416" lon="37.3197144"/>
 <node id="10709437390" visible="true" version="1" changeset="133293911" timestamp="2023-03-04T15:09:00Z" user="rab" uid="36894" lat="37.0744268" lon="37.3229599"/>
 <node id="10709437391" visible="true" version="1" changeset="133293911" timestamp="2023-03-04T15:09:00Z" user="rab" uid="36894" lat="37.0782488" lon="37.3248535"/>
 <node id="10709437392" visible="true" version="1" changeset="133293911" timestamp="2023-03-04T15:09:00Z" user="rab" uid="36894" lat="37.0781246" lon="37.3253846"/>
 <node id="10709437393" visible="true" version="1" changeset="133293911" timestamp="2023-03-04T15:09:00Z" user="rab" uid="36894" lat="37.0785997" lon="37.3256636"/>
 <node id="10709437394" visible="true" version="1" changeset="133293911" timestamp="2023-03-04T15:09:00Z" user="rab" uid="36894" lat="37.0782787" lon="37.3270798"/>
 <node id="10709437395" visible="true" version="1" changeset="133293911" timestamp="2023-03-04T15:09:00Z" user="rab" uid="36894" lat="37.0804999" lon="37.3278952"/>
 <node id="10709437396" visible="true" version="1" changeset="133293911" timestamp="2023-03-04T15:09:00Z" user="rab" uid="36894" lat="37.0811632" lon="37.3281687"/>
 <node id="10709437397" visible="true" version="1" changeset="133293911" timestamp="2023-03-04T15:09:00Z" user="rab" uid="36894" lat="37.0814157" lon="37.3272997"/>
 <node id="10709437398" visible="true" version="1" changeset="133293911" timestamp="2023-03-04T15:09:00Z" user="rab" uid="36894" lat="37.0805170" lon="37.3270798"/>
 <node id="10709437399" visible="true" version="1" changeset="133293911" timestamp="2023-03-04T15:09:00Z" user="rab" uid="36894" lat="37.0807224" lon="37.3260391"/>
 <node id="10709437400" visible="true" version="1" changeset="133293911" timestamp="2023-03-04T15:09:00Z" user="rab" uid="36894" lat="37.0832988" lon="37.3266077"/>
 <node id="10709437401" visible="true" version="1" changeset="133293911" timestamp="2023-03-04T15:09:00Z" user="rab" uid="36894" lat="37.0833244" lon="37.3268008"/>
 <node id="10709437402" visible="true" version="1" changeset="133293911" timestamp="2023-03-04T15:09:00Z" user="rab" uid="36894" lat="37.0856525" lon="37.3265219"/>
 <node id="10709437403" visible="true" version="1" changeset="133293911" timestamp="2023-03-04T15:09:00Z" user="rab" uid="36894" lat="37.0860248" lon="37.3268759"/>
 <node id="10709437404" visible="true" version="1" changeset="133293911" timestamp="2023-03-04T15:09:00Z" user="rab" uid="36894" lat="37.0863714" lon="37.3267096"/>
 <node id="10709442103" visible="true" version="1" changeset="133293911" timestamp="2023-03-04T15:09:01Z" user="rab" uid="36894" lat="37.0909159" lon="37.3471427"/>
 <node id="10709442104" visible="true" version="1" changeset="133293911" timestamp="2023-03-04T15:09:01Z" user="rab" uid="36894" lat="37.0900686" lon="37.3465955"/>
 <node id="10709738505" visible="true" version="1" changeset="133293911" timestamp="2023-03-04T15:09:00Z" user="rab" uid="36894" lat="37.0866324" lon="37.3264253"/>
 <node id="10709738506" visible="true" version="1" changeset="133293911" timestamp="2023-03-04T15:09:00Z" user="rab" uid="36894" lat="37.0868892" lon="37.3255777"/>
 <node id="10709738507" visible="true" version="1" changeset="133293911" timestamp="2023-03-04T15:09:00Z" user="rab" uid="36894" lat="37.0886950" lon="37.3245156"/>
 <node id="10709738508" visible="true" version="1" changeset="133293911" timestamp="2023-03-04T15:09:00Z" user="rab" uid="36894" lat="37.0893754" lon="37.3245639"/>
 <node id="10709738509" visible="true" version="1" changeset="133293911" timestamp="2023-03-04T15:09:00Z" user="rab" uid="36894" lat="37.0895466" lon="37.3242581"/>
 <node id="10709738510" visible="true" version="1" changeset="133293911" timestamp="2023-03-04T15:09:00Z" user="rab" uid="36894" lat="37.0913010" lon="37.3259050"/>
 <node id="10709738511" visible="true" version="1" changeset="133293911" timestamp="2023-03-04T15:09:00Z" user="rab" uid="36894" lat="37.0914936" lon="37.3256904"/>
 <node id="10709738512" visible="true" version="1" changeset="133293911" timestamp="2023-03-04T15:09:00Z" user="rab" uid="36894" lat="37.0948782" lon="37.3288178"/>
 <node id="10709738513" visible="true" version="1" changeset="133293911" timestamp="2023-03-04T15:09:00Z" user="rab" uid="36894" lat="37.0964186" lon="37.3288286"/>
 <node id="10709738514" visible="true" version="1" changeset="133293911" timestamp="2023-03-04T15:09:00Z" user="rab" uid="36894" lat="37.0965641" lon="37.3290110"/>
 <node id="10709738605" visible="true" version="1" changeset="133293911" timestamp="2023-03-04T15:09:01Z" user="rab" uid="36894" lat="37.0894781" lon="37.3468101"/>
 <node id="10709738606" visible="true" version="1" changeset="133293911" timestamp="2023-03-04T15:09:01Z" user="rab" uid="36894" lat="37.0892043" lon="37.3466921"/>
 <node id="10709738607" visible="true" version="1" changeset="133293911" timestamp="2023-03-04T15:09:01Z" user="rab" uid="36894" lat="37.0885110" lon="37.3473894"/>
 <node id="10709738608" visible="true" version="1" changeset="133293911" timestamp="2023-03-04T15:09:01Z" user="rab" uid="36894" lat="37.0880574" lon="37.3468959"/>
 <node id="10709738609" visible="true" version="1" changeset="133293911" timestamp="2023-03-04T15:09:01Z" user="rab" uid="36894" lat="37.0897862" lon="37.3443746"/>
 <node id="10709738610" visible="true" version="1" changeset="133293911" timestamp="2023-03-04T15:09:01Z" user="rab" uid="36894" lat="37.0910443" lon="37.3449433"/>
 <node id="10709738611" visible="true" version="1" changeset="133293911" timestamp="2023-03-04T15:09:01Z" user="rab" uid="36894" lat="37.0917332" lon="37.3434734"/>
 <node id="10709738612" visible="true" version="1" changeset="133293911" timestamp="2023-03-04T15:09:01Z" user="rab" uid="36894" lat="37.0910871" lon="37.3428297"/>
 <node id="10709738613" visible="true" version="1" changeset="133293911" timestamp="2023-03-04T15:09:01Z" user="rab" uid="36894" lat="37.0900173" lon="37.3424113"/>
 <node id="10709738614" visible="true" version="1" changeset="133293911" timestamp="2023-03-04T15:09:01Z" user="rab" uid="36894" lat="37.0892256" lon="37.3420358"/>
 <node id="10709738615" visible="true" version="1" changeset="133293911" timestamp="2023-03-04T15:09:01Z" user="rab" uid="36894" lat="37.0886223" lon="37.3435217"/>
 <node id="10709738616" visible="true" version="1" changeset="133293911" timestamp="2023-03-04T15:09:01Z" user="rab" uid="36894" lat="37.0893904" lon="37.3443344"/>
 <node id="10709738617" visible="true" version="1" changeset="133293911" timestamp="2023-03-04T15:09:01Z" user="rab" uid="36894" lat="37.0890759" lon="37.3451337"/>
 <node id="10709738618" visible="true" version="1" changeset="133293911" timestamp="2023-03-04T15:09:01Z" user="rab" uid="36894" lat="37.0886137" lon="37.3457211"/>
 <node id="10709738619" visible="true" version="1" changeset="133293911" timestamp="2023-03-04T15:09:01Z" user="rab" uid="36894" lat="37.0884853" lon="37.3459089"/>
 <node id="10709738620" visible="true" version="1" changeset="133293911" timestamp="2023-03-04T15:09:01Z" user="rab" uid="36894" lat="37.0880617" lon="37.3453456"/>
 <node id="10709738621" visible="true" version="1" changeset="133293911" timestamp="2023-03-04T15:09:01Z" user="rab" uid="36894" lat="37.0867437" lon="37.3449647"/>
 <node id="10709738622" visible="true" version="1" changeset="133293911" timestamp="2023-03-04T15:09:01Z" user="rab" uid="36894" lat="37.0869576" lon="37.3444444"/>
 <node id="10709738623" visible="true" version="1" changeset="133293911" timestamp="2023-03-04T15:09:01Z" user="rab" uid="36894" lat="37.0868079" lon="37.3441064"/>
 <node id="10709738624" visible="true" version="1" changeset="133293911" timestamp="2023-03-04T15:09:01Z" user="rab" uid="36894" lat="37.0848180" lon="37.3427600"/>
 <node id="10709738625" visible="true" version="1" changeset="133293911" timestamp="2023-03-04T15:09:01Z" user="rab" uid="36894" lat="37.0833758" lon="37.3466277"/>
 <node id="10709738626" visible="true" version="1" changeset="133293911" timestamp="2023-03-04T15:09:01Z" user="rab" uid="36894" lat="37.0852074" lon="37.3475718"/>
 <node id="10709738627" visible="true" version="1" changeset="133293911" timestamp="2023-03-04T15:09:01Z" user="rab" uid="36894" lat="37.0864356" lon="37.3484033"/>
 <node id="10709738628" visible="true" version="1" changeset="133293911" timestamp="2023-03-04T15:09:01Z" user="rab" uid="36894" lat="37.0852673" lon="37.3487681"/>
 <node id="10709738629" visible="true" version="1" changeset="133293911" timestamp="2023-03-04T15:09:01Z" user="rab" uid="36894" lat="37.0853614" lon="37.3500341"/>
 <node id="10709738630" visible="true" version="1" changeset="133293911" timestamp="2023-03-04T15:09:01Z" user="rab" uid="36894" lat="37.0879975" lon="37.3505384"/>
 <node id="10709738631" visible="true" version="1" changeset="133293911" timestamp="2023-03-04T15:09:01Z" user="rab" uid="36894" lat="37.0882757" lon="37.3494279"/>
 <node id="10709738632" visible="true" version="1" changeset="133293911" timestamp="2023-03-04T15:09:01Z" user="rab" uid="36894" lat="37.0887806" lon="37.3495781"/>
 <node id="10709738633" visible="true" version="1" changeset="133293911" timestamp="2023-03-04T15:09:01Z" user="rab" uid="36894" lat="37.0884426" lon="37.3511875"/>
 <node id="10709738634" visible="true" version="1" changeset="133293911" timestamp="2023-03-04T15:09:01Z" user="rab" uid="36894" lat="37.0881944" lon="37.3514128"/>
 <node id="10709738635" visible="true" version="1" changeset="133293911" timestamp="2023-03-04T15:09:01Z" user="rab" uid="36894" lat="37.0853272" lon="37.3510265"/>
 <node id="10709738636" visible="true" version="1" changeset="133293911" timestamp="2023-03-04T15:09:01Z" user="rab" uid="36894" lat="37.0851218" lon="37.3529684"/>
 <node id="10709738637" visible="true" version="1" changeset="133293911" timestamp="2023-03-04T15:09:01Z" user="rab" uid="36894" lat="37.0857209" lon="37.3530328"/>
 <node id="10709738638" visible="true" version="1" changeset="133293911" timestamp="2023-03-04T15:09:01Z" user="rab" uid="36894" lat="37.0869277" lon="37.3536980"/>
 <node id="10709738639" visible="true" version="1" changeset="133293911" timestamp="2023-03-04T15:09:01Z" user="rab" uid="36894" lat="37.0853871" lon="37.3561013"/>
 <node id="10709738640" visible="true" version="1" changeset="133293911" timestamp="2023-03-04T15:09:01Z" user="rab" uid="36894" lat="37.0827852" lon="37.3551357"/>
 <node id="10709738641" visible="true" version="1" changeset="133293911" timestamp="2023-03-04T15:09:01Z" user="rab" uid="36894" lat="37.0829650" lon="37.3536873"/>
 <node id="10709738642" visible="true" version="1" changeset="133293911" timestamp="2023-03-04T15:09:01Z" user="rab" uid="36894" lat="37.0825370" lon="37.3515630"/>
 <node id="10709738643" visible="true" version="1" changeset="133293911" timestamp="2023-03-04T15:09:01Z" user="rab" uid="36894" lat="37.0752528" lon="37.3559832"/>
 <node id="10709738644" visible="true" version="1" changeset="133293911" timestamp="2023-03-04T15:09:01Z" user="rab" uid="36894" lat="37.0753384" lon="37.3576248"/>
 <node id="10709738645" visible="true" version="1" changeset="133293911" timestamp="2023-03-04T15:09:01Z" user="rab" uid="36894" lat="37.0766909" lon="37.3578286"/>
 <node id="10709738646" visible="true" version="1" changeset="133293911" timestamp="2023-03-04T15:09:01Z" user="rab" uid="36894" lat="37.0756894" lon="37.3632467"/>
 <node id="10709738647" visible="true" version="1" changeset="133293911" timestamp="2023-03-04T15:09:01Z" user="rab" uid="36894" lat="37.0784285" lon="37.3641693"/>
 <node id="10709738648" visible="true" version="1" changeset="133293911" timestamp="2023-03-04T15:09:01Z" user="rab" uid="36894" lat="37.0777009" lon="37.3671412"/>
 <node id="10709738649" visible="true" version="1" changeset="133293911" timestamp="2023-03-04T15:09:01Z" user="rab" uid="36894" lat="37.0749276" lon="37.3660684"/>
 <node id="10709738650" visible="true" version="1" changeset="133293911" timestamp="2023-03-04T15:09:01Z" user="rab" uid="36894" lat="37.0725992" lon="37.3660254"/>
 <node id="10709738651" visible="true" version="1" changeset="133293911" timestamp="2023-03-04T15:09:01Z" user="rab" uid="36894" lat="37.0705533" lon="37.3664331"/>
 <node id="10709738652" visible="true" version="1" changeset="133293911" timestamp="2023-03-04T15:09:01Z" user="rab" uid="36894" lat="37.0705832" lon="37.3692816"/>
 <node id="10709738653" visible="true" version="1" changeset="133293911" timestamp="2023-03-04T15:09:01Z" user="rab" uid="36894" lat="37.0697229" lon="37.3693567"/>
 <node id="10709738654" visible="true" version="1" changeset="133293911" timestamp="2023-03-04T15:09:01Z" user="rab" uid="36894" lat="37.0697015" lon="37.3689759"/>
 <node id="10709738655" visible="true" version="1" changeset="133293911" timestamp="2023-03-04T15:09:01Z" user="rab" uid="36894" lat="37.0688497" lon="37.3691153"/>
 <node id="10709738656" visible="true" version="1" changeset="133293911" timestamp="2023-03-04T15:09:01Z" user="rab" uid="36894" lat="37.0661873" lon="37.3702955"/>
 <node id="10709738657" visible="true" version="1" changeset="133293911" timestamp="2023-03-04T15:09:01Z" user="rab" uid="36894" lat="37.0650915" lon="37.3704725"/>
 <node id="10709738658" visible="true" version="1" changeset="133293911" timestamp="2023-03-04T15:09:01Z" user="rab" uid="36894" lat="37.0647277" lon="37.3687345"/>
 <node id="10709738659" visible="true" version="1" changeset="133293911" timestamp="2023-03-04T15:09:01Z" user="rab" uid="36894" lat="37.0658834" lon="37.3681605"/>
 <node id="10709738660" visible="true" version="1" changeset="133293911" timestamp="2023-03-04T15:09:01Z" user="rab" uid="36894" lat="37.0651386" lon="37.3661435"/>
 <node id="10709738661" visible="true" version="1" changeset="133293911" timestamp="2023-03-04T15:09:01Z" user="rab" uid="36894" lat="37.0658063" lon="37.3657787"/>
 <node id="10709738662" visible="true" version="1" changeset="133293911" timestamp="2023-03-04T15:09:01Z" user="rab" uid="36894" lat="37.0654425" lon="37.3647380"/>
 <node id="10709738663" visible="true" version="1" changeset="133293911" timestamp="2023-03-04T15:09:01Z" user="rab" uid="36894" lat="37.0643167" lon="37.3653173"/>
 <node id="10709738664" visible="true" version="1" changeset="133293911" timestamp="2023-03-04T15:09:01Z" user="rab" uid="36894" lat="37.0637388" lon="37.3633861"/>
 <node id="10709738665" visible="true" version="1" changeset="133293911" timestamp="2023-03-04T15:09:01Z" user="rab" uid="36894" lat="37.0666068" lon="37.3617661"/>
 <node id="10709738666" visible="true" version="1" changeset="133293911" timestamp="2023-03-04T15:09:01Z" user="rab" uid="36894" lat="37.0661873" lon="37.3593843"/>
 <node id="10709738667" visible="true" version="1" changeset="133293911" timestamp="2023-03-04T15:09:01Z" user="rab" uid="36894" lat="37.0634221" lon="37.3603821"/>
 <node id="10709738668" visible="true" version="1" changeset="133293911" timestamp="2023-03-04T15:09:01Z" user="rab" uid="36894" lat="37.0634050" lon="37.3591804"/>
 <node id="10709738669" visible="true" version="1" changeset="133293911" timestamp="2023-03-04T15:09:01Z" user="rab" uid="36894" lat="37.0658363" lon="37.3583650"/>
 <node id="10709738670" visible="true" version="1" changeset="133293911" timestamp="2023-03-04T15:09:01Z" user="rab" uid="36894" lat="37.0650744" lon="37.3561656"/>
 <node id="10709738671" visible="true" version="1" changeset="133293911" timestamp="2023-03-04T15:09:01Z" user="rab" uid="36894" lat="37.0645693" lon="37.3514235"/>
 <node id="10709738672" visible="true" version="1" changeset="133293911" timestamp="2023-03-04T15:09:01Z" user="rab" uid="36894" lat="37.0648175" lon="37.3485696"/>
 <node id="10709738673" visible="true" version="1" changeset="133293911" timestamp="2023-03-04T15:09:01Z" user="rab" uid="36894" lat="37.0646549" lon="37.3466706"/>
 <node id="10709738674" visible="true" version="1" changeset="133293911" timestamp="2023-03-04T15:09:01Z" user="rab" uid="36894" lat="37.0643210" lon="37.3444283"/>
 <node id="10709738675" visible="true" version="1" changeset="133293911" timestamp="2023-03-04T15:09:01Z" user="rab" uid="36894" lat="37.0633793" lon="37.3407698"/>
 <node id="10709738676" visible="true" version="1" changeset="133293911" timestamp="2023-03-04T15:09:01Z" user="rab" uid="36894" lat="37.0707074" lon="37.3393750"/>
 <node id="10709738677" visible="true" version="1" changeset="133293911" timestamp="2023-03-04T15:09:01Z" user="rab" uid="36894" lat="37.0686700" lon="37.3382699"/>
 <node id="10709738678" visible="true" version="1" changeset="133293911" timestamp="2023-03-04T15:09:01Z" user="rab" uid="36894" lat="37.0692093" lon="37.3346704"/>
 <node id="10709738679" visible="true" version="1" changeset="133293911" timestamp="2023-03-04T15:09:01Z" user="rab" uid="36894" lat="37.0697144" lon="37.3321760"/>
 <node id="10709738680" visible="true" version="1" changeset="133293911" timestamp="2023-03-04T15:09:01Z" user="rab" uid="36894" lat="37.0656908" lon="37.3310602"/>
 <node id="10709738681" visible="true" version="1" changeset="133293911" timestamp="2023-03-04T15:09:01Z" user="rab" uid="36894" lat="37.0654725" lon="37.3318487"/>
 <node id="10709738682" visible="true" version="1" changeset="133293911" timestamp="2023-03-04T15:09:01Z" user="rab" uid="36894" lat="37.0637217" lon="37.3313069"/>
 <node id="10709738683" visible="true" version="1" changeset="133293911" timestamp="2023-03-04T15:09:01Z" user="rab" uid="36894" lat="37.0652799" lon="37.3253631"/>
 <node id="10709738684" visible="true" version="1" changeset="133293911" timestamp="2023-03-04T15:09:01Z" user="rab" uid="36894" lat="37.0673345" lon="37.3198378"/>
 <node id="10709738685" visible="true" version="1" changeset="133293911" timestamp="2023-03-04T15:09:01Z" user="rab" uid="36894" lat="37.0674458" lon="37.3197895"/>
 <node id="10709738686" visible="true" version="1" changeset="133293911" timestamp="2023-03-04T15:09:01Z" user="rab" uid="36894" lat="37.0699883" lon="37.3197037"/>
 <node id="10717285298" visible="true" version="1" changeset="133373216" timestamp="2023-03-06T17:28:47Z" user="karitotp" uid="2748195" lat="37.0656129" lon="37.3652256"/>
 <node id="10717285299" visible="true" version="1" changeset="133373216" timestamp="2023-03-06T17:28:47Z" user="karitotp" uid="2748195" lat="37.0654948" lon="37.3670809"/>
 <node id="10717285300" visible="true" version="1" changeset="133373216" timestamp="2023-03-06T17:28:47Z" user="karitotp" uid="2748195" lat="37.0646413" lon="37.3673822"/>
 <node id="10717285301" visible="true" version="1" changeset="133373216" timestamp="2023-03-06T17:28:47Z" user="karitotp" uid="2748195" lat="37.0677539" lon="37.3678547"/>
 <node id="10717285302" visible="true" version="1" changeset="133373216" timestamp="2023-03-06T17:28:47Z" user="karitotp" uid="2748195" lat="37.0673564" lon="37.3684931"/>
 <node id="10717285303" visible="true" version="1" changeset="133373216" timestamp="2023-03-06T17:28:47Z" user="karitotp" uid="2748195" lat="37.0674497" lon="37.3686958"/>
 <node id="10717285304" visible="true" version="1" changeset="133373216" timestamp="2023-03-06T17:28:47Z" user="karitotp" uid="2748195" lat="37.0672515" lon="37.3688391"/>
 <node id="10717311205" visible="true" version="1" changeset="133373216" timestamp="2023-03-06T17:28:47Z" user="karitotp" uid="2748195" lat="37.0671582" lon="37.3686364"/>
 <node id="10717311206" visible="true" version="1" changeset="133373216" timestamp="2023-03-06T17:28:47Z" user="karitotp" uid="2748195" lat="37.0679876" lon="37.3700760"/>
 <node id="10717311207" visible="true" version="1" changeset="133373216" timestamp="2023-03-06T17:28:47Z" user="karitotp" uid="2748195" lat="37.0679939" lon="37.3703418"/>
 <node id="10717311208" visible="true" version="1" changeset="133373216" timestamp="2023-03-06T17:28:47Z" user="karitotp" uid="2748195" lat="37.0679042" lon="37.3703452"/>
 <node id="10717311209" visible="true" version="1" changeset="133373216" timestamp="2023-03-06T17:28:47Z" user="karitotp" uid="2748195" lat="37.0678979" lon="37.3700794"/>
 <node id="10717311210" visible="true" version="1" changeset="133373216" timestamp="2023-03-06T17:28:47Z" user="karitotp" uid="2748195" lat="37.0679829" lon="37.3698328"/>
 <node id="10717311211" visible="true" version="1" changeset="133373216" timestamp="2023-03-06T17:28:47Z" user="karitotp" uid="2748195" lat="37.0678873" lon="37.3703997"/>
 <node id="10717311212" visible="true" version="1" changeset="133373216" timestamp="2023-03-06T17:28:47Z" user="karitotp" uid="2748195" lat="37.0677795" lon="37.3704138"/>
 <node id="10717311213" visible="true" version="1" changeset="133373216" timestamp="2023-03-06T17:28:47Z" user="karitotp" uid="2748195" lat="37.0677735" lon="37.3701011"/>
 <node id="10717311214" visible="true" version="1" changeset="133373216" timestamp="2023-03-06T17:28:47Z" user="karitotp" uid="2748195" lat="37.0678728" lon="37.3700481"/>
 <node id="10721972101" visible="true" version="1" changeset="133451417" timestamp="2023-03-08T18:24:52Z" user="rab" uid="36894" lat="37.0661552" lon="37.3735793"/>
 <node id="10721972102" visible="true" version="1" changeset="133451417" timestamp="2023-03-08T18:24:52Z" user="rab" uid="36894" lat="37.0661810" lon="37.3734549"/>
 <node id="10721972103" visible="true" version="1" changeset="133451417" timestamp="2023-03-08T18:24:52Z" user="rab" uid="36894" lat="37.0662858" lon="37.3736219"/>
 <node id="10721972104" visible="true" version="1" changeset="133451417" timestamp="2023-03-08T18:24:52Z" user="rab" uid="36894" lat="37.0663116" lon="37.3734975"/>
 <node id="10721975789" visible="true" version="1" changeset="133451417" timestamp="2023-03-08T18:24:52Z" user="rab" uid="36894" lat="37.0684404" lon="37.3697345"/>
 <node id="10721975790" visible="true" version="1" changeset="133451417" timestamp="2023-03-08T18:24:52Z" user="rab" uid="36894" lat="37.0684551" lon="37.3697624"/>
 <node id="10721975791" visible="true" version="1" changeset="133451417" timestamp="2023-03-08T18:24:52Z" user="rab" uid="36894" lat="37.0684507" lon="37.3697460"/>
 <node id="10721975792" visible="true" version="1" changeset="133451417" timestamp="2023-03-08T18:24:52Z" user="rab" uid="36894" lat="37.0684431" lon="37.3697922"/>
 <node id="10721975793" visible="true" version="1" changeset="133451417" timestamp="2023-03-08T18:24:52Z" user="rab" uid="36894" lat="37.0684523" lon="37.3697793"/>
 <node id="10721975794" visible="true" version="1" changeset="133451417" timestamp="2023-03-08T18:24:52Z" user="rab" uid="36894" lat="37.0683340" lon="37.3698047"/>
 <node id="10721975795" visible="true" version="1" changeset="133451417" timestamp="2023-03-08T18:24:52Z" user="rab" uid="36894" lat="37.0684300" lon="37.3697977"/>
 <node id="10721975796" visible="true" version="1" changeset="133451417" timestamp="2023-03-08T18:24:52Z" user="rab" uid="36894" lat="37.0684427" lon="37.3700700"/>
 <node id="10721975797" visible="true" version="1" changeset="133451417" timestamp="2023-03-08T18:24:52Z" user="rab" uid="36894" lat="37.0683467" lon="37.3700770"/>
 <node id="10721975798" visible="true" version="1" changeset="133451417" timestamp="2023-03-08T18:24:52Z" user="rab" uid="36894" lat="37.0684269" lon="37.3697310"/>
 <node id="10721975799" visible="true" version="2" changeset="133452387" timestamp="2023-03-08T18:59:33Z" user="rab" uid="36894" lat="37.0685013" lon="37.3699988"/>
 <node id="10721975800" visible="true" version="1" changeset="133451417" timestamp="2023-03-08T18:24:52Z" user="rab" uid="36894" lat="37.0683309" lon="37.3697380"/>
 <node id="10721975801" visible="true" version="1" changeset="133451417" timestamp="2023-03-08T18:24:52Z" user="rab" uid="36894" lat="37.0682510" lon="37.3698108"/>
 <node id="10721975802" visible="true" version="2" changeset="133452387" timestamp="2023-03-08T18:59:33Z" user="rab" uid="36894" lat="37.0684917" lon="37.3697932"/>
 <node id="10721975803" visible="true" version="2" changeset="133452387" timestamp="2023-03-08T18:59:33Z" user="rab" uid="36894" lat="37.0681382" lon="37.3700792"/>
 <node id="10721975804" visible="true" version="2" changeset="133452387" timestamp="2023-03-08T18:59:33Z" user="rab" uid="36894" lat="37.0682970" lon="37.3700676"/>
 <node id="10721976218" visible="true" version="1" changeset="133451417" timestamp="2023-03-08T18:24:52Z" user="rab" uid="36894" lat="37.0659120" lon="37.3739014"/>
 <node id="10721976219" visible="true" version="1" changeset="133451417" timestamp="2023-03-08T18:24:52Z" user="rab" uid="36894" lat="37.0663206" lon="37.3736332"/>
 <node id="10721976220" visible="true" version="1" changeset="133451417" timestamp="2023-03-08T18:24:52Z" user="rab" uid="36894" lat="37.0661257" lon="37.3735697"/>
 <node id="10721976221" visible="true" version="2" changeset="133451483" timestamp="2023-03-08T18:27:13Z" user="rab" uid="36894" lat="37.0681242" lon="37.3711521"/>
 <node id="10721976222" visible="true" version="2" changeset="133451483" timestamp="2023-03-08T18:27:13Z" user="rab" uid="36894" lat="37.0681342" lon="37.3711072"/>
 <node id="10721976223" visible="true" version="2" changeset="133451483" timestamp="2023-03-08T18:27:13Z" user="rab" uid="36894" lat="37.0681230" lon="37.3711988"/>
 <node id="10721976224" visible="true" version="2" changeset="133451483" timestamp="2023-03-08T18:27:13Z" user="rab" uid="36894" lat="37.0682093" lon="37.3710073"/>
 <node id="10721976225" visible="true" version="2" changeset="133451483" timestamp="2023-03-08T18:27:13Z" user="rab" uid="36894" lat="37.0682445" lon="37.3709921"/>
 <node id="10721976226" visible="true" version="2" changeset="133451483" timestamp="2023-03-08T18:27:13Z" user="rab" uid="36894" lat="37.0681525" lon="37.3710666"/>
 <node id="10721976227" visible="true" version="2" changeset="133451483" timestamp="2023-03-08T18:27:13Z" user="rab" uid="36894" lat="37.0681780" lon="37.3710326"/>
 <node id="10721976228" visible="true" version="2" changeset="133451483" timestamp="2023-03-08T18:27:13Z" user="rab" uid="36894" lat="37.0683528" lon="37.3710128"/>
 <node id="10721976229" visible="true" version="2" changeset="133451483" timestamp="2023-03-08T18:27:13Z" user="rab" uid="36894" lat="37.0683828" lon="37.3710405"/>
 <node id="10721976230" visible="true" version="2" changeset="133451483" timestamp="2023-03-08T18:27:13Z" user="rab" uid="36894" lat="37.0682816" lon="37.3709879"/>
 <node id="10721976231" visible="true" version="2" changeset="133451483" timestamp="2023-03-08T18:27:13Z" user="rab" uid="36894" lat="37.0683184" lon="37.3709949"/>
 <node id="10721976232" visible="true" version="2" changeset="133451483" timestamp="2023-03-08T18:27:13Z" user="rab" uid="36894" lat="37.0684307" lon="37.3711640"/>
 <node id="10721976233" visible="true" version="2" changeset="133451483" timestamp="2023-03-08T18:27:13Z" user="rab" uid="36894" lat="37.0684296" lon="37.3712107"/>
 <node id="10721976234" visible="true" version="2" changeset="133451483" timestamp="2023-03-08T18:27:13Z" user="rab" uid="36894" lat="37.0684066" lon="37.3710764"/>
 <node id="10721976235" visible="true" version="2" changeset="133451483" timestamp="2023-03-08T18:27:13Z" user="rab" uid="36894" lat="37.0684229" lon="37.3711184"/>
 <node id="10721976236" visible="true" version="2" changeset="133451483" timestamp="2023-03-08T18:27:13Z" user="rab" uid="36894" lat="37.0683757" lon="37.3713302"/>
 <node id="10721976237" visible="true" version="2" changeset="133451483" timestamp="2023-03-08T18:27:13Z" user="rab" uid="36894" lat="37.0683444" lon="37.3713555"/>
 <node id="10721976238" visible="true" version="2" changeset="133451483" timestamp="2023-03-08T18:27:13Z" user="rab" uid="36894" lat="37.0684195" lon="37.3712556"/>
 <node id="10721976239" visible="true" version="2" changeset="133451483" timestamp="2023-03-08T18:27:13Z" user="rab" uid="36894" lat="37.0684012" lon="37.3712963"/>
 <node id="10721976240" visible="true" version="2" changeset="133451483" timestamp="2023-03-08T18:27:13Z" user="rab" uid="36894" lat="37.0682353" lon="37.3713679"/>
 <node id="10721976241" visible="true" version="2" changeset="133451483" timestamp="2023-03-08T18:27:13Z" user="rab" uid="36894" lat="37.0682009" lon="37.3713500"/>
 <node id="10721976242" visible="true" version="2" changeset="133451483" timestamp="2023-03-08T18:27:13Z" user="rab" uid="36894" lat="37.0683092" lon="37.3713707"/>
 <node id="10721976243" visible="true" version="2" changeset="133451483" timestamp="2023-03-08T18:27:13Z" user="rab" uid="36894" lat="37.0682721" lon="37.3713749"/>
 <node id="10721976244" visible="true" version="2" changeset="133451483" timestamp="2023-03-08T18:27:13Z" user="rab" uid="36894" lat="37.0681308" lon="37.3712444"/>
 <node id="10721976245" visible="true" version="2" changeset="133451483" timestamp="2023-03-08T18:27:13Z" user="rab" uid="36894" lat="37.0681709" lon="37.3713223"/>
 <node id="10721976246" visible="true" version="2" changeset="133451483" timestamp="2023-03-08T18:27:13Z" user="rab" uid="36894" lat="37.0681471" lon="37.3712864"/>
 <node id="10721976247" visible="true" version="1" changeset="133451417" timestamp="2023-03-08T18:24:52Z" user="rab" uid="36894" lat="37.0661872" lon="37.3732733"/>
 <node id="10721976248" visible="true" version="1" changeset="133451417" timestamp="2023-03-08T18:24:52Z" user="rab" uid="36894" lat="37.0660005" lon="37.3732125"/>
 <node id="10721976249" visible="true" version="1" changeset="133451417" timestamp="2023-03-08T18:24:52Z" user="rab" uid="36894" lat="37.0660649" lon="37.3728001"/>
 <node id="10721976250" visible="true" version="1" changeset="133451417" timestamp="2023-03-08T18:24:52Z" user="rab" uid="36894" lat="37.0659168" lon="37.3729041"/>
 <node id="10721976251" visible="true" version="1" changeset="133451417" timestamp="2023-03-08T18:24:52Z" user="rab" uid="36894" lat="37.0658691" lon="37.3731341"/>
 <node id="10721976252" visible="true" version="1" changeset="133451417" timestamp="2023-03-08T18:24:52Z" user="rab" uid="36894" lat="37.0661943" lon="37.3734230"/>
 <node id="10721976253" visible="true" version="1" changeset="133451417" timestamp="2023-03-08T18:24:52Z" user="rab" uid="36894" lat="37.0663124" lon="37.3734597"/>
 <node id="10721976254" visible="true" version="2" changeset="133451483" timestamp="2023-03-08T18:27:13Z" user="rab" uid="36894" lat="37.0681262" lon="37.3706083"/>
 <node id="10721976255" visible="true" version="1" changeset="133451417" timestamp="2023-03-08T18:24:52Z" user="rab" uid="36894" lat="37.0663135" lon="37.3734682"/>
 <node id="10721976256" visible="true" version="2" changeset="133451483" timestamp="2023-03-08T18:27:13Z" user="rab" uid="36894" lat="37.0681228" lon="37.3707455"/>
 <node id="10721976257" visible="true" version="1" changeset="133451417" timestamp="2023-03-08T18:24:52Z" user="rab" uid="36894" lat="37.0663089" lon="37.3735108"/>
 <node id="10721976258" visible="true" version="1" changeset="133451417" timestamp="2023-03-08T18:24:52Z" user="rab" uid="36894" lat="37.0661783" lon="37.3734682"/>
 <node id="10721976259" visible="true" version="1" changeset="133451417" timestamp="2023-03-08T18:24:52Z" user="rab" uid="36894" lat="37.0663437" lon="37.3735221"/>
 <node id="10721976260" visible="true" version="1" changeset="133451417" timestamp="2023-03-08T18:24:52Z" user="rab" uid="36894" lat="37.0663072" lon="37.3734399"/>
 <node id="10721976261" visible="true" version="1" changeset="133451417" timestamp="2023-03-08T18:24:52Z" user="rab" uid="36894" lat="37.0662937" lon="37.3734160"/>
 <node id="10721976262" visible="true" version="1" changeset="133451417" timestamp="2023-03-08T18:24:52Z" user="rab" uid="36894" lat="37.0662517" lon="37.3733919"/>
 <node id="10721976263" visible="true" version="1" changeset="133451417" timestamp="2023-03-08T18:24:52Z" user="rab" uid="36894" lat="37.0663849" lon="37.3733233"/>
 <node id="10721976264" visible="true" version="1" changeset="133451417" timestamp="2023-03-08T18:24:52Z" user="rab" uid="36894" lat="37.0665212" lon="37.3732951"/>
 <node id="10721976265" visible="true" version="1" changeset="133451417" timestamp="2023-03-08T18:24:52Z" user="rab" uid="36894" lat="37.0665071" lon="37.3733631"/>
 <node id="10721976266" visible="true" version="1" changeset="133451417" timestamp="2023-03-08T18:24:52Z" user="rab" uid="36894" lat="37.0665765" lon="37.3730147"/>
 <node id="10721976267" visible="true" version="1" changeset="133451417" timestamp="2023-03-08T18:24:52Z" user="rab" uid="36894" lat="37.0665829" lon="37.3733152"/>
 <node id="10721976268" visible="true" version="1" changeset="133451417" timestamp="2023-03-08T18:24:52Z" user="rab" uid="36894" lat="37.0665813" lon="37.3731112"/>
 <node id="10721976269" visible="true" version="1" changeset="133451417" timestamp="2023-03-08T18:24:52Z" user="rab" uid="36894" lat="37.0666225" lon="37.3731247"/>
 <node id="10721976270" visible="true" version="1" changeset="133451417" timestamp="2023-03-08T18:24:52Z" user="rab" uid="36894" lat="37.0663129" lon="37.3729401"/>
 <node id="10721976271" visible="true" version="1" changeset="133451417" timestamp="2023-03-08T18:24:52Z" user="rab" uid="36894" lat="37.0662952" lon="37.3729598"/>
 <node id="10721976272" visible="true" version="1" changeset="133451417" timestamp="2023-03-08T18:24:52Z" user="rab" uid="36894" lat="37.0663590" lon="37.3729320"/>
 <node id="10721976273" visible="true" version="1" changeset="133451417" timestamp="2023-03-08T18:24:52Z" user="rab" uid="36894" lat="37.0663353" lon="37.3729303"/>
 <node id="10721976274" visible="true" version="1" changeset="133451417" timestamp="2023-03-08T18:24:52Z" user="rab" uid="36894" lat="37.0663961" lon="37.3729672"/>
 <node id="10721976275" visible="true" version="1" changeset="133451417" timestamp="2023-03-08T18:24:52Z" user="rab" uid="36894" lat="37.0663804" lon="37.3729450"/>
 <node id="10721976276" visible="true" version="1" changeset="133451417" timestamp="2023-03-08T18:24:52Z" user="rab" uid="36894" lat="37.0663922" lon="37.3730517"/>
 <node id="10721976277" visible="true" version="1" changeset="133451417" timestamp="2023-03-08T18:24:52Z" user="rab" uid="36894" lat="37.0664039" lon="37.3729952"/>
 <node id="10721976278" visible="true" version="1" changeset="133451417" timestamp="2023-03-08T18:24:52Z" user="rab" uid="36894" lat="37.0663521" lon="37.3730812"/>
 <node id="10721976279" visible="true" version="3" changeset="133563255" timestamp="2023-03-11T18:12:32Z" user="rab" uid="36894" lat="37.0685138" lon="37.3704750"/>
 <node id="10721976280" visible="true" version="1" changeset="133451417" timestamp="2023-03-08T18:24:52Z" user="rab" uid="36894" lat="37.0663745" lon="37.3730714"/>
 <node id="10721976281" visible="true" version="1" changeset="133451417" timestamp="2023-03-08T18:24:52Z" user="rab" uid="36894" lat="37.0663071" lon="37.3730665"/>
 <node id="10721976282" visible="true" version="1" changeset="133451417" timestamp="2023-03-08T18:24:52Z" user="rab" uid="36894" lat="37.0663284" lon="37.3730795"/>
 <node id="10721976283" visible="true" version="1" changeset="133451417" timestamp="2023-03-08T18:24:52Z" user="rab" uid="36894" lat="37.0662835" lon="37.3730163"/>
 <node id="10721976284" visible="true" version="1" changeset="133451417" timestamp="2023-03-08T18:24:52Z" user="rab" uid="36894" lat="37.0662913" lon="37.3730443"/>
 <node id="10721976285" visible="true" version="1" changeset="133451417" timestamp="2023-03-08T18:24:52Z" user="rab" uid="36894" lat="37.0664025" lon="37.3730249"/>
 <node id="10721976286" visible="true" version="1" changeset="133451417" timestamp="2023-03-08T18:24:52Z" user="rab" uid="36894" lat="37.0662849" lon="37.3729866"/>
 <node id="10721976287" visible="true" version="1" changeset="133451417" timestamp="2023-03-08T18:24:52Z" user="rab" uid="36894" lat="37.0662620" lon="37.3729327"/>
 <node id="10721976288" visible="true" version="1" changeset="133451417" timestamp="2023-03-08T18:24:52Z" user="rab" uid="36894" lat="37.0663037" lon="37.3728845"/>
 <node id="10721976289" visible="true" version="1" changeset="133451417" timestamp="2023-03-08T18:24:52Z" user="rab" uid="36894" lat="37.0662801" lon="37.3729049"/>
 <node id="10721976290" visible="true" version="1" changeset="133451417" timestamp="2023-03-08T18:24:52Z" user="rab" uid="36894" lat="37.0663596" lon="37.3728722"/>
 <node id="10721976291" visible="true" version="1" changeset="133451417" timestamp="2023-03-08T18:24:52Z" user="rab" uid="36894" lat="37.0663310" lon="37.3728733"/>
 <node id="10721976292" visible="true" version="1" changeset="133451417" timestamp="2023-03-08T18:24:52Z" user="rab" uid="36894" lat="37.0664120" lon="37.3728997"/>
 <node id="10721976293" visible="true" version="1" changeset="133451417" timestamp="2023-03-08T18:24:52Z" user="rab" uid="36894" lat="37.0663874" lon="37.3728812"/>
 <node id="10721976294" visible="true" version="1" changeset="133451417" timestamp="2023-03-08T18:24:52Z" user="rab" uid="36894" lat="37.0664441" lon="37.3729583"/>
 <node id="10721976295" visible="true" version="1" changeset="133451417" timestamp="2023-03-08T18:24:52Z" user="rab" uid="36894" lat="37.0664314" lon="37.3729261"/>
 <node id="10721976296" visible="true" version="1" changeset="133451417" timestamp="2023-03-08T18:24:52Z" user="rab" uid="36894" lat="37.0664491" lon="37.3729937"/>
 <node id="10721976297" visible="true" version="1" changeset="133451417" timestamp="2023-03-08T18:24:52Z" user="rab" uid="36894" lat="37.0664459" lon="37.3730294"/>
 <node id="10721976298" visible="true" version="1" changeset="133451417" timestamp="2023-03-08T18:24:52Z" user="rab" uid="36894" lat="37.0662509" lon="37.3729659"/>
 <node id="10721976299" visible="true" version="1" changeset="133451417" timestamp="2023-03-08T18:24:52Z" user="rab" uid="36894" lat="37.0661487" lon="37.3734586"/>
 <node id="10721976300" visible="true" version="1" changeset="133451417" timestamp="2023-03-08T18:24:52Z" user="rab" uid="36894" lat="37.0662761" lon="37.3736486"/>
 <node id="10721976301" visible="true" version="1" changeset="133451417" timestamp="2023-03-08T18:24:52Z" user="rab" uid="36894" lat="37.0662385" lon="37.3736821"/>
 <node id="10721976302" visible="true" version="1" changeset="133451417" timestamp="2023-03-08T18:24:52Z" user="rab" uid="36894" lat="37.0662596" lon="37.3736695"/>
 <node id="10721976303" visible="true" version="1" changeset="133451417" timestamp="2023-03-08T18:24:52Z" user="rab" uid="36894" lat="37.0661925" lon="37.3736775"/>
 <node id="10721976304" visible="true" version="1" changeset="133451417" timestamp="2023-03-08T18:24:52Z" user="rab" uid="36894" lat="37.0665098" lon="37.3717664"/>
 <node id="10721980305" visible="true" version="2" changeset="133452387" timestamp="2023-03-08T18:59:33Z" user="rab" uid="36894" lat="37.0683109" lon="37.3703637"/>
 <node id="10721980306" visible="true" version="2" changeset="133452387" timestamp="2023-03-08T18:59:33Z" user="rab" uid="36894" lat="37.0681231" lon="37.3697549"/>
 <node id="10721980307" visible="true" version="2" changeset="133452387" timestamp="2023-03-08T18:59:33Z" user="rab" uid="36894" lat="37.0682819" lon="37.3697432"/>
 <node id="10721980308" visible="true" version="2" changeset="133452387" timestamp="2023-03-08T18:59:33Z" user="rab" uid="36894" lat="37.0681093" lon="37.3694587"/>
 <node id="10721980309" visible="true" version="2" changeset="133452387" timestamp="2023-03-08T18:59:33Z" user="rab" uid="36894" lat="37.0682681" lon="37.3694471"/>
 <node id="10721980310" visible="true" version="2" changeset="133452387" timestamp="2023-03-08T18:59:33Z" user="rab" uid="36894" lat="37.0681520" lon="37.3703754"/>
 <node id="10721980311" visible="true" version="1" changeset="133451417" timestamp="2023-03-08T18:24:52Z" user="rab" uid="36894" lat="37.0660393" lon="37.3724501"/>
 <node id="10721980312" visible="true" version="1" changeset="133451417" timestamp="2023-03-08T18:24:52Z" user="rab" uid="36894" lat="37.0660984" lon="37.3721443"/>
 <node id="10721980313" visible="true" version="1" changeset="133451417" timestamp="2023-03-08T18:24:52Z" user="rab" uid="36894" lat="37.0662338" lon="37.3725091"/>
 <node id="10721980314" visible="true" version="1" changeset="133451417" timestamp="2023-03-08T18:24:52Z" user="rab" uid="36894" lat="37.0662929" lon="37.3722033"/>
 <node id="10721980315" visible="true" version="2" changeset="133451483" timestamp="2023-03-08T18:27:13Z" user="rab" uid="36894" lat="37.0682273" lon="37.3708690"/>
 <node id="10721980316" visible="true" version="2" changeset="133451483" timestamp="2023-03-08T18:27:13Z" user="rab" uid="36894" lat="37.0681929" lon="37.3708511"/>
 <node id="10721980317" visible="true" version="2" changeset="133451483" timestamp="2023-03-08T18:27:13Z" user="rab" uid="36894" lat="37.0684227" lon="37.3706651"/>
 <node id="10721980318" visible="true" version="1" changeset="133451417" timestamp="2023-03-08T18:24:52Z" user="rab" uid="36894" lat="37.0663982" lon="37.3715298"/>
 <node id="10721980319" visible="true" version="1" changeset="133451417" timestamp="2023-03-08T18:24:52Z" user="rab" uid="36894" lat="37.0664645" lon="37.3711824"/>
 <node id="10721980320" visible="true" version="1" changeset="133451417" timestamp="2023-03-08T18:24:52Z" user="rab" uid="36894" lat="37.0666494" lon="37.3710348"/>
 <node id="10721980321" visible="true" version="1" changeset="133451417" timestamp="2023-03-08T18:24:52Z" user="rab" uid="36894" lat="37.0662929" lon="37.3709279"/>
 <node id="10721980322" visible="true" version="1" changeset="133451417" timestamp="2023-03-08T18:24:52Z" user="rab" uid="36894" lat="37.0661533" lon="37.3716595"/>
 <node id="10721980323" visible="true" version="1" changeset="133451417" timestamp="2023-03-08T18:24:52Z" user="rab" uid="36894" lat="37.0665967" lon="37.3708458"/>
 <node id="10721980324" visible="true" version="1" changeset="133451417" timestamp="2023-03-08T18:24:52Z" user="rab" uid="36894" lat="37.0672430" lon="37.3706087"/>
 <node id="10721980325" visible="true" version="1" changeset="133451417" timestamp="2023-03-08T18:24:52Z" user="rab" uid="36894" lat="37.0664903" lon="37.3708093"/>
 <node id="10721980326" visible="true" version="1" changeset="133451417" timestamp="2023-03-08T18:24:52Z" user="rab" uid="36894" lat="37.0667969" lon="37.3706369"/>
 <node id="10721980327" visible="true" version="1" changeset="133451417" timestamp="2023-03-08T18:24:52Z" user="rab" uid="36894" lat="37.0669778" lon="37.3705269"/>
 <node id="10721980328" visible="true" version="1" changeset="133451417" timestamp="2023-03-08T18:24:52Z" user="rab" uid="36894" lat="37.0667092" lon="37.3707013"/>
 <node id="10721980329" visible="true" version="1" changeset="133451417" timestamp="2023-03-08T18:24:52Z" user="rab" uid="36894" lat="37.0667370" lon="37.3705846"/>
 <node id="10721980330" visible="true" version="1" changeset="133451417" timestamp="2023-03-08T18:24:52Z" user="rab" uid="36894" lat="37.0667498" lon="37.3706530"/>
 <node id="10721980331" visible="true" version="1" changeset="133451417" timestamp="2023-03-08T18:24:52Z" user="rab" uid="36894" lat="37.0667359" lon="37.3707107"/>
 <node id="10721980332" visible="true" version="1" changeset="133451417" timestamp="2023-03-08T18:24:52Z" user="rab" uid="36894" lat="37.0669478" lon="37.3703875"/>
 <node id="10721980333" visible="true" version="1" changeset="133451417" timestamp="2023-03-08T18:24:52Z" user="rab" uid="36894" lat="37.0670388" lon="37.3705296"/>
 <node id="10721980334" visible="true" version="1" changeset="133451417" timestamp="2023-03-08T18:24:52Z" user="rab" uid="36894" lat="37.0672324" lon="37.3706034"/>
 <node id="10721980335" visible="true" version="1" changeset="133451417" timestamp="2023-03-08T18:24:52Z" user="rab" uid="36894" lat="37.0663838" lon="37.3707741"/>
 <node id="10721980336" visible="true" version="1" changeset="133451417" timestamp="2023-03-08T18:24:52Z" user="rab" uid="36894" lat="37.0671522" lon="37.3710326"/>
 <node id="10721980337" visible="true" version="1" changeset="133451417" timestamp="2023-03-08T18:24:52Z" user="rab" uid="36894" lat="37.0669788" lon="37.3699637"/>
 <node id="10721980338" visible="true" version="1" changeset="133451417" timestamp="2023-03-08T18:24:52Z" user="rab" uid="36894" lat="37.0669981" lon="37.3699704"/>
 <node id="10721980339" visible="true" version="1" changeset="133451417" timestamp="2023-03-08T18:24:52Z" user="rab" uid="36894" lat="37.0664552" lon="37.3704406"/>
 <node id="10721980340" visible="true" version="1" changeset="133451417" timestamp="2023-03-08T18:24:52Z" user="rab" uid="36894" lat="37.0669531" lon="37.3699677"/>
 <node id="10721980341" visible="true" version="1" changeset="133451417" timestamp="2023-03-08T18:24:52Z" user="rab" uid="36894" lat="37.0671950" lon="37.3704371"/>
 <node id="10721980342" visible="true" version="1" changeset="133451417" timestamp="2023-03-08T18:24:52Z" user="rab" uid="36894" lat="37.0672431" lon="37.3705336"/>
 <node id="10721980343" visible="true" version="1" changeset="133451417" timestamp="2023-03-08T18:24:52Z" user="rab" uid="36894" lat="37.0670206" lon="37.3699972"/>
 <node id="10721980344" visible="true" version="1" changeset="133451417" timestamp="2023-03-08T18:24:52Z" user="rab" uid="36894" lat="37.0672110" lon="37.3704237"/>
 <node id="10721980345" visible="true" version="1" changeset="133451417" timestamp="2023-03-08T18:24:52Z" user="rab" uid="36894" lat="37.0668954" lon="37.3709459"/>
 <node id="10721980346" visible="true" version="1" changeset="133451417" timestamp="2023-03-08T18:24:52Z" user="rab" uid="36894" lat="37.0669510" lon="37.3706862"/>
 <node id="10721980347" visible="true" version="1" changeset="133451417" timestamp="2023-03-08T18:24:52Z" user="rab" uid="36894" lat="37.0670588" lon="37.3710008"/>
 <node id="10721980348" visible="true" version="1" changeset="133451417" timestamp="2023-03-08T18:24:52Z" user="rab" uid="36894" lat="37.0679901" lon="37.3730710"/>
 <node id="10721980349" visible="true" version="1" changeset="133451417" timestamp="2023-03-08T18:24:52Z" user="rab" uid="36894" lat="37.0680142" lon="37.3730858"/>
 <node id="10721980350" visible="true" version="1" changeset="133451417" timestamp="2023-03-08T18:24:52Z" user="rab" uid="36894" lat="37.0679756" lon="37.3730026"/>
 <node id="10721980351" visible="true" version="1" changeset="133451417" timestamp="2023-03-08T18:24:52Z" user="rab" uid="36894" lat="37.0679756" lon="37.3730362"/>
 <node id="10721980352" visible="true" version="1" changeset="133451417" timestamp="2023-03-08T18:24:52Z" user="rab" uid="36894" lat="37.0680527" lon="37.3730878"/>
 <node id="10721980353" visible="true" version="1" changeset="133451417" timestamp="2023-03-08T18:24:52Z" user="rab" uid="36894" lat="37.0680864" lon="37.3730583"/>
 <node id="10721980354" visible="true" version="1" changeset="133451417" timestamp="2023-03-08T18:24:52Z" user="rab" uid="36894" lat="37.0659982" lon="37.3729306"/>
 <node id="10721980355" visible="true" version="1" changeset="133451417" timestamp="2023-03-08T18:24:52Z" user="rab" uid="36894" lat="37.0681340" lon="37.3730730"/>
 <node id="10721980356" visible="true" version="1" changeset="133451417" timestamp="2023-03-08T18:24:52Z" user="rab" uid="36894" lat="37.0681618" lon="37.3730851"/>
 <node id="10721980357" visible="true" version="1" changeset="133451417" timestamp="2023-03-08T18:24:52Z" user="rab" uid="36894" lat="37.0682699" lon="37.3730194"/>
 <node id="10721980358" visible="true" version="1" changeset="133451417" timestamp="2023-03-08T18:24:52Z" user="rab" uid="36894" lat="37.0682726" lon="37.3729805"/>
 <node id="10721980359" visible="true" version="1" changeset="133451417" timestamp="2023-03-08T18:24:52Z" user="rab" uid="36894" lat="37.0682116" lon="37.3730831"/>
 <node id="10721980360" visible="true" version="1" changeset="133451417" timestamp="2023-03-08T18:24:52Z" user="rab" uid="36894" lat="37.0682501" lon="37.3730576"/>
 <node id="10721980361" visible="true" version="1" changeset="133451417" timestamp="2023-03-08T18:24:52Z" user="rab" uid="36894" lat="37.0681896" lon="37.3728859"/>
 <node id="10721980362" visible="true" version="1" changeset="133451417" timestamp="2023-03-08T18:24:52Z" user="rab" uid="36894" lat="37.0682587" lon="37.3729336"/>
 <node id="10721980363" visible="true" version="1" changeset="133451417" timestamp="2023-03-08T18:24:52Z" user="rab" uid="36894" lat="37.0682314" lon="37.3729027"/>
 <node id="10721980364" visible="true" version="1" changeset="133451417" timestamp="2023-03-08T18:24:52Z" user="rab" uid="36894" lat="37.0681265" lon="37.3729161"/>
 <node id="10721980365" visible="true" version="1" changeset="133451417" timestamp="2023-03-08T18:24:52Z" user="rab" uid="36894" lat="37.0659741" lon="37.3731682"/>
 <node id="10721980366" visible="true" version="1" changeset="133451417" timestamp="2023-03-08T18:24:52Z" user="rab" uid="36894" lat="37.0681533" lon="37.3728953"/>
 <node id="10721980367" visible="true" version="1" changeset="133451417" timestamp="2023-03-08T18:24:52Z" user="rab" uid="36894" lat="37.0680965" lon="37.3730268"/>
 <node id="10721980368" visible="true" version="1" changeset="133451417" timestamp="2023-03-08T18:24:52Z" user="rab" uid="36894" lat="37.0681843" lon="37.3727257"/>
 <node id="10721980369" visible="true" version="1" changeset="133451417" timestamp="2023-03-08T18:24:52Z" user="rab" uid="36894" lat="37.0681741" lon="37.3727009"/>
 <node id="10721980370" visible="true" version="1" changeset="133451417" timestamp="2023-03-08T18:24:52Z" user="rab" uid="36894" lat="37.0681800" lon="37.3728377"/>
 <node id="10721980371" visible="true" version="1" changeset="133451417" timestamp="2023-03-08T18:24:52Z" user="rab" uid="36894" lat="37.0681875" lon="37.3727706"/>
 <node id="10721980372" visible="true" version="1" changeset="133451417" timestamp="2023-03-08T18:24:52Z" user="rab" uid="36894" lat="37.0680693" lon="37.3727371"/>
 <node id="10721980373" visible="true" version="1" changeset="133451417" timestamp="2023-03-08T18:24:52Z" user="rab" uid="36894" lat="37.0680468" lon="37.3727740"/>
 <node id="10721980374" visible="true" version="1" changeset="133451417" timestamp="2023-03-08T18:24:52Z" user="rab" uid="36894" lat="37.0681511" lon="37.3726855"/>
 <node id="10721980375" visible="true" version="1" changeset="133451417" timestamp="2023-03-08T18:24:52Z" user="rab" uid="36894" lat="37.0681121" lon="37.3726955"/>
 <node id="10721980376" visible="true" version="1" changeset="133451417" timestamp="2023-03-08T18:24:52Z" user="rab" uid="36894" lat="37.0680334" lon="37.3728229"/>
 <node id="10721980377" visible="true" version="1" changeset="133451417" timestamp="2023-03-08T18:24:52Z" user="rab" uid="36894" lat="37.0680334" lon="37.3728626"/>
 <node id="10721980378" visible="true" version="1" changeset="133451417" timestamp="2023-03-08T18:24:52Z" user="rab" uid="36894" lat="37.0680305" lon="37.3729988"/>
 <node id="10721980379" visible="true" version="1" changeset="133451417" timestamp="2023-03-08T18:24:52Z" user="rab" uid="36894" lat="37.0680629" lon="37.3728747"/>
 <node id="10721980380" visible="true" version="1" changeset="133451417" timestamp="2023-03-08T18:24:52Z" user="rab" uid="36894" lat="37.0680396" lon="37.3729639"/>
 <node id="10721980381" visible="true" version="1" changeset="133451417" timestamp="2023-03-08T18:24:52Z" user="rab" uid="36894" lat="37.0679806" lon="37.3729783"/>
 <node id="10721980382" visible="true" version="1" changeset="133451417" timestamp="2023-03-08T18:24:52Z" user="rab" uid="36894" lat="37.0679898" lon="37.3729435"/>
 <node id="10721980383" visible="true" version="1" changeset="133451417" timestamp="2023-03-08T18:24:52Z" user="rab" uid="36894" lat="37.0679641" lon="37.3729329"/>
 <node id="10721980384" visible="true" version="1" changeset="133451417" timestamp="2023-03-08T18:24:52Z" user="rab" uid="36894" lat="37.0679874" lon="37.3728437"/>
 <node id="10721980385" visible="true" version="1" changeset="133451417" timestamp="2023-03-08T18:24:52Z" user="rab" uid="36894" lat="37.0662123" lon="37.3729964"/>
 <node id="10721980386" visible="true" version="1" changeset="133451417" timestamp="2023-03-08T18:24:52Z" user="rab" uid="36894" lat="37.0661664" lon="37.3732287"/>
 <node id="10721980387" visible="true" version="1" changeset="133451417" timestamp="2023-03-08T18:24:52Z" user="rab" uid="36894" lat="37.0659269" lon="37.3731524"/>
 <node id="10721980388" visible="true" version="1" changeset="133451417" timestamp="2023-03-08T18:24:52Z" user="rab" uid="36894" lat="37.0659714" lon="37.3729217"/>
 <node id="10721980405" visible="true" version="1" changeset="133451417" timestamp="2023-03-08T18:24:52Z" user="rab" uid="36894" lat="37.0662151" lon="37.3736849"/>
 <node id="10721980406" visible="true" version="1" changeset="133451417" timestamp="2023-03-08T18:24:52Z" user="rab" uid="36894" lat="37.0661596" lon="37.3736369"/>
 <node id="10721980407" visible="true" version="1" changeset="133451417" timestamp="2023-03-08T18:24:52Z" user="rab" uid="36894" lat="37.0661732" lon="37.3736608"/>
 <node id="10721980408" visible="true" version="1" changeset="133451417" timestamp="2023-03-08T18:24:52Z" user="rab" uid="36894" lat="37.0663796" lon="37.3709538"/>
 <node id="10721980409" visible="true" version="1" changeset="133451417" timestamp="2023-03-08T18:24:52Z" user="rab" uid="36894" lat="37.0663429" lon="37.3711460"/>
 <node id="10721980410" visible="true" version="1" changeset="133451417" timestamp="2023-03-08T18:24:52Z" user="rab" uid="36894" lat="37.0661534" lon="37.3736086"/>
 <node id="10721980411" visible="true" version="1" changeset="133451417" timestamp="2023-03-08T18:24:52Z" user="rab" uid="36894" lat="37.0662766" lon="37.3714933"/>
 <node id="10721980412" visible="true" version="1" changeset="133451417" timestamp="2023-03-08T18:24:52Z" user="rab" uid="36894" lat="37.0662399" lon="37.3716855"/>
 <node id="10721980413" visible="true" version="1" changeset="133451417" timestamp="2023-03-08T18:24:52Z" user="rab" uid="36894" lat="37.0665465" lon="37.3715742"/>
 <node id="10721980414" visible="true" version="1" changeset="133451417" timestamp="2023-03-08T18:24:52Z" user="rab" uid="36894" lat="37.0661908" lon="37.3734282"/>
 <node id="10721980415" visible="true" version="1" changeset="133451417" timestamp="2023-03-08T18:24:52Z" user="rab" uid="36894" lat="37.0662284" lon="37.3733947"/>
 <node id="10721980416" visible="true" version="1" changeset="133451417" timestamp="2023-03-08T18:24:52Z" user="rab" uid="36894" lat="37.0662072" lon="37.3734073"/>
 <node id="10721980417" visible="true" version="1" changeset="133451417" timestamp="2023-03-08T18:24:52Z" user="rab" uid="36894" lat="37.0662744" lon="37.3733993"/>
 <node id="10721980505" visible="true" version="1" changeset="133451417" timestamp="2023-03-08T18:24:52Z" user="rab" uid="36894" lat="37.0659501" lon="37.3737176"/>
 <node id="10721980506" visible="true" version="1" changeset="133451417" timestamp="2023-03-08T18:24:52Z" user="rab" uid="36894" lat="37.0660041" lon="37.3734573"/>
 <node id="10721980507" visible="true" version="1" changeset="133451417" timestamp="2023-03-08T18:24:52Z" user="rab" uid="36894" lat="37.0659756" lon="37.3734480"/>
 <node id="10721980508" visible="true" version="1" changeset="133451417" timestamp="2023-03-08T18:24:52Z" user="rab" uid="36894" lat="37.0659216" lon="37.3737083"/>
 <node id="10721980509" visible="true" version="1" changeset="133451417" timestamp="2023-03-08T18:24:52Z" user="rab" uid="36894" lat="37.0660687" lon="37.3738441"/>
 <node id="10721980510" visible="true" version="1" changeset="133451417" timestamp="2023-03-08T18:24:52Z" user="rab" uid="36894" lat="37.0661688" lon="37.3733620"/>
 <node id="10721980511" visible="true" version="1" changeset="133451417" timestamp="2023-03-08T18:24:52Z" user="rab" uid="36894" lat="37.0660331" lon="37.3733178"/>
 <node id="10721980512" visible="true" version="1" changeset="133451417" timestamp="2023-03-08T18:24:52Z" user="rab" uid="36894" lat="37.0664134" lon="37.3738166"/>
 <node id="10721980513" visible="true" version="1" changeset="133451417" timestamp="2023-03-08T18:24:52Z" user="rab" uid="36894" lat="37.0663274" lon="37.3742312"/>
 <node id="10721980514" visible="true" version="1" changeset="133451417" timestamp="2023-03-08T18:24:52Z" user="rab" uid="36894" lat="37.0662654" lon="37.3742510"/>
 <node id="10721980515" visible="true" version="1" changeset="133451417" timestamp="2023-03-08T18:24:52Z" user="rab" uid="36894" lat="37.0661873" lon="37.3742758"/>
 <node id="10721980516" visible="true" version="1" changeset="133451417" timestamp="2023-03-08T18:24:52Z" user="rab" uid="36894" lat="37.0664171" lon="37.3742027"/>
 <node id="10721980517" visible="true" version="1" changeset="133451417" timestamp="2023-03-08T18:24:52Z" user="rab" uid="36894" lat="37.0663576" lon="37.3734549"/>
 <node id="10721980518" visible="true" version="1" changeset="133451417" timestamp="2023-03-08T18:24:52Z" user="rab" uid="36894" lat="37.0664919" lon="37.3738422"/>
 <node id="10721980519" visible="true" version="1" changeset="133451417" timestamp="2023-03-08T18:24:52Z" user="rab" uid="36894" lat="37.0664802" lon="37.3734948"/>
 <node id="10721980520" visible="true" version="1" changeset="133451417" timestamp="2023-03-08T18:24:52Z" user="rab" uid="36894" lat="37.0663196" lon="37.3742686"/>
 <node id="10721980521" visible="true" version="1" changeset="133451417" timestamp="2023-03-08T18:24:52Z" user="rab" uid="36894" lat="37.0682606" lon="37.3700164"/>
 <node id="10721980522" visible="true" version="1" changeset="133451417" timestamp="2023-03-08T18:24:52Z" user="rab" uid="36894" lat="37.0683436" lon="37.3700103"/>
 <node id="10721980523" visible="true" version="1" changeset="133451417" timestamp="2023-03-08T18:24:52Z" user="rab" uid="36894" lat="37.0682595" lon="37.3699926"/>
 <node id="10721980524" visible="true" version="1" changeset="133451417" timestamp="2023-03-08T18:24:52Z" user="rab" uid="36894" lat="37.0684678" lon="37.3700347"/>
 <node id="10721980525" visible="true" version="1" changeset="133451417" timestamp="2023-03-08T18:24:52Z" user="rab" uid="36894" lat="37.0684650" lon="37.3700516"/>
 <node id="10721980526" visible="true" version="1" changeset="133451417" timestamp="2023-03-08T18:24:52Z" user="rab" uid="36894" lat="37.0684531" lon="37.3700068"/>
 <node id="10721980527" visible="true" version="1" changeset="133451417" timestamp="2023-03-08T18:24:52Z" user="rab" uid="36894" lat="37.0684634" lon="37.3700183"/>
 <node id="10721980528" visible="true" version="1" changeset="133451417" timestamp="2023-03-08T18:24:52Z" user="rab" uid="36894" lat="37.0684558" lon="37.3700645"/>
 <node id="10721980529" visible="true" version="1" changeset="133451417" timestamp="2023-03-08T18:24:52Z" user="rab" uid="36894" lat="37.0684396" lon="37.3700033"/>
 <node id="10724181595" visible="true" version="1" changeset="133491485" timestamp="2023-03-09T19:09:03Z" user="rab" uid="36894" lat="37.0683817" lon="37.3721268"/>
 <node id="10724181596" visible="true" version="1" changeset="133491485" timestamp="2023-03-09T19:09:03Z" user="rab" uid="36894" lat="37.0683702" lon="37.3721230"/>
 <node id="10724181597" visible="true" version="1" changeset="133491485" timestamp="2023-03-09T19:09:03Z" user="rab" uid="36894" lat="37.0683806" lon="37.3720726"/>
 <node id="10724181598" visible="true" version="1" changeset="133491485" timestamp="2023-03-09T19:09:03Z" user="rab" uid="36894" lat="37.0682687" lon="37.3723587"/>
 <node id="10724181599" visible="true" version="1" changeset="133491485" timestamp="2023-03-09T19:09:03Z" user="rab" uid="36894" lat="37.0681315" lon="37.3723140"/>
 <node id="10724181600" visible="true" version="1" changeset="133491485" timestamp="2023-03-09T19:09:03Z" user="rab" uid="36894" lat="37.0681891" lon="37.3720102"/>
 <node id="10724181601" visible="true" version="1" changeset="133491485" timestamp="2023-03-09T19:09:03Z" user="rab" uid="36894" lat="37.0681443" lon="37.3719956"/>
 <node id="10724181602" visible="true" version="1" changeset="133491485" timestamp="2023-03-09T19:09:03Z" user="rab" uid="36894" lat="37.0681338" lon="37.3720461"/>
 <node id="10724181603" visible="true" version="1" changeset="133491485" timestamp="2023-03-09T19:09:03Z" user="rab" uid="36894" lat="37.0681243" lon="37.3720430"/>
 <node id="10724181604" visible="true" version="1" changeset="133491485" timestamp="2023-03-09T19:09:03Z" user="rab" uid="36894" lat="37.0680869" lon="37.3722231"/>
 <node id="10724202831" visible="true" version="1" changeset="133491485" timestamp="2023-03-09T19:09:02Z" user="rab" uid="36894" lat="37.0675663" lon="37.3734869"/>
 <node id="10724202832" visible="true" version="1" changeset="133491485" timestamp="2023-03-09T19:09:02Z" user="rab" uid="36894" lat="37.0673888" lon="37.3733941"/>
 <node id="10724202833" visible="true" version="1" changeset="133491485" timestamp="2023-03-09T19:09:02Z" user="rab" uid="36894" lat="37.0673878" lon="37.3741430"/>
 <node id="10724202835" visible="true" version="1" changeset="133491485" timestamp="2023-03-09T19:09:02Z" user="rab" uid="36894" lat="37.0675124" lon="37.3740160"/>
 <node id="10724202836" visible="true" version="1" changeset="133491485" timestamp="2023-03-09T19:09:02Z" user="rab" uid="36894" lat="37.0675005" lon="37.3740011"/>
 <node id="10724202837" visible="true" version="1" changeset="133491485" timestamp="2023-03-09T19:09:02Z" user="rab" uid="36894" lat="37.0675185" lon="37.3732728"/>
 <node id="10724202838" visible="true" version="1" changeset="133491485" timestamp="2023-03-09T19:09:02Z" user="rab" uid="36894" lat="37.0678226" lon="37.3736155"/>
 <node id="10724202839" visible="true" version="1" changeset="133491485" timestamp="2023-03-09T19:09:02Z" user="rab" uid="36894" lat="37.0670919" lon="37.3733043"/>
 <node id="10724202840" visible="true" version="1" changeset="133491485" timestamp="2023-03-09T19:09:02Z" user="rab" uid="36894" lat="37.0671610" lon="37.3732680"/>
 <node id="10724202841" visible="true" version="1" changeset="133491485" timestamp="2023-03-09T19:09:02Z" user="rab" uid="36894" lat="37.0672377" lon="37.3732452"/>
 <node id="10724202842" visible="true" version="1" changeset="133491485" timestamp="2023-03-09T19:09:02Z" user="rab" uid="36894" lat="37.0673040" lon="37.3732365"/>
 <node id="10724202843" visible="true" version="1" changeset="133491485" timestamp="2023-03-09T19:09:02Z" user="rab" uid="36894" lat="37.0673775" lon="37.3732386"/>
 <node id="10724202844" visible="true" version="1" changeset="133491485" timestamp="2023-03-09T19:09:02Z" user="rab" uid="36894" lat="37.0674539" lon="37.3732537"/>
 <node id="10724202845" visible="true" version="1" changeset="133491485" timestamp="2023-03-09T19:09:02Z" user="rab" uid="36894" lat="37.0675720" lon="37.3733059"/>
 <node id="10724202846" visible="true" version="1" changeset="133491485" timestamp="2023-03-09T19:09:02Z" user="rab" uid="36894" lat="37.0676317" lon="37.3733480"/>
 <node id="10724202847" visible="true" version="1" changeset="133491485" timestamp="2023-03-09T19:09:02Z" user="rab" uid="36894" lat="37.0676911" lon="37.3734035"/>
 <node id="10724202848" visible="true" version="1" changeset="133491485" timestamp="2023-03-09T19:09:02Z" user="rab" uid="36894" lat="37.0677354" lon="37.3734565"/>
 <node id="10724202849" visible="true" version="1" changeset="133491485" timestamp="2023-03-09T19:09:02Z" user="rab" uid="36894" lat="37.0677835" lon="37.3735300"/>
 <node id="10724202850" visible="true" version="1" changeset="133491485" timestamp="2023-03-09T19:09:02Z" user="rab" uid="36894" lat="37.0675515" lon="37.3734240"/>
 <node id="10724202851" visible="true" version="1" changeset="133491485" timestamp="2023-03-09T19:09:02Z" user="rab" uid="36894" lat="37.0675091" lon="37.3733944"/>
 <node id="10724202852" visible="true" version="1" changeset="133491485" timestamp="2023-03-09T19:09:02Z" user="rab" uid="36894" lat="37.0674584" lon="37.3733736"/>
 <node id="10724202853" visible="true" version="1" changeset="133491485" timestamp="2023-03-09T19:09:02Z" user="rab" uid="36894" lat="37.0673944" lon="37.3733659"/>
 <node id="10724202854" visible="true" version="1" changeset="133491485" timestamp="2023-03-09T19:09:02Z" user="rab" uid="36894" lat="37.0673655" lon="37.3735102"/>
 <node id="10724202855" visible="true" version="1" changeset="133491485" timestamp="2023-03-09T19:09:02Z" user="rab" uid="36894" lat="37.0674458" lon="37.3735397"/>
 <node id="10724202856" visible="true" version="1" changeset="133491485" timestamp="2023-03-09T19:09:02Z" user="rab" uid="36894" lat="37.0674532" lon="37.3735034"/>
 <node id="10724202857" visible="true" version="1" changeset="133491485" timestamp="2023-03-09T19:09:02Z" user="rab" uid="36894" lat="37.0675292" lon="37.3735625"/>
 <node id="10724202858" visible="true" version="1" changeset="133491485" timestamp="2023-03-09T19:09:02Z" user="rab" uid="36894" lat="37.0675822" lon="37.3734546"/>
 <node id="10724202859" visible="true" version="1" changeset="133491485" timestamp="2023-03-09T19:09:02Z" user="rab" uid="36894" lat="37.0674569" lon="37.3734162"/>
 <node id="10724202860" visible="true" version="1" changeset="133491485" timestamp="2023-03-09T19:09:02Z" user="rab" uid="36894" lat="37.0673291" lon="37.3733851"/>
 <node id="10724202861" visible="true" version="1" changeset="133491485" timestamp="2023-03-09T19:09:02Z" user="rab" uid="36894" lat="37.0672061" lon="37.3733983"/>
 <node id="10724202862" visible="true" version="1" changeset="133491485" timestamp="2023-03-09T19:09:02Z" user="rab" uid="36894" lat="37.0676357" lon="37.3735590"/>
 <node id="10724202863" visible="true" version="1" changeset="133491485" timestamp="2023-03-09T19:09:02Z" user="rab" uid="36894" lat="37.0676605" lon="37.3732755"/>
 <node id="10724202864" visible="true" version="1" changeset="133491485" timestamp="2023-03-09T19:09:02Z" user="rab" uid="36894" lat="37.0673900" lon="37.3731590"/>
 <node id="10724202865" visible="true" version="1" changeset="133491485" timestamp="2023-03-09T19:09:02Z" user="rab" uid="36894" lat="37.0672411" lon="37.3731660"/>
 <node id="10724202866" visible="true" version="1" changeset="133491485" timestamp="2023-03-09T19:09:02Z" user="rab" uid="36894" lat="37.0677710" lon="37.3733909"/>
 <node id="10724202867" visible="true" version="1" changeset="133491485" timestamp="2023-03-09T19:09:02Z" user="rab" uid="36894" lat="37.0687057" lon="37.3737889"/>
 <node id="10724202868" visible="true" version="1" changeset="133491485" timestamp="2023-03-09T19:09:02Z" user="rab" uid="36894" lat="37.0686902" lon="37.3737890"/>
 <node id="10724202869" visible="true" version="1" changeset="133491485" timestamp="2023-03-09T19:09:02Z" user="rab" uid="36894" lat="37.0686767" lon="37.3737793"/>
 <node id="10724202870" visible="true" version="1" changeset="133491485" timestamp="2023-03-09T19:09:02Z" user="rab" uid="36894" lat="37.0686688" lon="37.3737624"/>
 <node id="10724202871" visible="true" version="1" changeset="133491485" timestamp="2023-03-09T19:09:02Z" user="rab" uid="36894" lat="37.0686688" lon="37.3737429"/>
 <node id="10724202872" visible="true" version="1" changeset="133491485" timestamp="2023-03-09T19:09:02Z" user="rab" uid="36894" lat="37.0687541" lon="37.3736350"/>
 <node id="10724202873" visible="true" version="1" changeset="133491485" timestamp="2023-03-09T19:09:02Z" user="rab" uid="36894" lat="37.0687697" lon="37.3736349"/>
 <node id="10724202874" visible="true" version="1" changeset="133491485" timestamp="2023-03-09T19:09:02Z" user="rab" uid="36894" lat="37.0687832" lon="37.3736446"/>
 <node id="10724202875" visible="true" version="1" changeset="133491485" timestamp="2023-03-09T19:09:02Z" user="rab" uid="36894" lat="37.0687910" lon="37.3736615"/>
 <node id="10724202876" visible="true" version="1" changeset="133491485" timestamp="2023-03-09T19:09:02Z" user="rab" uid="36894" lat="37.0687911" lon="37.3736810"/>
 <node id="10724202877" visible="true" version="1" changeset="133491485" timestamp="2023-03-09T19:09:02Z" user="rab" uid="36894" lat="37.0687407" lon="37.3736449"/>
 <node id="10724202878" visible="true" version="1" changeset="133491485" timestamp="2023-03-09T19:09:02Z" user="rab" uid="36894" lat="37.0686765" lon="37.3737260"/>
 <node id="10724202879" visible="true" version="1" changeset="133491485" timestamp="2023-03-09T19:09:02Z" user="rab" uid="36894" lat="37.0687192" lon="37.3737791"/>
 <node id="10724202880" visible="true" version="1" changeset="133491485" timestamp="2023-03-09T19:09:02Z" user="rab" uid="36894" lat="37.0687834" lon="37.3736979"/>
 <node id="10724202881" visible="true" version="1" changeset="133491485" timestamp="2023-03-09T19:09:02Z" user="rab" uid="36894" lat="37.0688234" lon="37.3731772"/>
 <node id="10724202882" visible="true" version="1" changeset="133491485" timestamp="2023-03-09T19:09:02Z" user="rab" uid="36894" lat="37.0690879" lon="37.3730669"/>
 <node id="10724202883" visible="true" version="1" changeset="133491485" timestamp="2023-03-09T19:09:02Z" user="rab" uid="36894" lat="37.0690916" lon="37.3732337"/>
 <node id="10724202884" visible="true" version="1" changeset="133491485" timestamp="2023-03-09T19:09:02Z" user="rab" uid="36894" lat="37.0691099" lon="37.3733194"/>
 <node id="10724202885" visible="true" version="1" changeset="133491485" timestamp="2023-03-09T19:09:02Z" user="rab" uid="36894" lat="37.0690942" lon="37.3731863"/>
 <node id="10724202886" visible="true" version="1" changeset="133491485" timestamp="2023-03-09T19:09:02Z" user="rab" uid="36894" lat="37.0690718" lon="37.3732138"/>
 <node id="10724202887" visible="true" version="1" changeset="133491485" timestamp="2023-03-09T19:09:02Z" user="rab" uid="36894" lat="37.0690889" lon="37.3732996"/>
 <node id="10724202888" visible="true" version="1" changeset="133491485" timestamp="2023-03-09T19:09:02Z" user="rab" uid="36894" lat="37.0689519" lon="37.3733579"/>
 <node id="10724202889" visible="true" version="1" changeset="133491485" timestamp="2023-03-09T19:09:02Z" user="rab" uid="36894" lat="37.0689262" lon="37.3732936"/>
 <node id="10724202890" visible="true" version="1" changeset="133491485" timestamp="2023-03-09T19:09:02Z" user="rab" uid="36894" lat="37.0689048" lon="37.3733123"/>
 <node id="10724202891" visible="true" version="1" changeset="133491485" timestamp="2023-03-09T19:09:02Z" user="rab" uid="36894" lat="37.0688599" lon="37.3732091"/>
 <node id="10724202892" visible="true" version="1" changeset="133491485" timestamp="2023-03-09T19:09:02Z" user="rab" uid="36894" lat="37.0689605" lon="37.3731420"/>
 <node id="10724202893" visible="true" version="1" changeset="133491485" timestamp="2023-03-09T19:09:02Z" user="rab" uid="36894" lat="37.0690819" lon="37.3731031"/>
 <node id="10724202894" visible="true" version="1" changeset="133491485" timestamp="2023-03-09T19:09:02Z" user="rab" uid="36894" lat="37.0694844" lon="37.3731284"/>
 <node id="10724202895" visible="true" version="1" changeset="133491485" timestamp="2023-03-09T19:09:02Z" user="rab" uid="36894" lat="37.0694970" lon="37.3732079"/>
 <node id="10724202896" visible="true" version="1" changeset="133491485" timestamp="2023-03-09T19:09:02Z" user="rab" uid="36894" lat="37.0694263" lon="37.3731429"/>
 <node id="10724202897" visible="true" version="1" changeset="133491485" timestamp="2023-03-09T19:09:02Z" user="rab" uid="36894" lat="37.0693987" lon="37.3729616"/>
 <node id="10724202898" visible="true" version="1" changeset="133491485" timestamp="2023-03-09T19:09:02Z" user="rab" uid="36894" lat="37.0696469" lon="37.3731773"/>
 <node id="10724202899" visible="true" version="1" changeset="133491485" timestamp="2023-03-09T19:09:02Z" user="rab" uid="36894" lat="37.0695651" lon="37.3731940"/>
 <node id="10724202900" visible="true" version="1" changeset="133491485" timestamp="2023-03-09T19:09:02Z" user="rab" uid="36894" lat="37.0695521" lon="37.3731115"/>
 <node id="10724202901" visible="true" version="1" changeset="133491485" timestamp="2023-03-09T19:09:02Z" user="rab" uid="36894" lat="37.0692831" lon="37.3734257"/>
 <node id="10724202902" visible="true" version="1" changeset="133491485" timestamp="2023-03-09T19:09:02Z" user="rab" uid="36894" lat="37.0691384" lon="37.3732019"/>
 <node id="10724202903" visible="true" version="1" changeset="133491485" timestamp="2023-03-09T19:09:02Z" user="rab" uid="36894" lat="37.0691205" lon="37.3732250"/>
 <node id="10724202904" visible="true" version="1" changeset="133491485" timestamp="2023-03-09T19:09:02Z" user="rab" uid="36894" lat="37.0688874" lon="37.3734171"/>
 <node id="10724208905" visible="true" version="1" changeset="133491485" timestamp="2023-03-09T19:09:02Z" user="rab" uid="36894" lat="37.0687967" lon="37.3732320"/>
 <node id="10724208906" visible="true" version="1" changeset="133491485" timestamp="2023-03-09T19:09:02Z" user="rab" uid="36894" lat="37.0691183" lon="37.3730792"/>
 <node id="10724208907" visible="true" version="1" changeset="133491485" timestamp="2023-03-09T19:09:02Z" user="rab" uid="36894" lat="37.0686073" lon="37.3737770"/>
 <node id="10724208908" visible="true" version="1" changeset="133491485" timestamp="2023-03-09T19:09:02Z" user="rab" uid="36894" lat="37.0686790" lon="37.3738025"/>
 <node id="10724208909" visible="true" version="1" changeset="133491485" timestamp="2023-03-09T19:09:02Z" user="rab" uid="36894" lat="37.0688000" lon="37.3736496"/>
 <node id="10724208910" visible="true" version="1" changeset="133491485" timestamp="2023-03-09T19:09:02Z" user="rab" uid="36894" lat="37.0687700" lon="37.3735450"/>
 <node id="10724208911" visible="true" version="1" changeset="133491485" timestamp="2023-03-09T19:09:02Z" user="rab" uid="36894" lat="37.0688075" lon="37.3735276"/>
 <node id="10724208912" visible="true" version="1" changeset="133491485" timestamp="2023-03-09T19:09:02Z" user="rab" uid="36894" lat="37.0687668" lon="37.3734806"/>
 <node id="10724208913" visible="true" version="1" changeset="133491485" timestamp="2023-03-09T19:09:02Z" user="rab" uid="36894" lat="37.0685498" lon="37.3737674"/>
 <node id="10724208914" visible="true" version="1" changeset="133491485" timestamp="2023-03-09T19:09:02Z" user="rab" uid="36894" lat="37.0685268" lon="37.3737261"/>
 <node id="10724208915" visible="true" version="1" changeset="133491485" timestamp="2023-03-09T19:09:02Z" user="rab" uid="36894" lat="37.0685117" lon="37.3736794"/>
 <node id="10724208916" visible="true" version="1" changeset="133491485" timestamp="2023-03-09T19:09:02Z" user="rab" uid="36894" lat="37.0685052" lon="37.3736297"/>
 <node id="10724208917" visible="true" version="1" changeset="133491485" timestamp="2023-03-09T19:09:02Z" user="rab" uid="36894" lat="37.0685078" lon="37.3735795"/>
 <node id="10724208918" visible="true" version="1" changeset="133491485" timestamp="2023-03-09T19:09:02Z" user="rab" uid="36894" lat="37.0685192" lon="37.3735312"/>
 <node id="10724208919" visible="true" version="1" changeset="133491485" timestamp="2023-03-09T19:09:02Z" user="rab" uid="36894" lat="37.0685389" lon="37.3734874"/>
 <node id="10724208920" visible="true" version="1" changeset="133491485" timestamp="2023-03-09T19:09:02Z" user="rab" uid="36894" lat="37.0685658" lon="37.3734501"/>
 <node id="10724208921" visible="true" version="1" changeset="133491485" timestamp="2023-03-09T19:09:02Z" user="rab" uid="36894" lat="37.0685988" lon="37.3734212"/>
 <node id="10724208922" visible="true" version="1" changeset="133491485" timestamp="2023-03-09T19:09:02Z" user="rab" uid="36894" lat="37.0686360" lon="37.3734023"/>
 <node id="10724208923" visible="true" version="1" changeset="133491485" timestamp="2023-03-09T19:09:02Z" user="rab" uid="36894" lat="37.0686756" lon="37.3733942"/>
 <node id="10724208924" visible="true" version="1" changeset="133491485" timestamp="2023-03-09T19:09:02Z" user="rab" uid="36894" lat="37.0687157" lon="37.3733974"/>
 <node id="10724208925" visible="true" version="1" changeset="133491485" timestamp="2023-03-09T19:09:02Z" user="rab" uid="36894" lat="37.0687542" lon="37.3734117"/>
 <node id="10724208926" visible="true" version="1" changeset="133491485" timestamp="2023-03-09T19:09:02Z" user="rab" uid="36894" lat="37.0685795" lon="37.3738012"/>
 <node id="10724208927" visible="true" version="1" changeset="133491485" timestamp="2023-03-09T19:09:02Z" user="rab" uid="36894" lat="37.0687893" lon="37.3734364"/>
 <node id="10724208928" visible="true" version="1" changeset="133491485" timestamp="2023-03-09T19:09:02Z" user="rab" uid="36894" lat="37.0681347" lon="37.3722987"/>
 <node id="10724208929" visible="true" version="1" changeset="133491485" timestamp="2023-03-09T19:09:02Z" user="rab" uid="36894" lat="37.0682719" lon="37.3723433"/>
 <node id="10724208930" visible="true" version="1" changeset="133491485" timestamp="2023-03-09T19:09:02Z" user="rab" uid="36894" lat="37.0683443" lon="37.3723069"/>
 <node id="10724209005" visible="true" version="1" changeset="133491485" timestamp="2023-03-09T19:09:03Z" user="rab" uid="36894" lat="37.0680965" lon="37.3722262"/>
 <node id="10724209006" visible="true" version="1" changeset="133491485" timestamp="2023-03-09T19:09:03Z" user="rab" uid="36894" lat="37.0680848" lon="37.3722824"/>
 <node id="10724209007" visible="true" version="1" changeset="133491485" timestamp="2023-03-09T19:09:03Z" user="rab" uid="36894" lat="37.0683211" lon="37.3723594"/>
 <node id="10724209008" visible="true" version="1" changeset="133491485" timestamp="2023-03-09T19:09:03Z" user="rab" uid="36894" lat="37.0683328" lon="37.3723031"/>
 <node id="10724209009" visible="true" version="1" changeset="133491485" timestamp="2023-03-09T19:09:03Z" user="rab" uid="36894" lat="37.0682041" lon="37.3717075"/>
 <node id="10724209010" visible="true" version="1" changeset="133491485" timestamp="2023-03-09T19:09:03Z" user="rab" uid="36894" lat="37.0681667" lon="37.3718876"/>
 <node id="10724209011" visible="true" version="1" changeset="133491485" timestamp="2023-03-09T19:09:03Z" user="rab" uid="36894" lat="37.0681945" lon="37.3717043"/>
 <node id="10724209012" visible="true" version="1" changeset="133491485" timestamp="2023-03-09T19:09:03Z" user="rab" uid="36894" lat="37.0681571" lon="37.3718844"/>
 <node id="10724209013" visible="true" version="1" changeset="133491485" timestamp="2023-03-09T19:09:03Z" user="rab" uid="36894" lat="37.0684030" lon="37.3719645"/>
 <node id="10724209014" visible="true" version="1" changeset="133491485" timestamp="2023-03-09T19:09:03Z" user="rab" uid="36894" lat="37.0684145" lon="37.3719682"/>
 <node id="10724209015" visible="true" version="1" changeset="133491485" timestamp="2023-03-09T19:09:03Z" user="rab" uid="36894" lat="37.0684519" lon="37.3717881"/>
 <node id="10724209016" visible="true" version="1" changeset="133491485" timestamp="2023-03-09T19:09:03Z" user="rab" uid="36894" lat="37.0684404" lon="37.3717844"/>
 <node id="10724209017" visible="true" version="1" changeset="133491485" timestamp="2023-03-09T19:09:03Z" user="rab" uid="36894" lat="37.0684049" lon="37.3717015"/>
 <node id="10724209018" visible="true" version="1" changeset="133491485" timestamp="2023-03-09T19:09:03Z" user="rab" uid="36894" lat="37.0682677" lon="37.3716568"/>
 <node id="10724209019" visible="true" version="1" changeset="133491485" timestamp="2023-03-09T19:09:03Z" user="rab" uid="36894" lat="37.0682644" lon="37.3716730"/>
 <node id="10724209020" visible="true" version="1" changeset="133491485" timestamp="2023-03-09T19:09:03Z" user="rab" uid="36894" lat="37.0684015" lon="37.3717177"/>
 <node id="10724209021" visible="true" version="1" changeset="133491485" timestamp="2023-03-09T19:09:03Z" user="rab" uid="36894" lat="37.0684509" lon="37.3717337"/>
 <node id="10724209022" visible="true" version="1" changeset="133491485" timestamp="2023-03-09T19:09:03Z" user="rab" uid="36894" lat="37.0682146" lon="37.3716568"/>
 <node id="10724209023" visible="true" version="1" changeset="133491485" timestamp="2023-03-09T19:09:03Z" user="rab" uid="36894" lat="37.0681550" lon="37.3719442"/>
 <node id="10724209024" visible="true" version="1" changeset="133491485" timestamp="2023-03-09T19:09:03Z" user="rab" uid="36894" lat="37.0683913" lon="37.3720211"/>
 <node id="10724209025" visible="true" version="1" changeset="133491485" timestamp="2023-03-09T19:09:03Z" user="rab" uid="36894" lat="37.0682388" lon="37.3720518"/>
 <node id="10724209026" visible="true" version="1" changeset="133491485" timestamp="2023-03-09T19:09:03Z" user="rab" uid="36894" lat="37.0682271" lon="37.3720325"/>
 <node id="10724209027" visible="true" version="1" changeset="133491485" timestamp="2023-03-09T19:09:03Z" user="rab" uid="36894" lat="37.0682233" lon="37.3720089"/>
 <node id="10724209028" visible="true" version="1" changeset="133491485" timestamp="2023-03-09T19:09:03Z" user="rab" uid="36894" lat="37.0682280" lon="37.3719854"/>
 <node id="10724209029" visible="true" version="1" changeset="133491485" timestamp="2023-03-09T19:09:03Z" user="rab" uid="36894" lat="37.0682404" lon="37.3719669"/>
 <node id="10724209030" visible="true" version="1" changeset="133491485" timestamp="2023-03-09T19:09:03Z" user="rab" uid="36894" lat="37.0682580" lon="37.3719570"/>
 <node id="10724209031" visible="true" version="1" changeset="133491485" timestamp="2023-03-09T19:09:03Z" user="rab" uid="36894" lat="37.0682944" lon="37.3719686"/>
 <node id="10724209032" visible="true" version="1" changeset="133491485" timestamp="2023-03-09T19:09:03Z" user="rab" uid="36894" lat="37.0683061" lon="37.3719878"/>
 <node id="10724209033" visible="true" version="1" changeset="133491485" timestamp="2023-03-09T19:09:03Z" user="rab" uid="36894" lat="37.0683099" lon="37.3720115"/>
 <node id="10724209034" visible="true" version="1" changeset="133491485" timestamp="2023-03-09T19:09:03Z" user="rab" uid="36894" lat="37.0683052" lon="37.3720349"/>
 <node id="10724209035" visible="true" version="1" changeset="133491485" timestamp="2023-03-09T19:09:03Z" user="rab" uid="36894" lat="37.0682928" lon="37.3720534"/>
 <node id="10724209036" visible="true" version="1" changeset="133491485" timestamp="2023-03-09T19:09:03Z" user="rab" uid="36894" lat="37.0682752" lon="37.3720634"/>
 <node id="10724209037" visible="true" version="1" changeset="133491485" timestamp="2023-03-09T19:09:03Z" user="rab" uid="36894" lat="37.0682559" lon="37.3720628"/>
 <node id="10724209038" visible="true" version="1" changeset="133491485" timestamp="2023-03-09T19:09:03Z" user="rab" uid="36894" lat="37.0682773" lon="37.3719576"/>
 <node id="10724209039" visible="true" version="1" changeset="133491485" timestamp="2023-03-09T19:09:03Z" user="rab" uid="36894" lat="37.0681543" lon="37.3721784"/>
 <node id="10724209040" visible="true" version="1" changeset="133491485" timestamp="2023-03-09T19:09:03Z" user="rab" uid="36894" lat="37.0683008" lon="37.3722261"/>
 <node id="10724209041" visible="true" version="1" changeset="133491485" timestamp="2023-03-09T19:09:03Z" user="rab" uid="36894" lat="37.0683356" lon="37.3720579"/>
 <node id="10724209042" visible="true" version="1" changeset="133491485" timestamp="2023-03-09T19:09:03Z" user="rab" uid="36894" lat="37.0682527" lon="37.3722105"/>
 <node id="10724209043" visible="true" version="1" changeset="133491485" timestamp="2023-03-09T19:09:03Z" user="rab" uid="36894" lat="37.0681943" lon="37.3721915"/>
 <node id="10724209044" visible="true" version="1" changeset="133491485" timestamp="2023-03-09T19:09:03Z" user="rab" uid="36894" lat="37.0682483" lon="37.3722319"/>
 <node id="10724209045" visible="true" version="1" changeset="133491485" timestamp="2023-03-09T19:09:03Z" user="rab" uid="36894" lat="37.0681899" lon="37.3722129"/>
 <node id="10724209046" visible="true" version="1" changeset="133491485" timestamp="2023-03-09T19:09:03Z" user="rab" uid="36894" lat="37.0683365" lon="37.3718058"/>
 <node id="10724209047" visible="true" version="1" changeset="133491485" timestamp="2023-03-09T19:09:03Z" user="rab" uid="36894" lat="37.0682781" lon="37.3717868"/>
 <node id="10724209048" visible="true" version="1" changeset="133491485" timestamp="2023-03-09T19:09:03Z" user="rab" uid="36894" lat="37.0682746" lon="37.3718037"/>
 <node id="10724209049" visible="true" version="1" changeset="133491485" timestamp="2023-03-09T19:09:03Z" user="rab" uid="36894" lat="37.0683330" lon="37.3718227"/>
 <node id="10724209050" visible="true" version="1" changeset="133491485" timestamp="2023-03-09T19:09:03Z" user="rab" uid="36894" lat="37.0683811" lon="37.3718383"/>
 <node id="10724209051" visible="true" version="1" changeset="133491485" timestamp="2023-03-09T19:09:03Z" user="rab" uid="36894" lat="37.0682346" lon="37.3717906"/>
 <node id="10724209052" visible="true" version="1" changeset="133491485" timestamp="2023-03-09T19:09:03Z" user="rab" uid="36894" lat="37.0681997" lon="37.3719587"/>
 <node id="10724209053" visible="true" version="1" changeset="133491485" timestamp="2023-03-09T19:09:03Z" user="rab" uid="36894" lat="37.0683462" lon="37.3720065"/>
 <node id="10727506383" visible="true" version="1" changeset="133551049" timestamp="2023-03-11T12:11:39Z" user="rab" uid="36894" lat="37.0679564" lon="37.3747152"/>
 <node id="10727506384" visible="true" version="1" changeset="133551049" timestamp="2023-03-11T12:11:39Z" user="rab" uid="36894" lat="37.0675225" lon="37.3747542"/>
 <node id="10727506385" visible="true" version="1" changeset="133551049" timestamp="2023-03-11T12:11:39Z" user="rab" uid="36894" lat="37.0683157" lon="37.3737971"/>
 <node id="10727506386" visible="true" version="1" changeset="133551049" timestamp="2023-03-11T12:11:39Z" user="rab" uid="36894" lat="37.0684978" lon="37.3741505"/>
 <node id="10727506387" visible="true" version="1" changeset="133551049" timestamp="2023-03-11T12:11:39Z" user="rab" uid="36894" lat="37.0681517" lon="37.3743168"/>
 <node id="10727506388" visible="true" version="1" changeset="133551049" timestamp="2023-03-11T12:11:39Z" user="rab" uid="36894" lat="37.0682137" lon="37.3743951"/>
 <node id="10727506389" visible="true" version="1" changeset="133551049" timestamp="2023-03-11T12:11:39Z" user="rab" uid="36894" lat="37.0680097" lon="37.3740664"/>
 <node id="10727506390" visible="true" version="1" changeset="133551049" timestamp="2023-03-11T12:11:39Z" user="rab" uid="36894" lat="37.0681956" lon="37.3738352"/>
 <node id="10727506391" visible="true" version="1" changeset="133551049" timestamp="2023-03-11T12:11:39Z" user="rab" uid="36894" lat="37.0677674" lon="37.3743679"/>
 <node id="10727506392" visible="true" version="1" changeset="133551049" timestamp="2023-03-11T12:11:39Z" user="rab" uid="36894" lat="37.0683923" lon="37.3740174"/>
 <node id="10727506393" visible="true" version="1" changeset="133551049" timestamp="2023-03-11T12:11:39Z" user="rab" uid="36894" lat="37.0681801" lon="37.3742814"/>
 <node id="10727506394" visible="true" version="1" changeset="133551049" timestamp="2023-03-11T12:11:39Z" user="rab" uid="36894" lat="37.0679941" lon="37.3747626"/>
 <node id="10727506395" visible="true" version="1" changeset="133551049" timestamp="2023-03-11T12:11:39Z" user="rab" uid="36894" lat="37.0677892" lon="37.3747678"/>
 <node id="10727506396" visible="true" version="1" changeset="133551049" timestamp="2023-03-11T12:11:39Z" user="rab" uid="36894" lat="37.0677581" lon="37.3747285"/>
 <node id="10727506397" visible="true" version="1" changeset="133551049" timestamp="2023-03-11T12:11:39Z" user="rab" uid="36894" lat="37.0678944" lon="37.3746368"/>
 <node id="10727506398" visible="true" version="1" changeset="133551049" timestamp="2023-03-11T12:11:39Z" user="rab" uid="36894" lat="37.0677599" lon="37.3750540"/>
 <node id="10727506399" visible="true" version="1" changeset="133551049" timestamp="2023-03-11T12:11:39Z" user="rab" uid="36894" lat="37.0678888" lon="37.3748936"/>
 <node id="10727506400" visible="true" version="1" changeset="133551049" timestamp="2023-03-11T12:11:39Z" user="rab" uid="36894" lat="37.0675194" lon="37.3746774"/>
 <node id="10727506401" visible="true" version="1" changeset="133551049" timestamp="2023-03-11T12:11:39Z" user="rab" uid="36894" lat="37.0675158" lon="37.3747406"/>
 <node id="10727506402" visible="true" version="1" changeset="133551049" timestamp="2023-03-11T12:11:39Z" user="rab" uid="36894" lat="37.0675272" lon="37.3746667"/>
 <node id="10727506403" visible="true" version="1" changeset="133551049" timestamp="2023-03-11T12:11:39Z" user="rab" uid="36894" lat="37.0675090" lon="37.3747271"/>
 <node id="10727506404" visible="true" version="1" changeset="133551049" timestamp="2023-03-11T12:11:39Z" user="rab" uid="36894" lat="37.0675109" lon="37.3746901"/>
 <node id="10727522205" visible="true" version="1" changeset="133551049" timestamp="2023-03-11T12:11:39Z" user="rab" uid="36894" lat="37.0682571" lon="37.3744499"/>
 <node id="10727522206" visible="true" version="1" changeset="133551049" timestamp="2023-03-11T12:11:39Z" user="rab" uid="36894" lat="37.0676292" lon="37.3748889"/>
 <node id="10727522207" visible="true" version="1" changeset="133551049" timestamp="2023-03-11T12:11:39Z" user="rab" uid="36894" lat="37.0675066" lon="37.3747097"/>
 <node id="10727522208" visible="true" version="1" changeset="133551049" timestamp="2023-03-11T12:11:39Z" user="rab" uid="36894" lat="37.0676504" lon="37.3745135"/>
 <node id="10727522209" visible="true" version="1" changeset="133551049" timestamp="2023-03-11T12:11:39Z" user="rab" uid="36894" lat="37.0677897" lon="37.3746893"/>
 <node id="10727522210" visible="true" version="1" changeset="133551049" timestamp="2023-03-11T12:11:39Z" user="rab" uid="36894" lat="37.0679377" lon="37.3745830"/>
 <node id="10727522211" visible="true" version="1" changeset="133551049" timestamp="2023-03-11T12:11:39Z" user="rab" uid="36894" lat="37.0679127" lon="37.3741871"/>
 <node id="10727522212" visible="true" version="1" changeset="133551049" timestamp="2023-03-11T12:11:39Z" user="rab" uid="36894" lat="37.0680830" lon="37.3744022"/>
 <node id="10727522213" visible="true" version="1" changeset="133551049" timestamp="2023-03-11T12:11:39Z" user="rab" uid="36894" lat="37.0683659" lon="37.3740502"/>
 <node id="10728032465" visible="true" version="1" changeset="133563255" timestamp="2023-03-11T18:12:32Z" user="rab" uid="36894" lat="37.0685144" lon="37.3705108"/>
 <node id="10728032466" visible="true" version="1" changeset="133563255" timestamp="2023-03-11T18:12:32Z" user="rab" uid="36894" lat="37.0685298" lon="37.3713335"/>
 <node id="10728032467" visible="true" version="1" changeset="133563255" timestamp="2023-03-11T18:12:32Z" user="rab" uid="36894" lat="37.0685661" lon="37.3712423"/>
 <node id="10728032468" visible="true" version="1" changeset="133563255" timestamp="2023-03-11T18:12:32Z" user="rab" uid="36894" lat="37.0685550" lon="37.3706603"/>
 <node id="10728032485" visible="true" version="1" changeset="133563255" timestamp="2023-03-11T18:12:32Z" user="rab" uid="36894" lat="37.0707750" lon="37.3710258"/>
 <node id="10728032486" visible="true" version="1" changeset="133563255" timestamp="2023-03-11T18:12:32Z" user="rab" uid="36894" lat="37.0704013" lon="37.3709607"/>
 <node id="10728032487" visible="true" version="1" changeset="133563255" timestamp="2023-03-11T18:12:32Z" user="rab" uid="36894" lat="37.0704589" lon="37.3704419"/>
 <node id="10728032488" visible="true" version="1" changeset="133563255" timestamp="2023-03-11T18:12:32Z" user="rab" uid="36894" lat="37.0704285" lon="37.3709816"/>
 <node id="10728032489" visible="true" version="1" changeset="133563255" timestamp="2023-03-11T18:12:32Z" user="rab" uid="36894" lat="37.0703429" lon="37.3717225"/>
 <node id="10728032490" visible="true" version="1" changeset="133563255" timestamp="2023-03-11T18:12:32Z" user="rab" uid="36894" lat="37.0706285" lon="37.3717743"/>
 <node id="10728032491" visible="true" version="1" changeset="133563255" timestamp="2023-03-11T18:12:32Z" user="rab" uid="36894" lat="37.0707140" lon="37.3710334"/>
 <node id="10728032492" visible="true" version="1" changeset="133563255" timestamp="2023-03-11T18:12:32Z" user="rab" uid="36894" lat="37.0706664" lon="37.3714455"/>
 <node id="10728032493" visible="true" version="1" changeset="133563255" timestamp="2023-03-11T18:12:32Z" user="rab" uid="36894" lat="37.0707084" lon="37.3714531"/>
 <node id="10728032494" visible="true" version="1" changeset="133563255" timestamp="2023-03-11T18:12:32Z" user="rab" uid="36894" lat="37.0707171" lon="37.3713780"/>
 <node id="10728032495" visible="true" version="1" changeset="133563255" timestamp="2023-03-11T18:12:32Z" user="rab" uid="36894" lat="37.0706751" lon="37.3713704"/>
 <node id="10743111609" visible="true" version="1" changeset="133817230" timestamp="2023-03-18T10:33:54Z" user="hmdgms" uid="13819895" lat="37.0681263" lon="37.3740627">
  <tag k="addr:district" v="Gaziantep"/>
  <tag k="amenity" v="clinic"/>
  <tag k="check_date" v="2023-02-07"/>
  <tag k="fixme" v="resurvey after recovery"/>
  <tag k="healthcare" v="clinic"/>
  <tag k="name" v="Arslanoglu Poliklinigi"/>
  <tag k="note" v="İnceli Pınar Mah. Muammer Aksoy Bulv."/>
  <tag k="phone" v="+903422212255"/>
  <tag k="source" v="SafeGraph"/>
 </node>
 <node id="10743600917" visible="true" version="1" changeset="133831022" timestamp="2023-03-18T17:01:29Z" user="hmdgms" uid="13819895" lat="37.0680022" lon="37.3727430">
  <tag k="addr:district" v="Gaziantep"/>
  <tag k="amenity" v="clinic"/>
  <tag k="check_date" v="2023-02-07"/>
  <tag k="fixme" v="resurvey after recovery"/>
  <tag k="healthcare" v="clinic"/>
  <tag k="name" v="Gama Gazi Saglık Hizmetleri"/>
  <tag k="note" v="İncilipınar Mah. Kıbrıs Cad."/>
  <tag k="phone" v="+903423237500"/>
  <tag k="source" v="SafeGraph"/>
 </node>
 <node id="10743763162" visible="true" version="1" changeset="133834605" timestamp="2023-03-18T18:51:35Z" user="hmdgms" uid="13819895" lat="37.0700760" lon="37.3727725">
  <tag k="addr:district" v="Gaziantep"/>
  <tag k="amenity" v="clinic"/>
  <tag k="check_date" v="2023-02-07"/>
  <tag k="fixme" v="resurvey after recovery"/>
  <tag k="healthcare" v="clinic"/>
  <tag k="name" v="Gama Tıp Tanı Merkezi"/>
  <tag k="note" v="İncilipınar Mah. Kıbrıs Cad."/>
  <tag k="phone" v="+903422211000"/>
  <tag k="source" v="SafeGraph"/>
 </node>
 <node id="10744699734" visible="true" version="1" changeset="133847498" timestamp="2023-03-19T07:49:42Z" user="hmdgms" uid="13819895" lat="37.0688429" lon="37.3727356"/>
 <node id="10744699735" visible="true" version="2" changeset="176297232" timestamp="2025-12-23T08:59:21Z" user="confusedbuffalo" uid="242345" lat="37.0689011" lon="37.3727109">
  <tag k="addr:district" v="Gaziantep"/>
  <tag k="amenity" v="bank"/>
  <tag k="brand" v="Türkiye İş Bankası"/>
  <tag k="brand:wikidata" v="Q909613"/>
  <tag k="check_date" v="2023-02-07"/>
  <tag k="fixme" v="resurvey after recovery"/>
  <tag k="name" v="Türkiye İş Bankası"/>
  <tag k="note" v="Prof. Muammer Aksoy Blv. No:2/a"/>
  <tag k="source" v="SafeGraph"/>
 </node>
 <node id="10745338038" visible="true" version="2" changeset="176297232" timestamp="2025-12-23T08:59:21Z" user="confusedbuffalo" uid="242345" lat="37.0687299" lon="37.3733144">
  <tag k="addr:district" v="Gaziantep"/>
  <tag k="amenity" v="bank"/>
  <tag k="brand" v="TEB"/>
  <tag k="brand:wikidata" v="Q7862447"/>
  <tag k="check_date" v="2023-02-07"/>
  <tag k="fixme" v="resurvey after recovery"/>
  <tag k="name" v="TEB"/>
  <tag k="note" v="Saha Mah. Atatürk Cad."/>
  <tag k="source" v="SafeGraph"/>
 </node>
 <node id="10745340019" visible="true" version="2" changeset="176297232" timestamp="2025-12-23T08:59:21Z" user="confusedbuffalo" uid="242345" lat="37.0687898" lon="37.3732768">
  <tag k="addr:district" v="Gaziantep"/>
  <tag k="amenity" v="bank"/>
  <tag k="check_date" v="2023-02-07"/>
  <tag k="fixme" v="resurvey after recovery"/>
  <tag k="name" v="Tekstilbank"/>
  <tag k="note" v="İncilipınar Mah. Kıbrıs Cad."/>
  <tag k="source" v="SafeGraph"/>
 </node>
 <node id="10745384236" visible="true" version="2" changeset="180218490" timestamp="2026-03-21T17:30:31Z" user="confusedbuffalo" uid="242345" lat="37.0684345" lon="37.3695217">
  <tag k="addr:district" v="Gaziantep"/>
  <tag k="amenity" v="bank"/>
  <tag k="brand" v="Halkbank"/>
  <tag k="brand:wikidata" v="Q3593818"/>
  <tag k="check_date" v="2023-02-07"/>
  <tag k="fixme" v="resurvey after recovery"/>
  <tag k="name" v="Halkbank"/>
  <tag k="note" v="No 45/H Muammer Aksoy Bulvari"/>
  <tag k="phone" v="+90 342 211 14 50"/>
  <tag k="source" v="SafeGraph"/>
 </node>
 <node id="10745444663" visible="true" version="2" changeset="176297232" timestamp="2025-12-23T08:59:21Z" user="confusedbuffalo" uid="242345" lat="37.0682847" lon="37.3727538">
  <tag k="addr:district" v="Gaziantep"/>
  <tag k="amenity" v="bank"/>
  <tag k="check_date" v="2023-02-07"/>
  <tag k="fixme" v="resurvey after recovery"/>
  <tag k="name" v="Aktif Bank"/>
  <tag k="note" v="İncilipınar Mah. Kıbrıs Cad."/>
  <tag k="source" v="SafeGraph"/>
 </node>
 <node id="10748173344" visible="true" version="3" changeset="180218490" timestamp="2026-03-21T17:30:31Z" user="confusedbuffalo" uid="242345" lat="37.0688724" lon="37.3724252">
  <tag k="addr:district" v="Gaziantep"/>
  <tag k="amenity" v="bank"/>
  <tag k="brand" v="Halkbank"/>
  <tag k="brand:wikidata" v="Q3593818"/>
  <tag k="check_date" v="2023-02-07"/>
  <tag k="fixme" v="resurvey after recovery"/>
  <tag k="name" v="Halkbank"/>
  <tag k="note" v="No 15/I İNci̇Li̇ Pinar Mah.Prof.Muammer Aksoy Bulvari"/>
  <tag k="phone" v="+90 342 211 46 50"/>
  <tag k="source" v="SafeGraph"/>
 </node>
 <node id="10751332592" visible="true" version="1" changeset="133951935" timestamp="2023-03-21T18:20:44Z" user="unen" uid="584117" lat="37.0680236" lon="37.3726076">
  <tag k="addr:district" v="Gaziantep"/>
  <tag k="amenity" v="bank"/>
  <tag k="brand" v="Türkiye İş Bankası"/>
  <tag k="brand:wikidata" v="Q909613"/>
  <tag k="check_date" v="2023-02-07"/>
  <tag k="fixme" v="resurvey after recovery"/>
  <tag k="name" v="Türkiye İş Bankası"/>
  <tag k="note" v="İncilipınar Mah. Kıbrıs Cad."/>
  <tag k="source" v="SafeGraph"/>
 </node>
 <node id="10751563657" visible="true" version="1" changeset="133954688" timestamp="2023-03-21T19:56:13Z" user="mepng" uid="14587553" lat="37.0658918" lon="37.3730248">
  <tag k="addr:district" v="Gaziantep"/>
  <tag k="amenity" v="bank"/>
  <tag k="check_date" v="2023-02-07"/>
  <tag k="fixme" v="resurvey after recovery"/>
  <tag k="name" v="Finansbank"/>
  <tag k="note" v="3. Cad."/>
  <tag k="source" v="SafeGraph"/>
 </node>
 <node id="10752375517" visible="true" version="3" changeset="176297232" timestamp="2025-12-23T08:59:21Z" user="confusedbuffalo" uid="242345" lat="37.0684024" lon="37.3721865">
  <tag k="addr:district" v="Gaziantep"/>
  <tag k="amenity" v="bank"/>
  <tag k="brand" v="Türkiye Finans"/>
  <tag k="brand:wikidata" v="Q6073140"/>
  <tag k="check_date" v="2023-02-07"/>
  <tag k="fixme" v="resurvey after recovery"/>
  <tag k="name" v="Türkiye Finans"/>
  <tag k="note" v="Muammer Aksoy Bulv."/>
  <tag k="source" v="SafeGraph"/>
 </node>
 <node id="10752402076" visible="true" version="2" changeset="176297232" timestamp="2025-12-23T08:59:21Z" user="confusedbuffalo" uid="242345" lat="37.0655217" lon="37.3728436">
  <tag k="addr:district" v="Gaziantep"/>
  <tag k="amenity" v="bank"/>
  <tag k="check_date" v="2023-02-07"/>
  <tag k="fixme" v="resurvey after recovery"/>
  <tag k="name" v="Finansbank"/>
  <tag k="note" v="Fevzi Paşa Mah. Necip Mahmut Cad."/>
  <tag k="source" v="SafeGraph"/>
 </node>
 <node id="10754083552" visible="true" version="2" changeset="176297232" timestamp="2025-12-23T08:59:21Z" user="confusedbuffalo" uid="242345" lat="37.0698855" lon="37.3719464">
  <tag k="addr:district" v="Gaziantep"/>
  <tag k="amenity" v="bank"/>
  <tag k="brand" v="Anadolubank"/>
  <tag k="brand:wikidata" v="Q4750773"/>
  <tag k="check_date" v="2023-02-07"/>
  <tag k="fixme" v="resurvey after recovery"/>
  <tag k="name" v="Anadolubank"/>
  <tag k="note" v="İncilipınar Mah. Nail Bilen Cad."/>
  <tag k="source" v="SafeGraph"/>
 </node>
 <node id="10756770222" visible="true" version="2" changeset="176297232" timestamp="2025-12-23T08:59:21Z" user="confusedbuffalo" uid="242345" lat="37.0676555" lon="37.3694466">
  <tag k="addr:district" v="Gaziantep"/>
  <tag k="amenity" v="bank"/>
  <tag k="brand" v="QNB Finansbank"/>
  <tag k="brand:wikidata" v="Q1416237"/>
  <tag k="check_date" v="2023-02-07"/>
  <tag k="fixme" v="resurvey after recovery"/>
  <tag k="name" v="QNB Finansbank"/>
  <tag k="note" v="Batıkent Mah. Kürşat Tüzmen Bulv."/>
  <tag k="source" v="SafeGraph"/>
 </node>
 <node id="10756788992" visible="true" version="2" changeset="176297232" timestamp="2025-12-23T08:59:21Z" user="confusedbuffalo" uid="242345" lat="37.0662536" lon="37.3699830">
  <tag k="addr:district" v="Gaziantep"/>
  <tag k="amenity" v="bank"/>
  <tag k="brand" v="TEB"/>
  <tag k="brand:wikidata" v="Q7862447"/>
  <tag k="check_date" v="2023-02-07"/>
  <tag k="fixme" v="resurvey after recovery"/>
  <tag k="name" v="TEB"/>
  <tag k="note" v="Mücahitler Mah. Gazi Muhtar Paşa Bulv."/>
  <tag k="source" v="SafeGraph"/>
 </node>
 <node id="10770201970" visible="true" version="3" changeset="163699829" timestamp="2025-03-16T17:45:37Z" user="User5848" uid="12667120" lat="37.0694618" lon="37.3729724">
  <tag k="addr:district" v="Gaziantep"/>
  <tag k="brand" v="BİM"/>
  <tag k="brand:wikidata" v="Q1022075"/>
  <tag k="check_date" v="2023-02-12"/>
  <tag k="fixme" v="resurvey after recovery"/>
  <tag k="name" v="BİM"/>
  <tag k="note" v="7/1 Çelikkan Cad."/>
  <tag k="opening_hours" v="Mo-Su 09:00-21:00"/>
  <tag k="shop" v="supermarket"/>
  <tag k="source" v="SafeGraph"/>
 </node>
 <node id="10771745635" visible="true" version="1" changeset="134276850" timestamp="2023-03-29T19:56:21Z" user="mooneyfin" uid="18814491" lat="37.0707972" lon="37.3692610"/>
 <node id="10771745636" visible="true" version="1" changeset="134276850" timestamp="2023-03-29T19:56:21Z" user="mooneyfin" uid="18814491" lat="37.0706169" lon="37.3694053"/>
 <node id="10771745637" visible="true" version="1" changeset="134276850" timestamp="2023-03-29T19:56:21Z" user="mooneyfin" uid="18814491" lat="37.0706084" lon="37.3692869"/>
 <node id="11076479612" visible="true" version="2" changeset="139201152" timestamp="2023-07-30T09:19:03Z" user="Nesim" uid="1386706" lat="37.0688977" lon="37.3681689">
  <tag k="amenity" v="pharmacy"/>
  <tag k="healthcare" v="pharmacy"/>
  <tag k="name" v="Gazi Muhtar Eczanesi"/>
  <tag k="phone" v="+90 342 999 1335"/>
 </node>
 <node id="11254860542" visible="true" version="1" changeset="142430263" timestamp="2023-10-11T10:32:31Z" user="hanstest" uid="185406" lat="37.0699153" lon="37.3726677"/>
 <node id="11254860543" visible="true" version="1" changeset="142430263" timestamp="2023-10-11T10:32:31Z" user="hanstest" uid="185406" lat="37.0682910" lon="37.3787842"/>
 <node id="11254860544" visible="true" version="1" changeset="142430263" timestamp="2023-10-11T10:32:31Z" user="hanstest" uid="185406" lat="37.0689581" lon="37.3764824"/>
 <node id="11254860545" visible="true" version="1" changeset="142430263" timestamp="2023-10-11T10:32:31Z" user="hanstest" uid="185406" lat="37.0697043" lon="37.3735084">
  <tag k="highway" v="crossing"/>
 </node>
 <node id="11254860546" visible="true" version="1" changeset="142430263" timestamp="2023-10-11T10:32:31Z" user="hanstest" uid="185406" lat="37.0694522" lon="37.3745132">
  <tag k="highway" v="crossing"/>
 </node>
 <node id="11254860547" visible="true" version="1" changeset="142430263" timestamp="2023-10-11T10:32:31Z" user="hanstest" uid="185406" lat="37.0692256" lon="37.3754163">
  <tag k="highway" v="crossing"/>
 </node>
 <node id="11254860548" visible="true" version="1" changeset="142430263" timestamp="2023-10-11T10:32:31Z" user="hanstest" uid="185406" lat="37.0689764" lon="37.3764095">
  <tag k="highway" v="crossing"/>
 </node>
 <node id="11254860549" visible="true" version="1" changeset="142430263" timestamp="2023-10-11T10:32:31Z" user="hanstest" uid="185406" lat="37.0705045" lon="37.3665478"/>
 <node id="11254860550" visible="true" version="1" changeset="142430263" timestamp="2023-10-11T10:32:31Z" user="hanstest" uid="185406" lat="37.0705542" lon="37.3677384"/>
 <node id="11254860551" visible="true" version="1" changeset="142430263" timestamp="2023-10-11T10:32:31Z" user="hanstest" uid="185406" lat="37.0705507" lon="37.3692951"/>
 <node id="11254860552" visible="true" version="1" changeset="142430263" timestamp="2023-10-11T10:32:31Z" user="hanstest" uid="185406" lat="37.0705542" lon="37.3677508">
  <tag k="highway" v="crossing"/>
 </node>
 <node id="11254860553" visible="true" version="1" changeset="142430263" timestamp="2023-10-11T10:32:31Z" user="hanstest" uid="185406" lat="37.0703615" lon="37.3702993">
  <tag k="highway" v="crossing"/>
 </node>
 <node id="11254860554" visible="true" version="1" changeset="142430263" timestamp="2023-10-11T10:32:31Z" user="hanstest" uid="185406" lat="37.0699393" lon="37.3725399">
  <tag k="highway" v="crossing"/>
 </node>
 <node id="11259042737" visible="true" version="1" changeset="142504816" timestamp="2023-10-13T05:02:14Z" user="Nesim" uid="1386706" lat="37.0688903" lon="37.3719728">
  <tag k="amenity" v="pharmacy"/>
  <tag k="name" v="İncilipınar Eczanesi"/>
  <tag k="phone" v="+90 342 215 3031"/>
 </node>
 <node id="11546622973" visible="true" version="1" changeset="146634608" timestamp="2024-01-24T15:26:31Z" user="mappinglander" uid="11978982" lat="37.0768188" lon="37.3666605"/>
 <node id="11546622978" visible="true" version="1" changeset="146634608" timestamp="2024-01-24T15:26:31Z" user="mappinglander" uid="11978982" lat="37.0768100" lon="37.3668025"/>
 <node id="11546622979" visible="true" version="1" changeset="146634608" timestamp="2024-01-24T15:26:31Z" user="mappinglander" uid="11978982" lat="37.0764694" lon="37.3665994"/>
 <node id="11546623019" visible="true" version="1" changeset="146634608" timestamp="2024-01-24T15:26:31Z" user="mappinglander" uid="11978982" lat="37.0751910" lon="37.3663835"/>
 <node id="11546623030" visible="true" version="1" changeset="146634608" timestamp="2024-01-24T15:26:31Z" user="mappinglander" uid="11978982" lat="37.0750680" lon="37.3662332"/>
 <node id="11546623033" visible="true" version="1" changeset="146634608" timestamp="2024-01-24T15:26:31Z" user="mappinglander" uid="11978982" lat="37.0750310" lon="37.3663453"/>
 <node id="11546623050" visible="true" version="1" changeset="146634608" timestamp="2024-01-24T15:26:31Z" user="mappinglander" uid="11978982" lat="37.0743690" lon="37.3689598"/>
 <node id="11546623104" visible="true" version="1" changeset="146634608" timestamp="2024-01-24T15:26:31Z" user="mappinglander" uid="11978982" lat="37.0772152" lon="37.3579064"/>
 <node id="11741814452" visible="true" version="1" changeset="148827017" timestamp="2024-03-18T17:18:06Z" user="Ygmr01" uid="20742614" lat="37.0677557" lon="37.3756256"/>
 <node id="11741814463" visible="true" version="2" changeset="148828874" timestamp="2024-03-18T18:02:58Z" user="Ygmr01" uid="20742614" lat="37.0672726" lon="37.3761139"/>
 <node id="11812559337" visible="true" version="2" changeset="180117829" timestamp="2026-03-19T15:52:43Z" user="de24000" uid="617093" lat="37.0688025" lon="37.3709572"/>
 <node id="11812559338" visible="true" version="2" changeset="180117829" timestamp="2026-03-19T15:52:43Z" user="de24000" uid="617093" lat="37.0687654" lon="37.3709522"/>
 <node id="11812559339" visible="true" version="2" changeset="180117829" timestamp="2026-03-19T15:52:43Z" user="de24000" uid="617093" lat="37.0686923" lon="37.3717987"/>
 <node id="11812559340" visible="true" version="2" changeset="180117829" timestamp="2026-03-19T15:52:43Z" user="de24000" uid="617093" lat="37.0687293" lon="37.3718037"/>
 <node id="11812559341" visible="true" version="2" changeset="180117829" timestamp="2026-03-19T15:52:43Z" user="de24000" uid="617093" lat="37.0688550" lon="37.3709595"/>
 <node id="11812559342" visible="true" version="2" changeset="180117829" timestamp="2026-03-19T15:52:43Z" user="de24000" uid="617093" lat="37.0688920" lon="37.3709648"/>
 <node id="11812559343" visible="true" version="2" changeset="180117829" timestamp="2026-03-19T15:52:43Z" user="de24000" uid="617093" lat="37.0688149" lon="37.3718182"/>
 <node id="11812559344" visible="true" version="2" changeset="180117829" timestamp="2026-03-19T15:52:43Z" user="de24000" uid="617093" lat="37.0687777" lon="37.3718129"/>
 <node id="11812670083" visible="true" version="1" changeset="149929639" timestamp="2024-04-12T21:30:19Z" user="Ygmr01" uid="20742614" lat="37.0689177" lon="37.3765028"/>
 <node id="11812670084" visible="true" version="1" changeset="149929639" timestamp="2024-04-12T21:30:19Z" user="Ygmr01" uid="20742614" lat="37.0683424" lon="37.3761161"/>
 <node id="11812670085" visible="true" version="1" changeset="149929639" timestamp="2024-04-12T21:30:19Z" user="Ygmr01" uid="20742614" lat="37.0683117" lon="37.3761546"/>
 <node id="11812670086" visible="true" version="1" changeset="149929639" timestamp="2024-04-12T21:30:19Z" user="Ygmr01" uid="20742614" lat="37.0682441" lon="37.3761269"/>
 <node id="11812670087" visible="true" version="1" changeset="149929639" timestamp="2024-04-12T21:30:19Z" user="Ygmr01" uid="20742614" lat="37.0682859" lon="37.3760622"/>
 <node id="11812670088" visible="true" version="1" changeset="149929639" timestamp="2024-04-12T21:30:19Z" user="Ygmr01" uid="20742614" lat="37.0679147" lon="37.3756878"/>
 <node id="11812670089" visible="true" version="1" changeset="149929639" timestamp="2024-04-12T21:30:19Z" user="Ygmr01" uid="20742614" lat="37.0677389" lon="37.3754321"/>
 <node id="11812670090" visible="true" version="1" changeset="149929639" timestamp="2024-04-12T21:30:19Z" user="Ygmr01" uid="20742614" lat="37.0675668" lon="37.3756108"/>
 <node id="11812670091" visible="true" version="1" changeset="149929639" timestamp="2024-04-12T21:30:19Z" user="Ygmr01" uid="20742614" lat="37.0675692" lon="37.3756447"/>
 <node id="11812670092" visible="true" version="1" changeset="149929639" timestamp="2024-04-12T21:30:19Z" user="Ygmr01" uid="20742614" lat="37.0675373" lon="37.3756817"/>
 <node id="11812670093" visible="true" version="1" changeset="149929639" timestamp="2024-04-12T21:30:19Z" user="Ygmr01" uid="20742614" lat="37.0674328" lon="37.3757448"/>
 <node id="11812670094" visible="true" version="1" changeset="149929639" timestamp="2024-04-12T21:30:19Z" user="Ygmr01" uid="20742614" lat="37.0673197" lon="37.3758403"/>
 <node id="11812670095" visible="true" version="1" changeset="149929639" timestamp="2024-04-12T21:30:19Z" user="Ygmr01" uid="20742614" lat="37.0671849" lon="37.3759827"/>
 <node id="11812670096" visible="true" version="1" changeset="149929639" timestamp="2024-04-12T21:30:19Z" user="Ygmr01" uid="20742614" lat="37.0671200" lon="37.3760234"/>
 <node id="11812670097" visible="true" version="1" changeset="149929639" timestamp="2024-04-12T21:30:19Z" user="Ygmr01" uid="20742614" lat="37.0670991" lon="37.3760278"/>
 <node id="11812670098" visible="true" version="1" changeset="149929639" timestamp="2024-04-12T21:30:19Z" user="Ygmr01" uid="20742614" lat="37.0670991" lon="37.3759715"/>
 <node id="11812670099" visible="true" version="1" changeset="149929639" timestamp="2024-04-12T21:30:19Z" user="Ygmr01" uid="20742614" lat="37.0670666" lon="37.3759976"/>
 <node id="11812670100" visible="true" version="1" changeset="149929639" timestamp="2024-04-12T21:30:19Z" user="Ygmr01" uid="20742614" lat="37.0669536" lon="37.3762246"/>
 <node id="11812670101" visible="true" version="1" changeset="149929639" timestamp="2024-04-12T21:30:19Z" user="Ygmr01" uid="20742614" lat="37.0669489" lon="37.3762223"/>
 <node id="11812670102" visible="true" version="1" changeset="149929639" timestamp="2024-04-12T21:30:19Z" user="Ygmr01" uid="20742614" lat="37.0669480" lon="37.3762174"/>
 <node id="11812670103" visible="true" version="1" changeset="149929639" timestamp="2024-04-12T21:30:19Z" user="Ygmr01" uid="20742614" lat="37.0670565" lon="37.3759941"/>
 <node id="11812670104" visible="true" version="1" changeset="149929639" timestamp="2024-04-12T21:30:19Z" user="Ygmr01" uid="20742614" lat="37.0670879" lon="37.3759616"/>
 <node id="11812670105" visible="true" version="1" changeset="149929639" timestamp="2024-04-12T21:30:19Z" user="Ygmr01" uid="20742614" lat="37.0670780" lon="37.3759575"/>
 <node id="11812670106" visible="true" version="1" changeset="149929639" timestamp="2024-04-12T21:30:19Z" user="Ygmr01" uid="20742614" lat="37.0670711" lon="37.3759476"/>
 <node id="11812670107" visible="true" version="1" changeset="149929639" timestamp="2024-04-12T21:30:19Z" user="Ygmr01" uid="20742614" lat="37.0670638" lon="37.3759407"/>
 <node id="11812670108" visible="true" version="1" changeset="149929639" timestamp="2024-04-12T21:30:19Z" user="Ygmr01" uid="20742614" lat="37.0670397" lon="37.3759600"/>
 <node id="11812670109" visible="true" version="1" changeset="149929639" timestamp="2024-04-12T21:30:19Z" user="Ygmr01" uid="20742614" lat="37.0670306" lon="37.3759605"/>
 <node id="11812670110" visible="true" version="1" changeset="149929639" timestamp="2024-04-12T21:30:19Z" user="Ygmr01" uid="20742614" lat="37.0670098" lon="37.3759309"/>
 <node id="11812670111" visible="true" version="1" changeset="149929639" timestamp="2024-04-12T21:30:19Z" user="Ygmr01" uid="20742614" lat="37.0664672" lon="37.3760843"/>
 <node id="11812670112" visible="true" version="1" changeset="149929639" timestamp="2024-04-12T21:30:19Z" user="Ygmr01" uid="20742614" lat="37.0664463" lon="37.3760658"/>
 <node id="11812670113" visible="true" version="1" changeset="149929639" timestamp="2024-04-12T21:30:19Z" user="Ygmr01" uid="20742614" lat="37.0664156" lon="37.3762305"/>
 <node id="11812670114" visible="true" version="1" changeset="149929639" timestamp="2024-04-12T21:30:19Z" user="Ygmr01" uid="20742614" lat="37.0664208" lon="37.3762648"/>
 <node id="11812670115" visible="true" version="1" changeset="149929639" timestamp="2024-04-12T21:30:19Z" user="Ygmr01" uid="20742614" lat="37.0664371" lon="37.3762821"/>
 <node id="11812670116" visible="true" version="1" changeset="149929639" timestamp="2024-04-12T21:30:19Z" user="Ygmr01" uid="20742614" lat="37.0663232" lon="37.3767965"/>
 <node id="11812670117" visible="true" version="1" changeset="149929639" timestamp="2024-04-12T21:30:19Z" user="Ygmr01" uid="20742614" lat="37.0662406" lon="37.3771982"/>
 <node id="11812670118" visible="true" version="1" changeset="149929639" timestamp="2024-04-12T21:30:19Z" user="Ygmr01" uid="20742614" lat="37.0661565" lon="37.3775977"/>
 <node id="11812670119" visible="true" version="1" changeset="149929639" timestamp="2024-04-12T21:30:19Z" user="Ygmr01" uid="20742614" lat="37.0661763" lon="37.3777548"/>
 <node id="11812670120" visible="true" version="1" changeset="149929639" timestamp="2024-04-12T21:30:19Z" user="Ygmr01" uid="20742614" lat="37.0662723" lon="37.3779140"/>
 <node id="11812670121" visible="true" version="1" changeset="149929639" timestamp="2024-04-12T21:30:19Z" user="Ygmr01" uid="20742614" lat="37.0663090" lon="37.3779583"/>
 <node id="11812670122" visible="true" version="1" changeset="149929639" timestamp="2024-04-12T21:30:19Z" user="Ygmr01" uid="20742614" lat="37.0665893" lon="37.3780786"/>
 <node id="11812670123" visible="true" version="1" changeset="149929639" timestamp="2024-04-12T21:30:19Z" user="Ygmr01" uid="20742614" lat="37.0668833" lon="37.3782137"/>
 <node id="11812670124" visible="true" version="1" changeset="149929639" timestamp="2024-04-12T21:30:19Z" user="Ygmr01" uid="20742614" lat="37.0682726" lon="37.3787636"/>
 <node id="11812670125" visible="true" version="1" changeset="149929639" timestamp="2024-04-12T21:30:19Z" user="Ygmr01" uid="20742614" lat="37.0682990" lon="37.3787567"/>
 <node id="11812670126" visible="true" version="1" changeset="149929639" timestamp="2024-04-12T21:30:19Z" user="Ygmr01" uid="20742614" lat="37.0683331" lon="37.3786390"/>
 <node id="11812670127" visible="true" version="1" changeset="149929639" timestamp="2024-04-12T21:30:19Z" user="Ygmr01" uid="20742614" lat="37.0685491" lon="37.3778936"/>
 <node id="11812670128" visible="true" version="1" changeset="149929639" timestamp="2024-04-12T21:30:19Z" user="Ygmr01" uid="20742614" lat="37.0686647" lon="37.3774949"/>
 <node id="11812670129" visible="true" version="1" changeset="149929639" timestamp="2024-04-12T21:30:19Z" user="Ygmr01" uid="20742614" lat="37.0688734" lon="37.3767746"/>
 <node id="11812670130" visible="true" version="1" changeset="149929639" timestamp="2024-04-12T21:30:19Z" user="Ygmr01" uid="20742614" lat="37.0689464" lon="37.3765227"/>
 <node id="11812670131" visible="true" version="1" changeset="149929639" timestamp="2024-04-12T21:30:19Z" user="Ygmr01" uid="20742614" lat="37.0661608" lon="37.3776802"/>
 <node id="11812670132" visible="true" version="1" changeset="149929639" timestamp="2024-04-12T21:30:19Z" user="Ygmr01" uid="20742614" lat="37.0682850" lon="37.3787675"/>
 <node id="11812670133" visible="true" version="1" changeset="149929639" timestamp="2024-04-12T21:30:19Z" user="Ygmr01" uid="20742614" lat="37.0682914" lon="37.3787629"/>
 <node id="12541544216" visible="true" version="1" changeset="161893509" timestamp="2025-01-29T11:33:43Z" user="hocu" uid="374342" lat="37.0684303" lon="37.3701782">
  <tag k="addr:district" v="Şehitkamil"/>
  <tag k="addr:housename" v="Prestij İş Merkezi"/>
  <tag k="addr:housenumber" v="45"/>
  <tag k="addr:neighbourhood" v="Değirmiçem Mahallesi"/>
  <tag k="addr:postcode" v="27090"/>
  <tag k="addr:street" v="Prof. Muammer Aksoy Bulvarı"/>
  <tag k="addr:unit" v="10"/>
  <tag k="consulate" v="honorary_consulate"/>
  <tag k="contact:fax" v="+90 342 220 78 64"/>
  <tag k="contact:phone" v="+90 342 221 14 17"/>
  <tag k="contact:website" v="https://www.netherlandsandyou.nl/web/turkiye/about-us/honorary-consul-gaziantep"/>
  <tag k="country" v="NL"/>
  <tag k="diplomatic" v="consulate"/>
  <tag k="name" v="Hollanda Fahri Konsolosluğu"/>
  <tag k="name:af" v="Erekonsulaat van Nederland"/>
  <tag k="name:am" v="የኔዘርላንድስ የክብር ቆንስላ"/>
  <tag k="name:ar" v="القنصلية الفخرية لهولندا"/>
  <tag k="name:az" v="Hollandiyanın fəxri konsulluğu"/>
  <tag k="name:be" v="Ганаровае консульства Нідэрландаў"/>
  <tag k="name:bg" v="Почетно консулство на Холандия"/>
  <tag k="name:bn" v="নেদারল্যান্ডসের অনারারি কনস্যুলেট"/>
  <tag k="name:br" v="Koñsuldi enor an Izelvroioù"/>
  <tag k="name:bs" v="Počasni konzulat Holandije"/>
  <tag k="name:ca" v="Consolat Honorari dels Països Baixos"/>
  <tag k="name:co" v="Cunsulatu Onorariu di i Paesi Bassi"/>
  <tag k="name:cs" v="Honorární konzulát Nizozemska"/>
  <tag k="name:cy" v="Is-gennad Anrhydeddus yr Iseldiroedd"/>
  <tag k="name:da" v="Hollands honorære konsulat"/>
  <tag k="name:de" v="Honorarkonsulat der Niederlande"/>
  <tag k="name:el" v="Επίτιμο Προξενείο της Ολλανδίας"/>
  <tag k="name:en" v="Honorary Consulate of the Netherlands"/>
  <tag k="name:eo" v="Honora Konsulejo de Nederlando"/>
  <tag k="name:es" v="Consulado Honorario de los Países Bajos"/>
  <tag k="name:et" v="Hollandi aukonsulaat"/>
  <tag k="name:eu" v="Herbehereetako ohorezko kontsulatua"/>
  <tag k="name:fa" v="کنسول افتخاری هلند"/>
  <tag k="name:fi" v="Alankomaiden kunniakonsulaatti"/>
  <tag k="name:fo" v="Heiðurskonsulátið hjá Niðurlondum"/>
  <tag k="name:fr" v="Consulat honoraire des Pays-Bas"/>
  <tag k="name:ga" v="Consalacht Oinigh na hÍsiltíre"/>
  <tag k="name:gd" v="Consalachd Urramach na h-Òlaind"/>
  <tag k="name:gl" v="Consulado Honorario dos Países Baixos"/>
  <tag k="name:hi" v="नीदरलैंड के मानद वाणिज्य दूतावास"/>
  <tag k="name:hr" v="Počasni konzulat Nizozemske"/>
  <tag k="name:hu" v="Hollandia tiszteletbeli konzulátusa"/>
  <tag k="name:hy" v="Նիդեռլանդների պատվավոր հյուպատոսություն"/>
  <tag k="name:id" v="Konsulat Kehormatan Belanda"/>
  <tag k="name:is" v="Heiðursræðisskrifstofa Hollands"/>
  <tag k="name:it" v="Consolato onorario dei Paesi Bassi"/>
  <tag k="name:iw" v="קונסוליית הכבוד של הולנד"/>
  <tag k="name:ja" v="オランダ名誉領事館"/>
  <tag k="name:ka" v="ნიდერლანდების საპატიო საკონსულო"/>
  <tag k="name:kk" v="Нидерландының құрметті консулдығы"/>
  <tag k="name:km" v="ស្ថានកុងស៊ុលកិត្តិយសនៃប្រទេសហូឡង់"/>
  <tag k="name:ko" v="네덜란드 명예 영사관"/>
  <tag k="name:ku" v="Konsulxaneya Rûmetê ya Holandayê"/>
  <tag k="name:ky" v="Нидерландиянын Ардактуу консулдугу"/>
  <tag k="name:lb" v="Honorärkonsulat vun Holland"/>
  <tag k="name:lo" v="ສະຖານກົງສຸນກຽດຕິຍົດຂອງເນເທີແລນ"/>
  <tag k="name:lt" v="Nyderlandų garbės konsulatas"/>
  <tag k="name:lv" v="Nīderlandes goda konsulāts"/>
  <tag k="name:mk" v="Почесен конзулат на Холандија"/>
  <tag k="name:mn" v="Нидерландын Өргөмжит консулын газар"/>
  <tag k="name:ms" v="Konsulat Kehormat Belanda"/>
  <tag k="name:mt" v="Konsulat Onorarju tal-Olanda"/>
  <tag k="name:my" v="နယ်သာလန်၏ ဂုဏ်ထူးဆောင်ကောင်စစ်ဝန်"/>
  <tag k="name:ne" v="नेदरल्याण्ड्स को मानार्थ महावाणिज्य दूतावास"/>
  <tag k="name:nl" v="Ereconsulaat van Nederland"/>
  <tag k="name:no" v="Hollands æreskonsulat"/>
  <tag k="name:oc" v="Consolat d'Onor dels Païses Basses"/>
  <tag k="name:pl" v="Konsulat Honorowy Holandii"/>
  <tag k="name:ps" v="د هالنډ افتخاري قونسلګرۍ"/>
  <tag k="name:pt" v="Consulado Honorário dos Países Baixos"/>
  <tag k="name:ro" v="Consulatul onorific al Țărilor de Jos"/>
  <tag k="name:rom" v="Honoràro Konzulàto le Holandiaqo"/>
  <tag k="name:ru" v="Почетное консульство Нидерландов"/>
  <tag k="name:sa" v="नेदरलैण्ड्देशस्य मानदवाणिज्यदूतावासः"/>
  <tag k="name:scn" v="Cunsulatu Unurariu dî Paisi Vasci"/>
  <tag k="name:se" v="Nederlándda gudnekonsuláhta"/>
  <tag k="name:sk" v="Honorárny konzulát Holandska"/>
  <tag k="name:sl" v="Častni konzulat Nizozemske"/>
  <tag k="name:so" v="Qunsuliyadda Sharafta leh ee Nederlaan"/>
  <tag k="name:sq" v="Konsullata e Nderit e Holandës"/>
  <tag k="name:sr" v="Почасни конзулат Холандије"/>
  <tag k="name:sv" v="Nederländernas honorärkonsulat"/>
  <tag k="name:ta" v="நெதர்லாந்தின் கெளரவ தூதரகம்"/>
  <tag k="name:tg" v="Консулгарии фахрии Нидерландия"/>
  <tag k="name:th" v="สถานกงสุลกิตติมศักดิ์แห่งเนเธอร์แลนด์"/>
  <tag k="name:tk" v="Gollandiýanyň hormatly konsullygy"/>
  <tag k="name:tl" v="Honorary Consulate ng Netherlands"/>
  <tag k="name:tr" v="Hollanda Fahri Konsolosluğu"/>
  <tag k="name:uk" v="Почесне консульство Нідерландів"/>
  <tag k="name:ur" v="ہالینڈ کا اعزازی قونصل خانہ"/>
  <tag k="name:uz" v="Niderlandiyaning faxriy konsulligi"/>
  <tag k="name:vi" v="Lãnh sự quán danh dự của Hà Lan"/>
  <tag k="name:zh" v="荷兰名誉领事馆"/>
  <tag k="office" v="diplomatic"/>
  <tag k="target" v="TR"/>
 </node>
 <node id="13007307250" visible="true" version="2" changeset="169208929" timestamp="2025-07-20T18:14:48Z" user="custodiankeyy" uid="23088365" lat="37.0707500" lon="37.3687859">
  <tag k="addr:city" v="Gaziantep"/>
  <tag k="addr:district" v="Şehitkamil"/>
  <tag k="addr:housenumber" v="5/B"/>
  <tag k="addr:neighbourhood" v="Değirmiçem"/>
  <tag k="addr:postcode" v="27090"/>
  <tag k="addr:street" v="Nail Bilen Cadddesi"/>
  <tag k="amenity" v="restaurant"/>
  <tag k="contact:instagram" v="gazikirpidesi"/>
  <tag k="cuisine" v="turkish"/>
  <tag k="name" v="Gazi Kır Pidesi"/>
  <tag k="opening_hours" v="Mo-Fr 08:00-17:00"/>
  <tag k="outdoor_seating" v="yes"/>
  <tag k="phone" v="+90 342 326 18 81"/>
 </node>
 <node id="13174271871" visible="true" version="3" changeset="173087505" timestamp="2025-10-10T10:36:29Z" user="MARS Teknik Servis" uid="23335790" lat="37.0678589" lon="37.3718127">
  <tag k="addr:city" v="Gaziantep"/>
  <tag k="addr:district" v="Şehitkamil"/>
  <tag k="addr:housenumber" v="10"/>
  <tag k="addr:neighbourhood" v="Değirmiçem"/>
  <tag k="addr:postcode" v="27090"/>
  <tag k="addr:street" v="Gazi Muhtar Paşa Bulvarı"/>
  <tag k="craft" v="electronics_repair"/>
  <tag k="electronics_repair" v="phone"/>
  <tag k="email" v="info@marsgsm.com"/>
  <tag k="mobile" v="+90 535 204 62 36"/>
  <tag k="name" v="MARS Teknik Servis"/>
  <tag k="opening_hours" v="Mo-Sa 08:00-18:00"/>
  <tag k="phone" v="+90 342 215 21 21"/>
  <tag k="website" v="https://marsgsm.com/"/>
 </node>
 <node id="13614806272" visible="true" version="1" changeset="179308056" timestamp="2026-03-03T15:33:24Z" user="OliveraM" uid="20382961" lat="37.0687965" lon="37.3772326"/>
 <node id="13614806278" visible="true" version="1" changeset="179308095" timestamp="2026-03-03T15:34:19Z" user="OliveraM" uid="20382961" lat="37.0702847" lon="37.3768683"/>
 <node id="13614833340" visible="true" version="1" changeset="179308192" timestamp="2026-03-03T15:36:09Z" user="OliveraM" uid="20382961" lat="37.0680759" lon="37.3735744"/>
 <node id="13614833341" visible="true" version="1" changeset="179308192" timestamp="2026-03-03T15:36:09Z" user="OliveraM" uid="20382961" lat="37.0678331" lon="37.3732164"/>
 <node id="13614833342" visible="true" version="1" changeset="179308192" timestamp="2026-03-03T15:36:09Z" user="OliveraM" uid="20382961" lat="37.0677176" lon="37.3731226"/>
 <node id="13614833343" visible="true" version="1" changeset="179308192" timestamp="2026-03-03T15:36:09Z" user="OliveraM" uid="20382961" lat="37.0676041" lon="37.3730837"/>
 <node id="13614837893" visible="true" version="1" changeset="179308148" timestamp="2026-03-03T15:35:14Z" user="OliveraM" uid="20382961" lat="37.0691707" lon="37.3752093"/>
 <node id="13614837894" visible="true" version="1" changeset="179308148" timestamp="2026-03-03T15:35:14Z" user="OliveraM" uid="20382961" lat="37.0691932" lon="37.3751852"/>
 <node id="13614837895" visible="true" version="1" changeset="179308148" timestamp="2026-03-03T15:35:14Z" user="OliveraM" uid="20382961" lat="37.0692157" lon="37.3750900"/>
 <node id="13614837896" visible="true" version="1" changeset="179308148" timestamp="2026-03-03T15:35:14Z" user="OliveraM" uid="20382961" lat="37.0692018" lon="37.3750404"/>
 <node id="13614837897" visible="true" version="1" changeset="179308148" timestamp="2026-03-03T15:35:14Z" user="OliveraM" uid="20382961" lat="37.0689631" lon="37.3749492"/>
 <node id="13614837898" visible="true" version="1" changeset="179308148" timestamp="2026-03-03T15:35:14Z" user="OliveraM" uid="20382961" lat="37.0689182" lon="37.3749746"/>
 <node id="13614837899" visible="true" version="1" changeset="179308148" timestamp="2026-03-03T15:35:14Z" user="OliveraM" uid="20382961" lat="37.0688797" lon="37.3750833"/>
 <node id="13614837900" visible="true" version="1" changeset="179308148" timestamp="2026-03-03T15:35:14Z" user="OliveraM" uid="20382961" lat="37.0691065" lon="37.3755044"/>
 <node id="13614843401" visible="true" version="1" changeset="179308148" timestamp="2026-03-03T15:35:14Z" user="OliveraM" uid="20382961" lat="37.0684206" lon="37.3758008"/>
 <node id="13614843402" visible="true" version="1" changeset="179308148" timestamp="2026-03-03T15:35:14Z" user="OliveraM" uid="20382961" lat="37.0687459" lon="37.3753582"/>
 <node id="13614843403" visible="true" version="1" changeset="179308148" timestamp="2026-03-03T15:35:14Z" user="OliveraM" uid="20382961" lat="37.0687855" lon="37.3752616">
  <tag k="barrier" v="gate"/>
 </node>
 <node id="13614843404" visible="true" version="1" changeset="179308148" timestamp="2026-03-03T15:35:14Z" user="OliveraM" uid="20382961" lat="37.0688121" lon="37.3752126"/>
 <node id="13617625049" visible="true" version="1" changeset="179347820" timestamp="2026-03-04T12:45:03Z" user="PulisakZ" uid="9026132" lat="37.0686998" lon="37.3692392"/>
 <node id="13617625050" visible="true" version="1" changeset="179347820" timestamp="2026-03-04T12:45:03Z" user="PulisakZ" uid="9026132" lat="37.0679625" lon="37.3694240"/>
 <node id="13617652947" visible="true" version="1" changeset="179347636" timestamp="2026-03-04T12:40:09Z" user="PulisakZ" uid="9026132" lat="37.0689979" lon="37.3688506"/>
 <node id="13617652948" visible="true" version="1" changeset="179347636" timestamp="2026-03-04T12:40:09Z" user="PulisakZ" uid="9026132" lat="37.0690216" lon="37.3690173"/>
 <node id="13617652949" visible="true" version="1" changeset="179347636" timestamp="2026-03-04T12:40:09Z" user="PulisakZ" uid="9026132" lat="37.0687735" lon="37.3686857"/>
 <node id="13617652950" visible="true" version="1" changeset="179347636" timestamp="2026-03-04T12:40:09Z" user="PulisakZ" uid="9026132" lat="37.0689899" lon="37.3687948"/>
 <node id="13617652951" visible="true" version="1" changeset="179347636" timestamp="2026-03-04T12:40:09Z" user="PulisakZ" uid="9026132" lat="37.0690241" lon="37.3690349"/>
 <node id="13617652952" visible="true" version="1" changeset="179347636" timestamp="2026-03-04T12:40:09Z" user="PulisakZ" uid="9026132" lat="37.0688924" lon="37.3692150"/>
 <node id="13617652953" visible="true" version="1" changeset="179347636" timestamp="2026-03-04T12:40:09Z" user="PulisakZ" uid="9026132" lat="37.0694886" lon="37.3703001"/>
 <node id="13617652954" visible="true" version="1" changeset="179347636" timestamp="2026-03-04T12:40:09Z" user="PulisakZ" uid="9026132" lat="37.0695453" lon="37.3698887"/>
 <node id="13617654681" visible="true" version="1" changeset="179348628" timestamp="2026-03-04T13:03:44Z" user="PulisakZ" uid="9026132" lat="37.0775424" lon="37.3670728"/>
 <node id="13617712504" visible="true" version="1" changeset="179348013" timestamp="2026-03-04T12:50:16Z" user="PulisakZ" uid="9026132" lat="37.0737099" lon="37.3661998"/>
 <node id="13620218638" visible="true" version="1" changeset="179396712" timestamp="2026-03-05T13:26:32Z" user="OliveraM" uid="20382961" lat="37.0657108" lon="37.3732021"/>
 <node id="13620218639" visible="true" version="1" changeset="179396712" timestamp="2026-03-05T13:26:32Z" user="OliveraM" uid="20382961" lat="37.0659337" lon="37.3732701"/>
 <node id="13620218640" visible="true" version="1" changeset="179396712" timestamp="2026-03-05T13:26:32Z" user="OliveraM" uid="20382961" lat="37.0659594" lon="37.3733130"/>
 <node id="13620218641" visible="true" version="1" changeset="179396712" timestamp="2026-03-05T13:26:32Z" user="OliveraM" uid="20382961" lat="37.0659604" lon="37.3733921"/>
 <node id="13620218642" visible="true" version="1" changeset="179396712" timestamp="2026-03-05T13:26:32Z" user="OliveraM" uid="20382961" lat="37.0659305" lon="37.3735128"/>
 <node id="13620218643" visible="true" version="1" changeset="179396712" timestamp="2026-03-05T13:26:32Z" user="OliveraM" uid="20382961" lat="37.0658962" lon="37.3735973"/>
 <node id="13620218644" visible="true" version="1" changeset="179396712" timestamp="2026-03-05T13:26:32Z" user="OliveraM" uid="20382961" lat="37.0656689" lon="37.3737554"/>
 <node id="13620221457" visible="true" version="1" changeset="179396675" timestamp="2026-03-05T13:25:27Z" user="OliveraM" uid="20382961" lat="37.0652624" lon="37.3714898"/>
 <node id="13620221458" visible="true" version="1" changeset="179396675" timestamp="2026-03-05T13:25:27Z" user="OliveraM" uid="20382961" lat="37.0652560" lon="37.3714630"/>
 <node id="13620221459" visible="true" version="1" changeset="179396675" timestamp="2026-03-05T13:25:27Z" user="OliveraM" uid="20382961" lat="37.0649243" lon="37.3721682"/>
 <node id="13620221460" visible="true" version="1" changeset="179396675" timestamp="2026-03-05T13:25:27Z" user="OliveraM" uid="20382961" lat="37.0650412" lon="37.3722146"/>
 <node id="13620221461" visible="true" version="1" changeset="179396675" timestamp="2026-03-05T13:25:27Z" user="OliveraM" uid="20382961" lat="37.0650754" lon="37.3722066"/>
 <node id="13620221462" visible="true" version="1" changeset="179396675" timestamp="2026-03-05T13:25:27Z" user="OliveraM" uid="20382961" lat="37.0651011" lon="37.3721744"/>
 <node id="13620221463" visible="true" version="1" changeset="179396675" timestamp="2026-03-05T13:25:27Z" user="OliveraM" uid="20382961" lat="37.0652156" lon="37.3717533"/>
 <node id="13620221464" visible="true" version="1" changeset="179396675" timestamp="2026-03-05T13:25:27Z" user="OliveraM" uid="20382961" lat="37.0652328" lon="37.3716205"/>
 <node id="13620221465" visible="true" version="1" changeset="179396675" timestamp="2026-03-05T13:25:27Z" user="OliveraM" uid="20382961" lat="37.0652376" lon="37.3714499"/>
 <node id="13620221466" visible="true" version="1" changeset="179396675" timestamp="2026-03-05T13:25:27Z" user="OliveraM" uid="20382961" lat="37.0650890" lon="37.3714093"/>
 <node id="13620221467" visible="true" version="1" changeset="179396675" timestamp="2026-03-05T13:25:27Z" user="OliveraM" uid="20382961" lat="37.0655624" lon="37.3714609"/>
 <node id="13620221468" visible="true" version="1" changeset="179396675" timestamp="2026-03-05T13:25:27Z" user="OliveraM" uid="20382961" lat="37.0653558" lon="37.3713738"/>
 <node id="13662103037" visible="true" version="1" changeset="180117829" timestamp="2026-03-19T15:52:43Z" user="de24000" uid="617093" lat="37.0702874" lon="37.3797018">
  <tag k="railway" v="switch"/>
  <tag k="railway:switch" v="default"/>
  <tag k="railway:turnout_side" v="left"/>
 </node>
 <node id="13662103038" visible="true" version="1" changeset="180117829" timestamp="2026-03-19T15:52:43Z" user="de24000" uid="617093" lat="37.0699601" lon="37.3796110">
  <tag k="railway" v="switch"/>
  <tag k="railway:switch" v="default"/>
  <tag k="railway:turnout_side" v="left"/>
 </node>
 <node id="13662103039" visible="true" version="1" changeset="180117829" timestamp="2026-03-19T15:52:43Z" user="de24000" uid="617093" lat="37.0702736" lon="37.3797435">
  <tag k="railway" v="switch"/>
  <tag k="railway:switch" v="default"/>
  <tag k="railway:turnout_side" v="right"/>
 </node>
 <node id="13662103040" visible="true" version="1" changeset="180117829" timestamp="2026-03-19T15:52:43Z" user="de24000" uid="617093" lat="37.0699742" lon="37.3795694">
  <tag k="railway" v="switch"/>
  <tag k="railway:switch" v="default"/>
  <tag k="railway:turnout_side" v="right"/>
 </node>
 <node id="13662103042" visible="true" version="1" changeset="180117829" timestamp="2026-03-19T15:52:43Z" user="de24000" uid="617093" lat="37.0687618" lon="37.3707890"/>
 <node id="13675145146" visible="true" version="1" changeset="180366052" timestamp="2026-03-24T17:31:06Z" user="de24000" uid="617093" lat="37.0646792" lon="37.3530256">
  <tag k="railway" v="switch"/>
  <tag k="railway:switch" v="default"/>
  <tag k="railway:turnout_side" v="right"/>
 </node>
 <node id="13675145147" visible="true" version="1" changeset="180366052" timestamp="2026-03-24T17:31:06Z" user="de24000" uid="617093" lat="37.0647163" lon="37.3535097">
  <tag k="railway" v="switch"/>
  <tag k="railway:switch" v="default"/>
  <tag k="railway:turnout_side" v="right"/>
 </node>
 <node id="13675145148" visible="true" version="1" changeset="180366052" timestamp="2026-03-24T17:31:06Z" user="de24000" uid="617093" lat="37.0687474" lon="37.3691926">
  <tag k="railway" v="switch"/>
  <tag k="railway:switch" v="default"/>
  <tag k="railway:turnout_side" v="left"/>
 </node>
 <node id="13677249785" visible="true" version="1" changeset="180396827" timestamp="2026-03-25T09:26:34Z" user="de24000" uid="617093" lat="37.0889817" lon="37.3456607"/>
 <way id="26817052" visible="true" version="5" changeset="132486950" timestamp="2023-02-13T12:02:57Z" user="mappinglander" uid="11978982">
  <nd ref="10652506699"/>
  <nd ref="294172779"/>
  <nd ref="294172778"/>
  <nd ref="10652592629"/>
  <nd ref="2207875929"/>
  <nd ref="294172777"/>
  <nd ref="10616568625"/>
  <nd ref="10652592611"/>
  <nd ref="294172773"/>
  <nd ref="2075964048"/>
  <nd ref="10654458870"/>
  <nd ref="10654458869"/>
  <nd ref="10616568627"/>
  <tag k="highway" v="secondary"/>
  <tag k="oneway" v="yes"/>
 </way>
 <way id="32423453" visible="true" version="18" changeset="180117829" timestamp="2026-03-19T15:52:43Z" user="de24000" uid="617093">
  <nd ref="364615316"/>
  <nd ref="364615311"/>
  <nd ref="2133031994"/>
  <nd ref="364615312"/>
  <nd ref="10616584136"/>
  <nd ref="2133031995"/>
  <nd ref="2133031996"/>
  <nd ref="2133031997"/>
  <nd ref="2207824537"/>
  <nd ref="2133031998"/>
  <nd ref="364615313"/>
  <nd ref="2207850833"/>
  <nd ref="2133031999"/>
  <nd ref="364615314"/>
  <nd ref="2207849238"/>
  <nd ref="2133032002"/>
  <nd ref="2133032006"/>
  <nd ref="13617625049"/>
  <nd ref="10616584133"/>
  <nd ref="364615315"/>
  <nd ref="2207876112"/>
  <nd ref="13662103042"/>
  <nd ref="2207876109"/>
  <nd ref="10654459021"/>
  <nd ref="10654459020"/>
  <nd ref="294172771"/>
  <tag k="highway" v="secondary"/>
  <tag k="name" v="Prof. Muammer Aksoy Bulvarı"/>
  <tag k="oneway" v="yes"/>
 </way>
 <way id="47026584" visible="true" version="17" changeset="179308192" timestamp="2026-03-03T15:36:09Z" user="OliveraM" uid="20382961">
  <nd ref="1027876373"/>
  <nd ref="10650667133"/>
  <nd ref="251144119"/>
  <nd ref="3495878534"/>
  <nd ref="2972803899"/>
  <nd ref="2972803900"/>
  <nd ref="2972803898"/>
  <nd ref="3495882198"/>
  <nd ref="3495878528"/>
  <nd ref="251144111"/>
  <nd ref="3495878526"/>
  <nd ref="3495878524"/>
  <nd ref="364615357"/>
  <nd ref="11254860554"/>
  <nd ref="2207828603"/>
  <nd ref="10654459011"/>
  <nd ref="2133032016"/>
  <nd ref="2133032008"/>
  <nd ref="10654458872"/>
  <nd ref="294172768"/>
  <nd ref="10654459019"/>
  <nd ref="294172771"/>
  <nd ref="294172772"/>
  <nd ref="13614833340"/>
  <nd ref="2207876031"/>
  <nd ref="10652506688"/>
  <nd ref="10616568626"/>
  <nd ref="294172773"/>
  <nd ref="10616568624"/>
  <nd ref="364615336"/>
  <nd ref="10616568623"/>
  <nd ref="364615335"/>
  <nd ref="2207875941"/>
  <nd ref="599901069"/>
  <nd ref="599901071"/>
  <nd ref="2209248828"/>
  <tag k="highway" v="primary"/>
  <tag k="oneway" v="yes"/>
  <tag k="source" v="GPS"/>
 </way>
 <way id="197344364" visible="true" version="29" changeset="180465105" timestamp="2026-03-26T17:15:25Z" user="de24000" uid="617093">
  <nd ref="2075964038"/>
  <nd ref="2075964040"/>
  <nd ref="2075964029"/>
  <nd ref="2075964022"/>
  <nd ref="2075964101"/>
  <nd ref="6854358259"/>
  <nd ref="6854358260"/>
  <nd ref="10654459032"/>
  <nd ref="2075964062"/>
  <nd ref="2075964033"/>
  <nd ref="2075964018"/>
  <nd ref="2075964036"/>
  <nd ref="10654459030"/>
  <nd ref="2075964045"/>
  <nd ref="2075964015"/>
  <nd ref="10654459029"/>
  <nd ref="2075964061"/>
  <nd ref="2075964031"/>
  <nd ref="10654459026"/>
  <nd ref="2075964071"/>
  <nd ref="2075964034"/>
  <nd ref="10654459027"/>
  <nd ref="2075964099"/>
  <nd ref="13675145147"/>
  <nd ref="2075964085"/>
  <nd ref="10654459028"/>
  <nd ref="2075964080"/>
  <nd ref="6854358262"/>
  <nd ref="6854358261"/>
  <nd ref="2075964014"/>
  <nd ref="2075964079"/>
  <nd ref="2075964091"/>
  <nd ref="2075964021"/>
  <nd ref="2075964016"/>
  <nd ref="2075964035"/>
  <nd ref="2075964030"/>
  <nd ref="2075964074"/>
  <nd ref="2075964094"/>
  <nd ref="2075964057"/>
  <nd ref="2075964076"/>
  <nd ref="2075964054"/>
  <nd ref="2075964092"/>
  <nd ref="3529906549"/>
  <nd ref="6854358258"/>
  <nd ref="6854358257"/>
  <nd ref="2075964027"/>
  <nd ref="10616584135"/>
  <nd ref="2075964102"/>
  <nd ref="10654459022"/>
  <nd ref="10654459023"/>
  <nd ref="2075964075"/>
  <nd ref="2075964053"/>
  <nd ref="10654458998"/>
  <nd ref="2075964082"/>
  <nd ref="2075964028"/>
  <nd ref="6854358255"/>
  <nd ref="6854358256"/>
  <nd ref="2075964086"/>
  <nd ref="2075964089"/>
  <nd ref="13675145148"/>
  <nd ref="10654458999"/>
  <nd ref="2075964073"/>
  <nd ref="2075964047"/>
  <nd ref="3529906550"/>
  <nd ref="10654459000"/>
  <nd ref="2075964056"/>
  <nd ref="2075964093"/>
  <nd ref="2075964077"/>
  <nd ref="10654459001"/>
  <nd ref="2075964059"/>
  <nd ref="294172768"/>
  <nd ref="10654459018"/>
  <nd ref="2075964105"/>
  <nd ref="2075964097"/>
  <nd ref="2075964048"/>
  <nd ref="10652506689"/>
  <nd ref="2075964083"/>
  <nd ref="2075964025"/>
  <nd ref="2075964049"/>
  <nd ref="2076028952"/>
  <nd ref="2075964088"/>
  <nd ref="2075964044"/>
  <nd ref="9278237340"/>
  <nd ref="2075964013"/>
  <nd ref="10652592635"/>
  <nd ref="2075964058"/>
  <nd ref="9278237341"/>
  <nd ref="2075964066"/>
  <nd ref="2075964064"/>
  <nd ref="2075964100"/>
  <nd ref="2075964024"/>
  <nd ref="3556085579"/>
  <nd ref="13662103038"/>
  <nd ref="13662103039"/>
  <nd ref="2075964063"/>
  <tag k="electrified" v="contact_line"/>
  <tag k="frequency" v="0"/>
  <tag k="gauge" v="1435"/>
  <tag k="name" v="Gaziantep Tramvay Hattı"/>
  <tag k="operator" v="Gaziantep Ulaşım A.Ş."/>
  <tag k="railway" v="tram"/>
  <tag k="railway:bidirectional" v="possible"/>
  <tag k="railway:preferred_direction" v="forward"/>
  <tag k="source" v="Bing"/>
  <tag k="usage" v="main"/>
  <tag k="voltage" v="750"/>
 </way>
 <way id="203297609" visible="true" version="28" changeset="146634608" timestamp="2024-01-24T15:26:31Z" user="mappinglander" uid="11978982">
  <nd ref="1065598460"/>
  <nd ref="2133032063"/>
  <nd ref="2133032062"/>
  <nd ref="10654646529"/>
  <nd ref="2133032061"/>
  <nd ref="10221676189"/>
  <nd ref="1065599140"/>
  <nd ref="251144086"/>
  <nd ref="10676359255"/>
  <nd ref="11546622973"/>
  <nd ref="251144085"/>
  <nd ref="10221135058"/>
  <nd ref="10655801125"/>
  <nd ref="11546623030"/>
  <nd ref="2207774254"/>
  <nd ref="251144083"/>
  <nd ref="364615310"/>
  <nd ref="2207774198"/>
  <nd ref="2133032032"/>
  <nd ref="2207774191"/>
  <nd ref="2972803910"/>
  <nd ref="251144082"/>
  <nd ref="251144076"/>
  <nd ref="3604590809"/>
  <nd ref="2133032024"/>
  <nd ref="2133032022"/>
  <nd ref="2207824570"/>
  <nd ref="6551511341"/>
  <nd ref="251144077"/>
  <nd ref="2207824558"/>
  <nd ref="2133032005"/>
  <nd ref="10654458874"/>
  <nd ref="6854358255"/>
  <nd ref="364615314"/>
  <nd ref="2207850832"/>
  <nd ref="251144078"/>
  <nd ref="2133031993"/>
  <nd ref="3470960511"/>
  <nd ref="2244473122"/>
  <nd ref="3470960510"/>
  <nd ref="251144079"/>
  <nd ref="2207824466"/>
  <nd ref="9278226974"/>
  <nd ref="364615322"/>
  <nd ref="251144080"/>
  <nd ref="2207875688"/>
  <nd ref="10645441430"/>
  <nd ref="10645441428"/>
  <nd ref="10645441429"/>
  <tag k="highway" v="secondary"/>
  <tag k="name" v="Gazi Muhtar Paşa Bulvarı"/>
  <tag k="oneway" v="yes"/>
 </way>
 <way id="203297622" visible="true" version="5" changeset="179347636" timestamp="2026-03-04T12:40:09Z" user="PulisakZ" uid="9026132">
  <nd ref="2133032019"/>
  <nd ref="2133032020"/>
  <nd ref="13617652953"/>
  <nd ref="2207828596"/>
  <nd ref="2133032021"/>
  <nd ref="2207828607"/>
  <nd ref="11254860553"/>
  <nd ref="2133032026"/>
  <nd ref="3595947593"/>
  <nd ref="2133032031"/>
  <nd ref="2133032033"/>
  <tag k="highway" v="residential"/>
 </way>
 <way id="210705532" visible="true" version="3" changeset="134276850" timestamp="2023-03-29T19:56:21Z" user="mooneyfin" uid="18814491">
  <nd ref="2207774181"/>
  <nd ref="10771745637"/>
  <nd ref="10771745635"/>
  <nd ref="3595946489"/>
  <nd ref="2207774193"/>
  <nd ref="2207774203"/>
  <tag k="highway" v="residential"/>
 </way>
 <way id="210709010" visible="true" version="5" changeset="179308095" timestamp="2026-03-03T15:34:19Z" user="OliveraM" uid="20382961">
  <nd ref="2093466475"/>
  <nd ref="10616568684"/>
  <nd ref="13614806278"/>
  <nd ref="2207807704"/>
  <nd ref="2093466439"/>
  <nd ref="11254860548"/>
  <nd ref="2207876107"/>
  <nd ref="2207876086"/>
  <nd ref="2207876063"/>
  <tag k="highway" v="residential"/>
 </way>
 <way id="210709084" visible="true" version="2" changeset="132223672" timestamp="2023-02-07T20:16:41Z" user="rarad74" uid="128281">
  <nd ref="2207807705"/>
  <nd ref="2207807710"/>
  <nd ref="10616568697"/>
  <nd ref="2207807711"/>
  <nd ref="2207807713"/>
  <tag k="highway" v="residential"/>
 </way>
 <way id="210709089" visible="true" version="3" changeset="132223672" timestamp="2023-02-07T20:16:41Z" user="rarad74" uid="128281">
  <nd ref="2207807707"/>
  <nd ref="10616568701"/>
  <nd ref="2207807706"/>
  <nd ref="2207876164"/>
  <nd ref="2207807705"/>
  <nd ref="2207807704"/>
  <tag k="highway" v="residential"/>
 </way>
 <way id="210709105" visible="true" version="1" changeset="15404441" timestamp="2013-03-18T06:42:30Z" user="sree dinesh" uid="1233268">
  <nd ref="2207807748"/>
  <nd ref="2207807731"/>
  <nd ref="2207807713"/>
  <nd ref="2207807706"/>
  <nd ref="2207807702"/>
  <tag k="highway" v="residential"/>
 </way>
 <way id="210709143" visible="true" version="1" changeset="15404441" timestamp="2013-03-18T06:42:32Z" user="sree dinesh" uid="1233268">
  <nd ref="2207807749"/>
  <nd ref="2207807733"/>
  <nd ref="2207807730"/>
  <nd ref="2207807725"/>
  <nd ref="2207807708"/>
  <nd ref="2207807707"/>
  <nd ref="2207807703"/>
  <tag k="highway" v="residential"/>
 </way>
 <way id="210711206" visible="true" version="1" changeset="15404625" timestamp="2013-03-18T07:17:10Z" user="SVishnu" uid="1233271">
  <nd ref="2207824484"/>
  <nd ref="2207824487"/>
  <nd ref="251144079"/>
  <tag k="highway" v="residential"/>
 </way>
 <way id="210711207" visible="true" version="3" changeset="133373216" timestamp="2023-03-06T17:28:47Z" user="karitotp" uid="2748195">
  <nd ref="2207824469"/>
  <nd ref="2207824481"/>
  <nd ref="10717285299"/>
  <nd ref="2207824492"/>
  <nd ref="3595696683"/>
  <nd ref="3595696684"/>
  <tag k="highway" v="residential"/>
 </way>
 <way id="210711228" visible="true" version="4" changeset="133373216" timestamp="2023-03-06T17:28:47Z" user="karitotp" uid="2748195">
  <nd ref="2207824487"/>
  <nd ref="3595696684"/>
  <nd ref="2207824515"/>
  <nd ref="3599860663"/>
  <nd ref="3599860664"/>
  <nd ref="3599860665"/>
  <tag k="highway" v="residential"/>
 </way>
 <way id="210711234" visible="true" version="3" changeset="133373216" timestamp="2023-03-06T17:28:47Z" user="karitotp" uid="2748195">
  <nd ref="2207824454"/>
  <nd ref="2207824484"/>
  <nd ref="3595696683"/>
  <nd ref="2207824512"/>
  <tag k="highway" v="residential"/>
 </way>
 <way id="210711238" visible="true" version="2" changeset="15578209" timestamp="2013-04-02T08:00:47Z" user="BKalai" uid="1235174">
  <nd ref="2207824505"/>
  <nd ref="2207824512"/>
  <nd ref="2207824515"/>
  <nd ref="251144078"/>
  <tag k="highway" v="residential"/>
 </way>
 <way id="210711249" visible="true" version="2" changeset="15589707" timestamp="2013-04-03T04:19:29Z" user="BKalai" uid="1235174">
  <nd ref="2207824445"/>
  <nd ref="2207824488"/>
  <nd ref="2207824492"/>
  <nd ref="2207824505"/>
  <nd ref="2207824519"/>
  <nd ref="2207824537"/>
  <tag k="highway" v="residential"/>
 </way>
 <way id="210711255" visible="true" version="4" changeset="133373216" timestamp="2023-03-06T17:28:47Z" user="karitotp" uid="2748195">
  <nd ref="2207824384"/>
  <nd ref="9278227008"/>
  <nd ref="2207824394"/>
  <nd ref="2207824399"/>
  <nd ref="2207824407"/>
  <nd ref="10717285300"/>
  <nd ref="2207824427"/>
  <nd ref="9278227004"/>
  <nd ref="2207824445"/>
  <nd ref="2207824454"/>
  <nd ref="2207824466"/>
  <tag k="highway" v="tertiary"/>
  <tag k="name" v="Mehmet Emin Kılıçkale Caddesi"/>
 </way>
 <way id="210711867" visible="true" version="1" changeset="15404662" timestamp="2013-03-18T07:24:27Z" user="SVishnu" uid="1233271">
  <nd ref="2207828594"/>
  <nd ref="2207828596"/>
  <tag k="highway" v="residential"/>
 </way>
 <way id="210711868" visible="true" version="2" changeset="179347636" timestamp="2026-03-04T12:40:09Z" user="PulisakZ" uid="9026132">
  <nd ref="2207828590"/>
  <nd ref="13617652952"/>
  <nd ref="2207828597"/>
  <tag k="highway" v="residential"/>
 </way>
 <way id="210711869" visible="true" version="2" changeset="142430263" timestamp="2023-10-11T10:32:31Z" user="hanstest" uid="185406">
  <nd ref="2207828599"/>
  <nd ref="2207828619"/>
  <nd ref="11254860551"/>
  <nd ref="2207774181"/>
  <tag k="highway" v="residential"/>
 </way>
 <way id="210711870" visible="true" version="4" changeset="142430263" timestamp="2023-10-11T10:32:31Z" user="hanstest" uid="185406">
  <nd ref="2207828595"/>
  <nd ref="2207828617"/>
  <nd ref="11254860552"/>
  <nd ref="2133032029"/>
  <tag k="highway" v="residential"/>
 </way>
 <way id="210711872" visible="true" version="1" changeset="15404662" timestamp="2013-03-18T07:24:27Z" user="SVishnu" uid="1233271">
  <nd ref="2207828606"/>
  <nd ref="2207828594"/>
  <nd ref="2207828592"/>
  <nd ref="2207828591"/>
  <tag k="highway" v="residential"/>
 </way>
 <way id="210711873" visible="true" version="2" changeset="132223672" timestamp="2023-02-07T20:16:41Z" user="rarad74" uid="128281">
  <nd ref="2207828596"/>
  <nd ref="2207828598"/>
  <nd ref="10616584072"/>
  <nd ref="2207828599"/>
  <nd ref="2207828597"/>
  <nd ref="2207828595"/>
  <nd ref="2207828593"/>
  <tag k="highway" v="residential"/>
 </way>
 <way id="210713593" visible="true" version="21" changeset="179348628" timestamp="2026-03-04T13:03:44Z" user="PulisakZ" uid="9026132">
  <nd ref="10645441426"/>
  <nd ref="10645441425"/>
  <nd ref="2207849211"/>
  <nd ref="3681863172"/>
  <nd ref="2207849212"/>
  <nd ref="2207849214"/>
  <nd ref="2245876422"/>
  <nd ref="2207849215"/>
  <nd ref="2207849219"/>
  <nd ref="2207849221"/>
  <nd ref="2207849224"/>
  <nd ref="2207849226"/>
  <nd ref="2207849227"/>
  <nd ref="2207849228"/>
  <nd ref="2207849229"/>
  <nd ref="2207849233"/>
  <nd ref="2207849234"/>
  <nd ref="2207849238"/>
  <nd ref="6854358256"/>
  <nd ref="10654458873"/>
  <nd ref="2207849239"/>
  <nd ref="2207828593"/>
  <nd ref="2207849241"/>
  <nd ref="2207849242"/>
  <nd ref="10647830297"/>
  <nd ref="2207849243"/>
  <nd ref="11254860549"/>
  <nd ref="2207849244"/>
  <nd ref="2207849245"/>
  <nd ref="2972803911"/>
  <nd ref="2207855734"/>
  <nd ref="2972803890"/>
  <nd ref="13617712504"/>
  <nd ref="2207855735"/>
  <nd ref="11546623033"/>
  <nd ref="11546623019"/>
  <nd ref="2207855737"/>
  <nd ref="11546622978"/>
  <nd ref="10676359256"/>
  <nd ref="13617654681"/>
  <nd ref="2207855738"/>
  <nd ref="2207855739"/>
  <nd ref="2207855740"/>
  <nd ref="10648425043"/>
  <nd ref="2207855743"/>
  <nd ref="10648425044"/>
  <nd ref="2207855741"/>
  <tag k="highway" v="secondary"/>
  <tag k="name" v="Gazi Muhtar Paşa Bulvarı"/>
  <tag k="oneway" v="yes"/>
 </way>
 <way id="210713601" visible="true" version="2" changeset="133373216" timestamp="2023-03-06T17:28:47Z" user="karitotp" uid="2748195">
  <nd ref="2207849237"/>
  <nd ref="2207849236"/>
  <nd ref="10717311210"/>
  <nd ref="2207849235"/>
  <nd ref="2207849233"/>
  <tag k="highway" v="unclassified"/>
 </way>
 <way id="210713760" visible="true" version="2" changeset="32021565" timestamp="2015-06-17T05:34:52Z" user="Nesim" uid="1386706">
  <nd ref="2207824519"/>
  <nd ref="2207850829"/>
  <nd ref="3599860665"/>
  <nd ref="2207850832"/>
  <tag k="highway" v="residential"/>
 </way>
 <way id="210713763" visible="true" version="2" changeset="133373216" timestamp="2023-03-06T17:28:47Z" user="karitotp" uid="2748195">
  <nd ref="2207850829"/>
  <nd ref="2207850830"/>
  <nd ref="10717285301"/>
  <nd ref="2207850833"/>
  <tag k="highway" v="residential"/>
 </way>
 <way id="210716177" visible="true" version="5" changeset="142430263" timestamp="2023-10-11T10:32:31Z" user="hanstest" uid="185406">
  <nd ref="2207807703"/>
  <nd ref="11254860545"/>
  <nd ref="2207876143"/>
  <nd ref="10656263104"/>
  <nd ref="10656310305"/>
  <nd ref="2207876133"/>
  <nd ref="10656310306"/>
  <nd ref="2207876110"/>
  <nd ref="2207876106"/>
  <nd ref="2207876089"/>
  <nd ref="2207876063"/>
  <nd ref="2207876062"/>
  <nd ref="2207876061"/>
  <nd ref="10656360832"/>
  <nd ref="2207876032"/>
  <nd ref="10656360831"/>
  <nd ref="2207876010"/>
  <tag k="highway" v="residential"/>
 </way>
 <way id="210716191" visible="true" version="2" changeset="179396675" timestamp="2026-03-05T13:25:27Z" user="OliveraM" uid="20382961">
  <nd ref="2207875868"/>
  <nd ref="13620221468"/>
  <nd ref="13620221467"/>
  <nd ref="2207875921"/>
  <tag k="highway" v="residential"/>
 </way>
 <way id="210716197" visible="true" version="1" changeset="15405032" timestamp="2013-03-18T08:24:18Z" user="sree dinesh" uid="1233268">
  <nd ref="2207876045"/>
  <nd ref="2207876038"/>
  <tag k="highway" v="residential"/>
 </way>
 <way id="210716209" visible="true" version="2" changeset="31978332" timestamp="2015-06-15T08:41:27Z" user="Nesim" uid="1386706">
  <nd ref="2207875970"/>
  <nd ref="3595947835"/>
  <nd ref="2207875982"/>
  <tag k="highway" v="residential"/>
 </way>
 <way id="210716218" visible="true" version="1" changeset="15405032" timestamp="2013-03-18T08:24:19Z" user="sree dinesh" uid="1233268">
  <nd ref="2207875864"/>
  <nd ref="2207875929"/>
  <tag k="highway" v="residential"/>
 </way>
 <way id="210716226" visible="true" version="2" changeset="15578209" timestamp="2013-04-02T08:00:40Z" user="BKalai" uid="1235174">
  <nd ref="2207876112"/>
  <nd ref="2207849237"/>
  <nd ref="2207876048"/>
  <tag k="highway" v="residential"/>
 </way>
 <way id="210716229" visible="true" version="2" changeset="71596617" timestamp="2019-06-25T11:45:03Z" user="erenozdemir" uid="9206516">
  <nd ref="2207876068"/>
  <nd ref="2207876074"/>
  <nd ref="2207876078"/>
  <nd ref="2207876082"/>
  <tag k="highway" v="residential"/>
 </way>
 <way id="210716233" visible="true" version="1" changeset="15405032" timestamp="2013-03-18T08:24:20Z" user="sree dinesh" uid="1233268">
  <nd ref="2207876074"/>
  <nd ref="2207876028"/>
  <tag k="highway" v="residential"/>
 </way>
 <way id="210716245" visible="true" version="1" changeset="15405032" timestamp="2013-03-18T08:24:20Z" user="sree dinesh" uid="1233268">
  <nd ref="2207875853"/>
  <nd ref="2207875908"/>
  <tag k="highway" v="residential"/>
 </way>
 <way id="210716251" visible="true" version="2" changeset="132459317" timestamp="2023-02-12T19:08:32Z" user="mappinglander" uid="11978982">
  <nd ref="10652506681"/>
  <nd ref="2207875991"/>
  <tag k="highway" v="residential"/>
 </way>
 <way id="210716252" visible="true" version="1" changeset="15405032" timestamp="2013-03-18T08:24:21Z" user="sree dinesh" uid="1233268">
  <nd ref="2207876038"/>
  <nd ref="2207875961"/>
  <tag k="highway" v="residential"/>
 </way>
 <way id="210716256" visible="true" version="1" changeset="15405032" timestamp="2013-03-18T08:24:21Z" user="sree dinesh" uid="1233268">
  <nd ref="2207876078"/>
  <nd ref="2207876036"/>
  <tag k="highway" v="residential"/>
 </way>
 <way id="210716322" visible="true" version="2" changeset="71596617" timestamp="2019-06-25T11:45:03Z" user="erenozdemir" uid="9206516">
  <nd ref="2207876017"/>
  <nd ref="2207876068"/>
  <tag k="highway" v="residential"/>
 </way>
 <way id="210716324" visible="true" version="1" changeset="15405032" timestamp="2013-03-18T08:24:23Z" user="sree dinesh" uid="1233268">
  <nd ref="2207876109"/>
  <nd ref="2207876082"/>
  <nd ref="2207876045"/>
  <tag k="highway" v="residential"/>
 </way>
 <way id="210716372" visible="true" version="2" changeset="142430263" timestamp="2023-10-11T10:32:31Z" user="hanstest" uid="185406">
  <nd ref="2207807702"/>
  <nd ref="11254860546"/>
  <nd ref="2207876132"/>
  <nd ref="2207876119"/>
  <nd ref="2207876110"/>
  <tag k="highway" v="residential"/>
 </way>
 <way id="210716379" visible="true" version="2" changeset="179308192" timestamp="2026-03-03T15:36:09Z" user="OliveraM" uid="20382961">
  <nd ref="2207875919"/>
  <nd ref="2207875970"/>
  <nd ref="2207876009"/>
  <nd ref="2207876016"/>
  <nd ref="13614833343"/>
  <nd ref="13614833342"/>
  <nd ref="13614833341"/>
  <nd ref="13614833340"/>
  <tag k="highway" v="residential"/>
 </way>
 <way id="210716402" visible="true" version="3" changeset="179308148" timestamp="2026-03-03T15:35:14Z" user="OliveraM" uid="20382961">
  <nd ref="2207876164"/>
  <nd ref="2207876141"/>
  <nd ref="11254860547"/>
  <nd ref="13614843404"/>
  <nd ref="2207876111"/>
  <nd ref="2207876104"/>
  <nd ref="2207876089"/>
  <tag k="highway" v="residential"/>
 </way>
 <way id="210716425" visible="true" version="4" changeset="132459317" timestamp="2023-02-12T19:08:32Z" user="mappinglander" uid="11978982">
  <nd ref="3470960510"/>
  <nd ref="2207849221"/>
  <nd ref="2207875921"/>
  <nd ref="2207875908"/>
  <nd ref="2207875900"/>
  <nd ref="10652592614"/>
  <nd ref="10652506699"/>
  <tag k="highway" v="tertiary"/>
  <tag k="oneway" v="yes"/>
 </way>
 <way id="210716430" visible="true" version="3" changeset="132459317" timestamp="2023-02-12T19:08:32Z" user="mappinglander" uid="11978982">
  <nd ref="10652592629"/>
  <nd ref="10652592630"/>
  <nd ref="10652592631"/>
  <nd ref="9278237353"/>
  <nd ref="2207875859"/>
  <nd ref="2207875864"/>
  <nd ref="2207875880"/>
  <nd ref="2207875894"/>
  <nd ref="2207875941"/>
  <tag k="highway" v="residential"/>
 </way>
 <way id="210716462" visible="true" version="3" changeset="148265066" timestamp="2024-03-05T19:30:57Z" user="Ygmr01" uid="20742614">
  <nd ref="2207876031"/>
  <nd ref="2450078802"/>
  <nd ref="2207875994"/>
  <nd ref="3481987387"/>
  <tag k="highway" v="tertiary"/>
 </way>
 <way id="210716464" visible="true" version="5" changeset="179396675" timestamp="2026-03-05T13:25:27Z" user="OliveraM" uid="20382961">
  <nd ref="9278237353"/>
  <nd ref="2207875830"/>
  <nd ref="2207875824"/>
  <nd ref="2207875850"/>
  <nd ref="2207875853"/>
  <nd ref="9278237222"/>
  <nd ref="13620221459"/>
  <nd ref="2207875865"/>
  <nd ref="13620221466"/>
  <nd ref="2207875868"/>
  <nd ref="2207849214"/>
  <tag k="highway" v="residential"/>
 </way>
 <way id="210716467" visible="true" version="4" changeset="71596617" timestamp="2019-06-25T11:45:03Z" user="erenozdemir" uid="9206516">
  <nd ref="2207849229"/>
  <nd ref="2207876048"/>
  <tag k="highway" v="tertiary"/>
  <tag k="oneway" v="no"/>
 </way>
 <way id="210716469" visible="true" version="2" changeset="15589707" timestamp="2013-04-03T04:19:17Z" user="BKalai" uid="1235174">
  <nd ref="2207876062"/>
  <nd ref="2207876037"/>
  <tag k="highway" v="residential"/>
 </way>
 <way id="210716471" visible="true" version="3" changeset="133551049" timestamp="2023-03-11T12:11:39Z" user="rab" uid="36894">
  <nd ref="2207876106"/>
  <nd ref="10727506385"/>
  <tag k="highway" v="service"/>
 </way>
 <way id="215024318" visible="true" version="5" changeset="179396712" timestamp="2026-03-05T13:26:32Z" user="OliveraM" uid="20382961">
  <nd ref="10652592605"/>
  <nd ref="2207875905"/>
  <nd ref="13620218638"/>
  <nd ref="2207875919"/>
  <nd ref="3595947836"/>
  <nd ref="2207875944"/>
  <nd ref="2207849224"/>
  <nd ref="3470960511"/>
  <tag k="highway" v="tertiary"/>
  <tag k="oneway" v="yes"/>
 </way>
 <way id="237059296" visible="true" version="3" changeset="148265066" timestamp="2024-03-05T19:30:57Z" user="Ygmr01" uid="20742614">
  <nd ref="2450078802"/>
  <nd ref="3595947675"/>
  <nd ref="2450078804"/>
  <nd ref="3595947676"/>
  <nd ref="3595947677"/>
  <nd ref="2450078805"/>
  <nd ref="2450078806"/>
  <nd ref="2207875994"/>
  <nd ref="2450078802"/>
  <tag k="addr:city" v="Şehitkamil/Gaziantep"/>
  <tag k="amenity" v="police"/>
  <tag k="building" v="yes"/>
  <tag k="name" v="Gaziantep Eminiyet Müdürlüğü"/>
 </way>
 <way id="237059449" visible="true" version="3" changeset="180218490" timestamp="2026-03-21T17:30:31Z" user="confusedbuffalo" uid="242345">
  <nd ref="2450079408"/>
  <nd ref="4457699598"/>
  <nd ref="2450079409"/>
  <nd ref="4457699599"/>
  <nd ref="4457699600"/>
  <nd ref="4457699601"/>
  <nd ref="4457699605"/>
  <nd ref="4457699606"/>
  <nd ref="4457699607"/>
  <nd ref="4457699608"/>
  <nd ref="4457699609"/>
  <nd ref="2450079410"/>
  <nd ref="4457699615"/>
  <nd ref="4457699614"/>
  <nd ref="4457699613"/>
  <nd ref="4457699612"/>
  <nd ref="4457699611"/>
  <nd ref="4457699610"/>
  <nd ref="2450079411"/>
  <nd ref="4457699616"/>
  <nd ref="4457699604"/>
  <nd ref="4457699603"/>
  <nd ref="4457699602"/>
  <nd ref="4457699597"/>
  <nd ref="4457699596"/>
  <nd ref="2450079412"/>
  <nd ref="2450079408"/>
  <tag k="addr:city" v="Şehitkamil/Gaziantep"/>
  <tag k="building" v="yes"/>
  <tag k="name" v="Gaziantep Valiliği"/>
  <tag k="office" v="government"/>
  <tag k="phone" v="+90 342 231 33 17"/>
 </way>
 <way id="237059639" visible="true" version="3" changeset="132459317" timestamp="2023-02-12T19:08:32Z" user="mappinglander" uid="11978982">
  <nd ref="3334056465"/>
  <nd ref="2450082032"/>
  <nd ref="2450082033"/>
  <nd ref="2450082034"/>
  <nd ref="2450079416"/>
  <nd ref="2450079421"/>
  <nd ref="2450079417"/>
  <nd ref="2450079422"/>
  <nd ref="2450079418"/>
  <nd ref="2450079423"/>
  <nd ref="2450079419"/>
  <nd ref="10652592622"/>
  <nd ref="10652592624"/>
  <nd ref="10652592625"/>
  <nd ref="10652592623"/>
  <nd ref="2450082031"/>
  <nd ref="10652592626"/>
  <nd ref="10652592632"/>
  <nd ref="3334056466"/>
  <nd ref="3334056467"/>
  <nd ref="3334056468"/>
  <nd ref="3334056469"/>
  <nd ref="3334056459"/>
  <nd ref="3334056460"/>
  <nd ref="10652592627"/>
  <nd ref="3334056461"/>
  <nd ref="3334056462"/>
  <nd ref="3334056463"/>
  <nd ref="10652592633"/>
  <nd ref="3334056464"/>
  <nd ref="3334056465"/>
 </way>
 <way id="245596926" visible="true" version="16" changeset="142430263" timestamp="2023-10-11T10:32:31Z" user="hanstest" uid="185406">
  <nd ref="10647459183"/>
  <nd ref="2207875955"/>
  <nd ref="913576796"/>
  <nd ref="913576762"/>
  <nd ref="10616568627"/>
  <nd ref="913576844"/>
  <nd ref="2207876037"/>
  <nd ref="913576828"/>
  <nd ref="3612498272"/>
  <nd ref="913576804"/>
  <nd ref="2527664434"/>
  <nd ref="10654459012"/>
  <nd ref="2207828602"/>
  <nd ref="11254860542"/>
  <nd ref="2093466449"/>
  <nd ref="3495878523"/>
  <nd ref="3495878525"/>
  <nd ref="2207807723"/>
  <nd ref="3495878527"/>
  <nd ref="3495882199"/>
  <nd ref="913576743"/>
  <nd ref="2207807751"/>
  <nd ref="913576758"/>
  <nd ref="10656310311"/>
  <nd ref="3495878533"/>
  <nd ref="2093466577"/>
  <nd ref="913576775"/>
  <nd ref="10650667129"/>
  <nd ref="1027876566"/>
  <tag k="highway" v="primary"/>
  <tag k="maxspeed" v="70"/>
  <tag k="name" v="Kıbrıs Caddesi"/>
  <tag k="oneway" v="yes"/>
  <tag k="source" v="GPS"/>
 </way>
 <way id="245596927" visible="true" version="8" changeset="180117829" timestamp="2026-03-19T15:52:43Z" user="de24000" uid="617093">
  <nd ref="3612498272"/>
  <nd ref="2133032008"/>
  <nd ref="2133032011"/>
  <nd ref="10654459009"/>
  <nd ref="2133032013"/>
  <nd ref="2207828591"/>
  <nd ref="2133032018"/>
  <nd ref="2133032019"/>
  <nd ref="2133032017"/>
  <nd ref="2207828590"/>
  <nd ref="2133032014"/>
  <nd ref="13617652949"/>
  <nd ref="2133032009"/>
  <nd ref="2207849239"/>
  <nd ref="2133032005"/>
  <nd ref="2207824546"/>
  <nd ref="2133210437"/>
  <nd ref="2133210436"/>
  <nd ref="2133210435"/>
  <nd ref="3431810987"/>
  <nd ref="2133210434"/>
  <nd ref="10616584134"/>
  <nd ref="2207824528"/>
  <nd ref="2207824520"/>
  <nd ref="10654458972"/>
  <nd ref="3529906565"/>
  <tag k="highway" v="secondary"/>
  <tag k="name" v="Prof. Muammer Aksoy Bulvarı"/>
  <tag k="oneway" v="yes"/>
 </way>
 <way id="245621120" visible="true" version="2" changeset="27563933" timestamp="2014-12-19T07:23:13Z" user="Soylu" uid="2527781">
  <nd ref="2527845738"/>
  <nd ref="2527845742"/>
  <nd ref="2527845744"/>
  <nd ref="2527845746"/>
  <nd ref="2527845750"/>
  <nd ref="2527845753"/>
  <nd ref="2527845756"/>
  <nd ref="2527845759"/>
  <nd ref="3242177161"/>
  <nd ref="2527845738"/>
  <tag k="amenity" v="parking"/>
 </way>
 <way id="245621121" visible="true" version="4" changeset="133451417" timestamp="2023-03-08T18:24:53Z" user="rab" uid="36894">
  <nd ref="2527845762"/>
  <nd ref="2527845765"/>
  <nd ref="2527845768"/>
  <nd ref="2527845771"/>
  <nd ref="2527845762"/>
 </way>
 <way id="314705231" visible="true" version="15" changeset="137915860" timestamp="2023-06-29T11:57:47Z" user="Hilton Hotels" uid="1915697">
  <nd ref="3207513829"/>
  <nd ref="3207513827"/>
  <nd ref="3207513824"/>
  <nd ref="10728032467"/>
  <nd ref="10728032466"/>
  <nd ref="3207513826"/>
  <nd ref="3207513830"/>
  <nd ref="3207513832"/>
  <nd ref="3207513833"/>
  <nd ref="3207513834"/>
  <nd ref="3207513835"/>
  <nd ref="3207513836"/>
  <nd ref="10721976279"/>
  <nd ref="10728032465"/>
  <nd ref="10728032468"/>
  <nd ref="3207513837"/>
  <nd ref="3207513838"/>
  <nd ref="3207513839"/>
  <nd ref="3207513831"/>
  <nd ref="3207513828"/>
  <nd ref="3207513840"/>
  <nd ref="3207513822"/>
  <nd ref="3207513823"/>
  <nd ref="3207513820"/>
  <nd ref="3207513821"/>
  <nd ref="3207513825"/>
  <nd ref="3207513829"/>
  <tag k="addr:city" v="Gaziantep"/>
  <tag k="addr:country" v="TR"/>
  <tag k="addr:housenumber" v="41"/>
  <tag k="addr:postcode" v="27090"/>
  <tag k="addr:street" v="İncili Pınar, Prof. Muamer Aksoy Bulvarı"/>
  <tag k="alt_name" v="Hampton Inn"/>
  <tag k="brand" v="Hampton"/>
  <tag k="brand:wikidata" v="Q5646230"/>
  <tag k="brand:wikipedia" v="en:Hampton by Hilton"/>
  <tag k="building" v="yes"/>
  <tag k="building:levels" v="3"/>
  <tag k="contact:facebook" v="https://www.facebook.com/hamptonbyhiltongaziantep/"/>
  <tag k="contact:instagram" v="https://www.instagram.com/hamptonbyhiltongaziantep/"/>
  <tag k="email" v="gztcc_hampton@hilton.com"/>
  <tag k="fax" v="+90 342 2119010"/>
  <tag k="name" v="Hampton by Hilton Gaziantep"/>
  <tag k="official_name" v="Hampton by Hilton"/>
  <tag k="operator" v="Hilton"/>
  <tag k="phone" v="+90 342 211 9000"/>
  <tag k="rooms" v="117"/>
  <tag k="smoking" v="no"/>
  <tag k="stars" v="3"/>
  <tag k="start_date" v="2014"/>
  <tag k="tourism" v="hotel"/>
  <tag k="website" v="https://www.hilton.com/en/hotels/gztcchx-hampton-gaziantep/"/>
  <tag k="wheelchair" v="yes"/>
  <tag k="wikidata" v="Q111400047"/>
 </way>
 <way id="326743170" visible="true" version="2" changeset="57646776" timestamp="2018-03-29T21:32:44Z" user="kurtomerfaruk" uid="7983238">
  <nd ref="3334056455"/>
  <nd ref="3334056456"/>
  <nd ref="3334056457"/>
  <nd ref="3334056458"/>
  <nd ref="3334056455"/>
  <tag k="amenity" v="school"/>
  <tag k="name" v="Hacı Sani Konukoğlu Endüstri Meslek Lisesi"/>
  <tag k="operator" v="Hacı Sani Konukoğlu Endüstri Meslek Lisesi"/>
 </way>
 <way id="339888584" visible="true" version="3" changeset="142849913" timestamp="2023-10-20T05:22:35Z" user="Nesim" uid="1386706">
  <nd ref="3470956676"/>
  <nd ref="3470956677"/>
  <nd ref="3470956678"/>
  <nd ref="3470956679"/>
  <nd ref="3470956680"/>
  <nd ref="3470956681"/>
  <nd ref="3470956682"/>
  <nd ref="3470956683"/>
  <nd ref="3470956676"/>
  <tag k="addr:city" v="Gaziantep"/>
  <tag k="amenity" v="place_of_worship"/>
  <tag k="building" v="mosque"/>
  <tag k="denomination" v="sunni"/>
  <tag k="name" v="Diyanet Camii"/>
  <tag k="religion" v="muslim"/>
 </way>
 <way id="339888586" visible="true" version="3" changeset="179347636" timestamp="2026-03-04T12:40:09Z" user="PulisakZ" uid="9026132">
  <nd ref="3470956684"/>
  <nd ref="13617652947"/>
  <nd ref="3470956685"/>
  <nd ref="3470956686"/>
  <nd ref="13617652948"/>
  <nd ref="3470956687"/>
  <nd ref="3470956684"/>
  <tag k="building" v="yes"/>
 </way>
 <way id="339888588" visible="true" version="1" changeset="30398707" timestamp="2015-04-22T08:37:02Z" user="Nesim" uid="1386706">
  <nd ref="3470956688"/>
  <nd ref="3470956689"/>
  <nd ref="3470956690"/>
  <nd ref="3470956691"/>
  <nd ref="3470956692"/>
  <nd ref="3470960493"/>
  <nd ref="3470960494"/>
  <nd ref="3470960495"/>
  <nd ref="3470960496"/>
  <nd ref="3470960497"/>
  <nd ref="3470960498"/>
  <nd ref="3470960499"/>
  <nd ref="3470956688"/>
  <tag k="building" v="yes"/>
 </way>
 <way id="339888589" visible="true" version="2" changeset="133373216" timestamp="2023-03-06T17:28:47Z" user="karitotp" uid="2748195">
  <nd ref="3470960500"/>
  <nd ref="3470960501"/>
  <nd ref="3470960502"/>
  <nd ref="3470960503"/>
  <nd ref="3470960504"/>
  <nd ref="10717311213"/>
  <nd ref="10717311214"/>
  <nd ref="3470960508"/>
  <nd ref="3470960509"/>
  <nd ref="3470960500"/>
  <tag k="building" v="yes"/>
 </way>
 <way id="340985753" visible="true" version="1" changeset="30553461" timestamp="2015-04-27T17:53:46Z" user="Nesim" uid="1386706">
  <nd ref="3481987387"/>
  <nd ref="2207876016"/>
  <nd ref="2207876017"/>
  <nd ref="2207876028"/>
  <nd ref="2207876036"/>
  <nd ref="2207876045"/>
  <nd ref="2207876048"/>
  <tag k="highway" v="tertiary"/>
  <tag k="oneway" v="yes"/>
 </way>
 <way id="340985755" visible="true" version="3" changeset="71596617" timestamp="2019-06-25T11:45:03Z" user="erenozdemir" uid="9206516">
  <nd ref="2207876048"/>
  <nd ref="3481987388"/>
  <nd ref="2207876043"/>
  <nd ref="2207876038"/>
  <nd ref="2207876009"/>
  <nd ref="2207875986"/>
  <nd ref="2207875991"/>
  <nd ref="2207875994"/>
  <tag k="highway" v="tertiary"/>
  <tag k="name" v="4. Cadde"/>
  <tag k="oneway" v="yes"/>
 </way>
 <way id="346468202" visible="true" version="2" changeset="133491485" timestamp="2023-03-09T19:09:03Z" user="rab" uid="36894">
  <nd ref="3529906551"/>
  <nd ref="3529906552"/>
  <nd ref="3529906553"/>
  <nd ref="3529906554"/>
  <nd ref="3529906555"/>
  <nd ref="3529906551"/>
  <tag k="building" v="yes"/>
  <tag k="building:levels" v="3"/>
 </way>
 <way id="346468203" visible="true" version="5" changeset="133491485" timestamp="2023-03-09T19:09:03Z" user="rab" uid="36894">
  <nd ref="10650900862"/>
  <nd ref="3529906560"/>
  <nd ref="10650900863"/>
  <nd ref="3529906561"/>
  <nd ref="4823387148"/>
  <nd ref="10724202901"/>
  <nd ref="3529906563"/>
  <nd ref="10724202898"/>
  <nd ref="3529906564"/>
  <nd ref="3529906556"/>
  <nd ref="10724202897"/>
  <nd ref="4823387147"/>
  <nd ref="10724202882"/>
  <nd ref="10724202881"/>
  <nd ref="3529906558"/>
  <nd ref="10650900862"/>
  <tag k="addr:street" v="Kıbrıs Cd"/>
  <tag k="building" v="yes"/>
  <tag k="building:levels" v="3"/>
 </way>
 <way id="349801525" visible="true" version="1" changeset="31559125" timestamp="2015-05-29T10:41:05Z" user="Nesim" uid="1386706">
  <nd ref="3556085584"/>
  <nd ref="3556085585"/>
  <nd ref="3556085586"/>
  <nd ref="3556085587"/>
  <nd ref="3556085584"/>
  <tag k="building" v="yes"/>
 </way>
 <way id="353753473" visible="true" version="1" changeset="31975132" timestamp="2015-06-15T05:30:20Z" user="Nesim" uid="1386706">
  <nd ref="3595696667"/>
  <nd ref="3595696668"/>
  <nd ref="3595696669"/>
  <nd ref="3595696670"/>
  <nd ref="3595696667"/>
  <tag k="leisure" v="park"/>
  <tag k="name" v="Park"/>
 </way>
 <way id="353753474" visible="true" version="1" changeset="31975132" timestamp="2015-06-15T05:30:20Z" user="Nesim" uid="1386706">
  <nd ref="3595696671"/>
  <nd ref="3595696672"/>
  <nd ref="3595696673"/>
  <nd ref="3595696674"/>
  <nd ref="3595696671"/>
  <tag k="building" v="yes"/>
 </way>
 <way id="353753475" visible="true" version="1" changeset="31975132" timestamp="2015-06-15T05:30:20Z" user="Nesim" uid="1386706">
  <nd ref="3595696675"/>
  <nd ref="3595696676"/>
  <nd ref="3595696677"/>
  <nd ref="3595696678"/>
  <nd ref="3595696675"/>
  <tag k="building" v="yes"/>
 </way>
 <way id="353753476" visible="true" version="1" changeset="31975132" timestamp="2015-06-15T05:30:20Z" user="Nesim" uid="1386706">
  <nd ref="3595696679"/>
  <nd ref="3595696680"/>
  <nd ref="3595696681"/>
  <nd ref="3595696682"/>
  <nd ref="3595696679"/>
  <tag k="building" v="yes"/>
 </way>
 <way id="353786403" visible="true" version="1" changeset="31978332" timestamp="2015-06-15T08:41:23Z" user="Nesim" uid="1386706">
  <nd ref="3595946485"/>
  <nd ref="3595947597"/>
  <nd ref="3595946486"/>
  <nd ref="3595946487"/>
  <nd ref="3595946488"/>
  <nd ref="3595946485"/>
  <tag k="leisure" v="park"/>
 </way>
 <way id="353786405" visible="true" version="1" changeset="31978332" timestamp="2015-06-15T08:41:24Z" user="Nesim" uid="1386706">
  <nd ref="3595947594"/>
  <nd ref="3595947595"/>
  <nd ref="3595947596"/>
  <nd ref="3595946486"/>
  <nd ref="3595947597"/>
  <nd ref="3595947598"/>
  <nd ref="3595947599"/>
  <nd ref="3595947594"/>
  <tag k="landuse" v="grass"/>
 </way>
 <way id="353786408" visible="true" version="3" changeset="133563255" timestamp="2023-03-11T18:12:32Z" user="rab" uid="36894">
  <nd ref="3595947612"/>
  <nd ref="3595947611"/>
  <nd ref="10642785209"/>
  <nd ref="3595947609"/>
  <nd ref="3595947608"/>
  <nd ref="10728032495"/>
  <nd ref="10728032494"/>
  <nd ref="10728032493"/>
  <nd ref="10728032492"/>
  <nd ref="3595947613"/>
  <nd ref="3595947612"/>
  <tag k="building:levels" v="12"/>
  <tag k="building:part" v="yes"/>
 </way>
 <way id="353786409" visible="true" version="4" changeset="132510668" timestamp="2023-02-13T21:49:47Z" user="karitotp" uid="2748195">
  <nd ref="3595947618"/>
  <nd ref="3595947619"/>
  <nd ref="3595947620"/>
  <nd ref="3595947621"/>
  <nd ref="3595947622"/>
  <nd ref="10656263103"/>
  <nd ref="3595947623"/>
  <nd ref="10643701515"/>
  <nd ref="3595947624"/>
  <nd ref="3595947625"/>
  <nd ref="3595947618"/>
  <tag k="building" v="yes"/>
 </way>
 <way id="353786410" visible="true" version="1" changeset="31978332" timestamp="2015-06-15T08:41:24Z" user="Nesim" uid="1386706">
  <nd ref="3595947626"/>
  <nd ref="3595947627"/>
  <nd ref="3595947628"/>
  <nd ref="3595947629"/>
  <nd ref="3595947626"/>
  <tag k="building" v="yes"/>
 </way>
 <way id="353786411" visible="true" version="1" changeset="31978332" timestamp="2015-06-15T08:41:24Z" user="Nesim" uid="1386706">
  <nd ref="3595947630"/>
  <nd ref="3595947631"/>
  <nd ref="3595947632"/>
  <nd ref="3595947633"/>
  <nd ref="3595947630"/>
  <tag k="building" v="yes"/>
 </way>
 <way id="353786412" visible="true" version="1" changeset="31978332" timestamp="2015-06-15T08:41:24Z" user="Nesim" uid="1386706">
  <nd ref="3595947634"/>
  <nd ref="3595947635"/>
  <nd ref="3595947636"/>
  <nd ref="3595947637"/>
  <nd ref="3595947638"/>
  <nd ref="3595947639"/>
  <nd ref="3595947640"/>
  <nd ref="3595947641"/>
  <nd ref="3595947634"/>
  <tag k="building" v="yes"/>
 </way>
 <way id="353786413" visible="true" version="1" changeset="31978332" timestamp="2015-06-15T08:41:24Z" user="Nesim" uid="1386706">
  <nd ref="3595947642"/>
  <nd ref="3595947643"/>
  <nd ref="3595947644"/>
  <nd ref="3595947645"/>
  <nd ref="3595947642"/>
  <tag k="building" v="yes"/>
 </way>
 <way id="353786414" visible="true" version="1" changeset="31978332" timestamp="2015-06-15T08:41:24Z" user="Nesim" uid="1386706">
  <nd ref="3595947646"/>
  <nd ref="3595947647"/>
  <nd ref="3595947648"/>
  <nd ref="3595947649"/>
  <nd ref="3595947646"/>
  <tag k="building" v="yes"/>
 </way>
 <way id="353786415" visible="true" version="1" changeset="31978332" timestamp="2015-06-15T08:41:24Z" user="Nesim" uid="1386706">
  <nd ref="3595947650"/>
  <nd ref="3595947651"/>
  <nd ref="3595947652"/>
  <nd ref="3595947653"/>
  <nd ref="3595947654"/>
  <nd ref="3595947655"/>
  <nd ref="3595947650"/>
  <tag k="building" v="yes"/>
 </way>
 <way id="353786416" visible="true" version="4" changeset="133491485" timestamp="2023-03-09T19:09:03Z" user="rab" uid="36894">
  <nd ref="10724202831"/>
  <nd ref="3595947668"/>
  <nd ref="10724202862"/>
  <nd ref="3595947669"/>
  <nd ref="10724202838"/>
  <nd ref="3595947656"/>
  <nd ref="3595947657"/>
  <nd ref="10724202866"/>
  <nd ref="3595947658"/>
  <nd ref="10724202863"/>
  <nd ref="3595947659"/>
  <nd ref="3595947660"/>
  <nd ref="10724202864"/>
  <nd ref="3595947661"/>
  <nd ref="10724202865"/>
  <nd ref="3595947662"/>
  <nd ref="3595947663"/>
  <nd ref="10724202839"/>
  <nd ref="3595947664"/>
  <nd ref="10724202861"/>
  <nd ref="3595947665"/>
  <nd ref="10724202860"/>
  <nd ref="3595947666"/>
  <nd ref="10724202832"/>
  <nd ref="10724202854"/>
  <nd ref="10724202855"/>
  <nd ref="10724202856"/>
  <nd ref="10724202857"/>
  <nd ref="10724202831"/>
  <tag k="addr:housenumber" v="13"/>
  <tag k="addr:postcode" v="27090"/>
  <tag k="addr:street" v="20 Nolu Caddesi"/>
  <tag k="building" v="office"/>
  <tag k="building:levels" v="9"/>
  <tag k="government" v="tax"/>
  <tag k="name" v="Gaziantep Vergi Dairesi Başkanlığı"/>
  <tag k="name:en" v="Gaziantep Tax Office"/>
  <tag k="office" v="government"/>
  <tag k="website" v="https://gvdb.gov.tr/"/>
 </way>
 <way id="353786417" visible="true" version="4" changeset="148265066" timestamp="2024-03-05T19:30:57Z" user="Ygmr01" uid="20742614">
  <nd ref="10724202833"/>
  <nd ref="3595947672"/>
  <nd ref="3595947671"/>
  <nd ref="3595947670"/>
  <nd ref="3595947673"/>
  <nd ref="10724202836"/>
  <nd ref="10724202835"/>
  <nd ref="10724202833"/>
  <tag k="amenity" v="police"/>
  <tag k="building" v="yes"/>
  <tag k="name" v="Emniyet Müdürlüğü"/>
 </way>
 <way id="353786418" visible="true" version="4" changeset="133954688" timestamp="2023-03-21T19:56:13Z" user="mepng" uid="14587553">
  <nd ref="10721976251"/>
  <nd ref="10751563657"/>
  <nd ref="10721976250"/>
  <nd ref="10721980388"/>
  <nd ref="10721980354"/>
  <nd ref="10721976249"/>
  <nd ref="10721976298"/>
  <nd ref="10721976287"/>
  <nd ref="10721976289"/>
  <nd ref="10721976288"/>
  <nd ref="10721976291"/>
  <nd ref="10721976290"/>
  <nd ref="10721976293"/>
  <nd ref="10721976292"/>
  <nd ref="10721976295"/>
  <nd ref="10721976294"/>
  <nd ref="10721976296"/>
  <nd ref="10721976297"/>
  <nd ref="10721976266"/>
  <nd ref="10721976268"/>
  <nd ref="10721976269"/>
  <nd ref="10721976267"/>
  <nd ref="10721976264"/>
  <nd ref="10721976265"/>
  <nd ref="10721976263"/>
  <nd ref="10721980517"/>
  <nd ref="10721980519"/>
  <nd ref="10721980512"/>
  <nd ref="10721980518"/>
  <nd ref="10721980516"/>
  <nd ref="10721980513"/>
  <nd ref="10721980520"/>
  <nd ref="10721980514"/>
  <nd ref="10721980515"/>
  <nd ref="10721976219"/>
  <nd ref="10721972103"/>
  <nd ref="10721976300"/>
  <nd ref="10721976302"/>
  <nd ref="10721976301"/>
  <nd ref="10721980405"/>
  <nd ref="10721976303"/>
  <nd ref="10721980407"/>
  <nd ref="10721980406"/>
  <nd ref="10721980410"/>
  <nd ref="10721972101"/>
  <nd ref="10721976220"/>
  <nd ref="10721980509"/>
  <nd ref="10721976218"/>
  <nd ref="10721980505"/>
  <nd ref="10721980508"/>
  <nd ref="10721980507"/>
  <nd ref="10721980506"/>
  <nd ref="10721980511"/>
  <nd ref="10721980510"/>
  <nd ref="10721976247"/>
  <nd ref="10721976248"/>
  <nd ref="10721980365"/>
  <nd ref="10721980387"/>
  <nd ref="10721976251"/>
 </way>
 <way id="353786419" visible="true" version="2" changeset="133451417" timestamp="2023-03-08T18:24:53Z" user="rab" uid="36894">
  <nd ref="10721980320"/>
  <nd ref="10721980408"/>
  <nd ref="10721980409"/>
  <nd ref="10721980319"/>
  <nd ref="3595947828"/>
  <nd ref="10721980320"/>
  <tag k="building:levels" v="8"/>
  <tag k="building:part" v="yes"/>
 </way>
 <way id="353786420" visible="true" version="2" changeset="133451417" timestamp="2023-03-08T18:24:53Z" user="rab" uid="36894">
  <nd ref="10721980413"/>
  <nd ref="10721980318"/>
  <nd ref="10721980411"/>
  <nd ref="10721980412"/>
  <nd ref="10721976304"/>
  <nd ref="10721980413"/>
  <tag k="building:levels" v="8"/>
  <tag k="building:part" v="yes"/>
 </way>
 <way id="353786422" visible="true" version="1" changeset="31978332" timestamp="2015-06-15T08:41:25Z" user="Nesim" uid="1386706">
  <nd ref="3595947835"/>
  <nd ref="3595947836"/>
  <tag k="highway" v="residential"/>
 </way>
 <way id="353786423" visible="true" version="1" changeset="31978332" timestamp="2015-06-15T08:41:25Z" user="Nesim" uid="1386706">
  <nd ref="3595947837"/>
  <nd ref="3595947838"/>
  <nd ref="3595947839"/>
  <nd ref="3595947840"/>
  <nd ref="3595947837"/>
  <tag k="building" v="yes"/>
 </way>
 <way id="353786424" visible="true" version="1" changeset="31978332" timestamp="2015-06-15T08:41:25Z" user="Nesim" uid="1386706">
  <nd ref="3595947841"/>
  <nd ref="3595947842"/>
  <nd ref="3595947843"/>
  <nd ref="3595947844"/>
  <nd ref="3595947841"/>
  <tag k="building" v="yes"/>
 </way>
 <way id="354781038" visible="true" version="1" changeset="32068932" timestamp="2015-06-19T07:53:16Z" user="Nesim" uid="1386706">
  <nd ref="3604590911"/>
  <nd ref="3604590912"/>
  <nd ref="3604590913"/>
  <nd ref="3604590914"/>
  <nd ref="3604590911"/>
  <tag k="building" v="yes"/>
 </way>
 <way id="354781039" visible="true" version="2" changeset="133269749" timestamp="2023-03-03T20:43:58Z" user="karitotp" uid="2748195">
  <nd ref="3604590915"/>
  <nd ref="3604590916"/>
  <nd ref="3604590917"/>
  <nd ref="10707785034"/>
  <nd ref="10707785033"/>
  <nd ref="3604590918"/>
  <nd ref="3604590915"/>
  <tag k="building" v="yes"/>
 </way>
 <way id="354791463" visible="true" version="3" changeset="133269749" timestamp="2023-03-03T20:43:58Z" user="karitotp" uid="2748195">
  <nd ref="3604659224"/>
  <nd ref="3604659226"/>
  <nd ref="3604659227"/>
  <nd ref="3604659228"/>
  <nd ref="3604659224"/>
  <tag k="building" v="yes"/>
 </way>
 <way id="354791465" visible="true" version="1" changeset="32069889" timestamp="2015-06-19T08:46:52Z" user="Nesim" uid="1386706">
  <nd ref="3604659231"/>
  <nd ref="3604659232"/>
  <nd ref="3604659233"/>
  <nd ref="3604659234"/>
  <nd ref="3604659231"/>
  <tag k="building" v="yes"/>
 </way>
 <way id="354791466" visible="true" version="3" changeset="133269749" timestamp="2023-03-03T20:43:58Z" user="karitotp" uid="2748195">
  <nd ref="3604659235"/>
  <nd ref="10707785010"/>
  <nd ref="3604659237"/>
  <nd ref="3604659238"/>
  <nd ref="3604659235"/>
  <tag k="building" v="yes"/>
 </way>
 <way id="354791467" visible="true" version="1" changeset="32069889" timestamp="2015-06-19T08:46:52Z" user="Nesim" uid="1386706">
  <nd ref="3604659239"/>
  <nd ref="3604659240"/>
  <nd ref="3604659241"/>
  <nd ref="3604659242"/>
  <nd ref="3604659239"/>
  <tag k="building" v="yes"/>
 </way>
 <way id="354791469" visible="true" version="1" changeset="32069889" timestamp="2015-06-19T08:46:52Z" user="Nesim" uid="1386706">
  <nd ref="3604659243"/>
  <nd ref="3604659244"/>
  <nd ref="3604659245"/>
  <nd ref="3604659246"/>
  <nd ref="3604659243"/>
  <tag k="building" v="yes"/>
 </way>
 <way id="354791470" visible="true" version="3" changeset="133269749" timestamp="2023-03-03T20:43:58Z" user="karitotp" uid="2748195">
  <nd ref="3604659247"/>
  <nd ref="3604659248"/>
  <nd ref="3604659249"/>
  <nd ref="10647830288"/>
  <nd ref="3604659247"/>
  <tag k="building" v="yes"/>
 </way>
 <way id="354791472" visible="true" version="3" changeset="132633285" timestamp="2023-02-16T14:52:09Z" user="Jim Bedient" uid="17786100">
  <nd ref="3604659251"/>
  <nd ref="3604659252"/>
  <nd ref="3604659253"/>
  <nd ref="3604659254"/>
  <nd ref="3604659251"/>
  <tag k="damage:date" v="2023-02-06"/>
  <tag k="damage:event" v="#TürkiyeEQ060223"/>
  <tag k="damage:type" v="earthquake"/>
  <tag k="destroyed:building" v="yes"/>
  <tag k="earthquake:damage" v="yes"/>
  <tag k="source" v="CopernicusEMS"/>
 </way>
 <way id="354791473" visible="true" version="1" changeset="32069889" timestamp="2015-06-19T08:46:52Z" user="Nesim" uid="1386706">
  <nd ref="3604659255"/>
  <nd ref="3604659256"/>
  <nd ref="3604659257"/>
  <nd ref="3604659258"/>
  <nd ref="3604659255"/>
  <tag k="building" v="yes"/>
 </way>
 <way id="354791475" visible="true" version="1" changeset="32069889" timestamp="2015-06-19T08:46:52Z" user="Nesim" uid="1386706">
  <nd ref="3604659259"/>
  <nd ref="3604659260"/>
  <nd ref="3604659261"/>
  <nd ref="3604659262"/>
  <nd ref="3604659259"/>
  <tag k="building" v="yes"/>
 </way>
 <way id="355093014" visible="true" version="1" changeset="32095102" timestamp="2015-06-20T11:12:16Z" user="Nesim" uid="1386706">
  <nd ref="3606989073"/>
  <nd ref="3606989074"/>
  <nd ref="3606989075"/>
  <nd ref="3606989076"/>
  <nd ref="3606989073"/>
  <tag k="building" v="yes"/>
 </way>
 <way id="355093015" visible="true" version="1" changeset="32095102" timestamp="2015-06-20T11:12:16Z" user="Nesim" uid="1386706">
  <nd ref="3606989077"/>
  <nd ref="3606989078"/>
  <nd ref="3606989079"/>
  <nd ref="3606989080"/>
  <nd ref="3606989077"/>
  <tag k="building" v="yes"/>
 </way>
 <way id="355093016" visible="true" version="1" changeset="32095102" timestamp="2015-06-20T11:12:16Z" user="Nesim" uid="1386706">
  <nd ref="3606989081"/>
  <nd ref="3606989082"/>
  <nd ref="3606989083"/>
  <nd ref="3606989084"/>
  <nd ref="3606989081"/>
  <tag k="building" v="yes"/>
 </way>
 <way id="355093017" visible="true" version="1" changeset="32095102" timestamp="2015-06-20T11:12:16Z" user="Nesim" uid="1386706">
  <nd ref="3606989085"/>
  <nd ref="3606989086"/>
  <nd ref="3606989087"/>
  <nd ref="3606989088"/>
  <nd ref="3606989085"/>
  <tag k="building" v="yes"/>
 </way>
 <way id="355093018" visible="true" version="1" changeset="32095102" timestamp="2015-06-20T11:12:16Z" user="Nesim" uid="1386706">
  <nd ref="3606989089"/>
  <nd ref="3606989090"/>
  <nd ref="3606989091"/>
  <nd ref="3606989092"/>
  <nd ref="3606989089"/>
  <tag k="building" v="yes"/>
 </way>
 <way id="355093019" visible="true" version="1" changeset="32095102" timestamp="2015-06-20T11:12:16Z" user="Nesim" uid="1386706">
  <nd ref="3606989393"/>
  <nd ref="3606989394"/>
  <nd ref="3606989395"/>
  <nd ref="3606989396"/>
  <nd ref="3606989393"/>
  <tag k="building" v="yes"/>
 </way>
 <way id="355093020" visible="true" version="1" changeset="32095102" timestamp="2015-06-20T11:12:16Z" user="Nesim" uid="1386706">
  <nd ref="3606989397"/>
  <nd ref="3606989398"/>
  <nd ref="3606989399"/>
  <nd ref="3606989400"/>
  <nd ref="3606989397"/>
  <tag k="building" v="yes"/>
 </way>
 <way id="355093021" visible="true" version="1" changeset="32095102" timestamp="2015-06-20T11:12:17Z" user="Nesim" uid="1386706">
  <nd ref="3606989401"/>
  <nd ref="3606989402"/>
  <nd ref="3606989403"/>
  <nd ref="3606989404"/>
  <nd ref="3606989401"/>
  <tag k="building" v="yes"/>
 </way>
 <way id="355093022" visible="true" version="1" changeset="32095102" timestamp="2015-06-20T11:12:17Z" user="Nesim" uid="1386706">
  <nd ref="3606989405"/>
  <nd ref="3606989406"/>
  <nd ref="3606989407"/>
  <nd ref="3606989408"/>
  <nd ref="3606989405"/>
  <tag k="building" v="yes"/>
 </way>
 <way id="355093023" visible="true" version="1" changeset="32095102" timestamp="2015-06-20T11:12:17Z" user="Nesim" uid="1386706">
  <nd ref="3606989409"/>
  <nd ref="3606989410"/>
  <nd ref="3606989411"/>
  <nd ref="3606989412"/>
  <nd ref="3606989413"/>
  <nd ref="3606989414"/>
  <nd ref="3606989409"/>
  <tag k="building" v="yes"/>
 </way>
 <way id="355093024" visible="true" version="1" changeset="32095102" timestamp="2015-06-20T11:12:17Z" user="Nesim" uid="1386706">
  <nd ref="3606989415"/>
  <nd ref="3606989416"/>
  <nd ref="3606989417"/>
  <nd ref="3606989418"/>
  <nd ref="3606989419"/>
  <nd ref="3606989420"/>
  <nd ref="3606989421"/>
  <nd ref="3606989415"/>
  <tag k="building" v="yes"/>
 </way>
 <way id="355093027" visible="true" version="1" changeset="32095102" timestamp="2015-06-20T11:12:17Z" user="Nesim" uid="1386706">
  <nd ref="3606989437"/>
  <nd ref="3606989438"/>
  <nd ref="3606989439"/>
  <nd ref="3606989440"/>
  <nd ref="3606989437"/>
  <tag k="building" v="yes"/>
  <tag k="building:levels" v="8"/>
 </way>
 <way id="355093028" visible="true" version="1" changeset="32095102" timestamp="2015-06-20T11:12:17Z" user="Nesim" uid="1386706">
  <nd ref="3606989441"/>
  <nd ref="3606989442"/>
  <nd ref="3606989443"/>
  <nd ref="3606989444"/>
  <nd ref="3606989441"/>
  <tag k="building" v="yes"/>
  <tag k="building:levels" v="8"/>
 </way>
 <way id="355103228" visible="true" version="1" changeset="32095851" timestamp="2015-06-20T12:01:15Z" user="Nesim" uid="1386706">
  <nd ref="3607063096"/>
  <nd ref="3607063097"/>
  <nd ref="3607063098"/>
  <nd ref="3607063099"/>
  <nd ref="3607063096"/>
  <tag k="building" v="yes"/>
 </way>
 <way id="355103230" visible="true" version="1" changeset="32095851" timestamp="2015-06-20T12:01:15Z" user="Nesim" uid="1386706">
  <nd ref="3607063100"/>
  <nd ref="3607063101"/>
  <nd ref="3607063102"/>
  <nd ref="3607063103"/>
  <nd ref="3607063100"/>
  <tag k="building" v="yes"/>
 </way>
 <way id="355103232" visible="true" version="1" changeset="32095851" timestamp="2015-06-20T12:01:15Z" user="Nesim" uid="1386706">
  <nd ref="3607063104"/>
  <nd ref="3607063105"/>
  <nd ref="3607063106"/>
  <nd ref="3607063107"/>
  <nd ref="3607063104"/>
  <tag k="building" v="yes"/>
 </way>
 <way id="355103233" visible="true" version="1" changeset="32095851" timestamp="2015-06-20T12:01:15Z" user="Nesim" uid="1386706">
  <nd ref="3607063108"/>
  <nd ref="3607063109"/>
  <nd ref="3607063110"/>
  <nd ref="3607063111"/>
  <nd ref="3607063108"/>
  <tag k="building" v="yes"/>
  <tag k="building:levels" v="10"/>
 </way>
 <way id="355103237" visible="true" version="1" changeset="32095851" timestamp="2015-06-20T12:01:15Z" user="Nesim" uid="1386706">
  <nd ref="3607063117"/>
  <nd ref="3607063118"/>
  <nd ref="3607063119"/>
  <nd ref="3607063120"/>
  <nd ref="3607063117"/>
  <tag k="building" v="yes"/>
 </way>
 <way id="355103239" visible="true" version="1" changeset="32095851" timestamp="2015-06-20T12:01:15Z" user="Nesim" uid="1386706">
  <nd ref="3607063121"/>
  <nd ref="3607063122"/>
  <nd ref="3607063123"/>
  <nd ref="3607063124"/>
  <nd ref="3607063121"/>
  <tag k="building" v="yes"/>
 </way>
 <way id="355103241" visible="true" version="1" changeset="32095851" timestamp="2015-06-20T12:01:15Z" user="Nesim" uid="1386706">
  <nd ref="3607063125"/>
  <nd ref="3607063126"/>
  <nd ref="3607063127"/>
  <nd ref="3607063128"/>
  <nd ref="3607063125"/>
  <tag k="building" v="yes"/>
 </way>
 <way id="355396916" visible="true" version="2" changeset="132598003" timestamp="2023-02-15T19:30:54Z" user="rab" uid="36894">
  <nd ref="3610208374"/>
  <nd ref="10665491187"/>
  <nd ref="10665491193"/>
  <nd ref="10665491185"/>
  <nd ref="10665491188"/>
  <nd ref="10665491183"/>
  <nd ref="3610208372"/>
  <nd ref="10665491186"/>
  <nd ref="10665491196"/>
  <nd ref="3610208375"/>
  <nd ref="3610208374"/>
  <tag k="building" v="yes"/>
  <tag k="building:levels" v="5"/>
 </way>
 <way id="355396917" visible="true" version="2" changeset="132598003" timestamp="2023-02-15T19:30:54Z" user="rab" uid="36894">
  <nd ref="10665491201"/>
  <nd ref="10665491199"/>
  <nd ref="10665491200"/>
  <nd ref="10665491197"/>
  <nd ref="10665491198"/>
  <nd ref="10665491203"/>
  <nd ref="3610208379"/>
  <nd ref="10665491202"/>
  <nd ref="10665491201"/>
  <tag k="building:levels" v="15"/>
  <tag k="building:part" v="yes"/>
 </way>
 <way id="355681191" visible="true" version="1" changeset="32157704" timestamp="2015-06-23T10:14:44Z" user="Nesim" uid="1386706">
  <nd ref="3612498241"/>
  <nd ref="3612498242"/>
  <nd ref="3612498243"/>
  <nd ref="3612498244"/>
  <nd ref="3612498241"/>
  <tag k="building" v="yes"/>
 </way>
 <way id="355681193" visible="true" version="1" changeset="32157704" timestamp="2015-06-23T10:14:45Z" user="Nesim" uid="1386706">
  <nd ref="3612498249"/>
  <nd ref="3612498250"/>
  <nd ref="3612498251"/>
  <nd ref="3612498252"/>
  <nd ref="3612498253"/>
  <nd ref="3612498254"/>
  <nd ref="3612498255"/>
  <nd ref="3612498256"/>
  <nd ref="3612498249"/>
  <tag k="building" v="yes"/>
 </way>
 <way id="355681194" visible="true" version="1" changeset="32157704" timestamp="2015-06-23T10:14:45Z" user="Nesim" uid="1386706">
  <nd ref="3612498257"/>
  <nd ref="3612498258"/>
  <nd ref="3612498259"/>
  <nd ref="3612498260"/>
  <nd ref="3612498261"/>
  <nd ref="3612498262"/>
  <nd ref="3612498263"/>
  <nd ref="3612498264"/>
  <nd ref="3612498265"/>
  <nd ref="3612498266"/>
  <nd ref="3612498267"/>
  <nd ref="3612498268"/>
  <nd ref="3612498257"/>
  <tag k="building" v="yes"/>
  <tag k="building:levels" v="8"/>
 </way>
 <way id="355681196" visible="true" version="1" changeset="32157704" timestamp="2015-06-23T10:14:45Z" user="Nesim" uid="1386706">
  <nd ref="3612498273"/>
  <nd ref="3612498274"/>
  <nd ref="3612498275"/>
  <nd ref="3612498276"/>
  <nd ref="3612498273"/>
  <tag k="building" v="yes"/>
 </way>
 <way id="355681197" visible="true" version="1" changeset="32157704" timestamp="2015-06-23T10:14:45Z" user="Nesim" uid="1386706">
  <nd ref="3612498277"/>
  <nd ref="3612498278"/>
  <nd ref="3612498279"/>
  <nd ref="3612498280"/>
  <nd ref="3612498277"/>
  <tag k="building" v="yes"/>
 </way>
 <way id="355699914" visible="true" version="1" changeset="32158664" timestamp="2015-06-23T11:05:00Z" user="Nesim" uid="1386706">
  <nd ref="3612602830"/>
  <nd ref="3612602831"/>
  <nd ref="3612602832"/>
  <nd ref="3612602833"/>
  <nd ref="3612602834"/>
  <nd ref="3612602835"/>
  <nd ref="3612602836"/>
  <nd ref="3612602837"/>
  <nd ref="3612602838"/>
  <nd ref="3612602839"/>
  <nd ref="3612602840"/>
  <nd ref="3612602841"/>
  <nd ref="3612602842"/>
  <nd ref="3612602843"/>
  <nd ref="3612602844"/>
  <nd ref="3612602845"/>
  <nd ref="3612602846"/>
  <nd ref="3612602847"/>
  <nd ref="3612602848"/>
  <nd ref="3612602849"/>
  <nd ref="3612602830"/>
  <tag k="building" v="school"/>
 </way>
 <way id="355699932" visible="true" version="1" changeset="32158664" timestamp="2015-06-23T11:05:01Z" user="Nesim" uid="1386706">
  <nd ref="3612621102"/>
  <nd ref="3612621103"/>
  <nd ref="3612621104"/>
  <nd ref="3612621105"/>
  <nd ref="3612621102"/>
  <tag k="building" v="yes"/>
 </way>
 <way id="355885344" visible="true" version="1" changeset="32175234" timestamp="2015-06-24T05:54:47Z" user="Nesim" uid="1386706">
  <nd ref="3614240301"/>
  <nd ref="3614240302"/>
  <nd ref="3614240303"/>
  <nd ref="3614240304"/>
  <nd ref="3614240301"/>
  <tag k="building" v="yes"/>
 </way>
 <way id="355885345" visible="true" version="1" changeset="32175234" timestamp="2015-06-24T05:54:47Z" user="Nesim" uid="1386706">
  <nd ref="3614240305"/>
  <nd ref="3614240306"/>
  <nd ref="3614240307"/>
  <nd ref="3614240308"/>
  <nd ref="3614240305"/>
  <tag k="building" v="yes"/>
 </way>
 <way id="355885347" visible="true" version="1" changeset="32175234" timestamp="2015-06-24T05:54:47Z" user="Nesim" uid="1386706">
  <nd ref="3614240313"/>
  <nd ref="3614240314"/>
  <nd ref="3614240315"/>
  <nd ref="3614240316"/>
  <nd ref="3614240313"/>
  <tag k="building" v="yes"/>
 </way>
 <way id="355885348" visible="true" version="1" changeset="32175234" timestamp="2015-06-24T05:54:47Z" user="Nesim" uid="1386706">
  <nd ref="3614240317"/>
  <nd ref="3614240318"/>
  <nd ref="3614240319"/>
  <nd ref="3614240320"/>
  <nd ref="3614240317"/>
  <tag k="building" v="yes"/>
 </way>
 <way id="355885349" visible="true" version="1" changeset="32175234" timestamp="2015-06-24T05:54:47Z" user="Nesim" uid="1386706">
  <nd ref="3614240321"/>
  <nd ref="3614240322"/>
  <nd ref="3614240323"/>
  <nd ref="3614240324"/>
  <nd ref="3614240321"/>
  <tag k="building" v="yes"/>
 </way>
 <way id="355885350" visible="true" version="1" changeset="32175234" timestamp="2015-06-24T05:54:47Z" user="Nesim" uid="1386706">
  <nd ref="3614240325"/>
  <nd ref="3614240326"/>
  <nd ref="3614240327"/>
  <nd ref="3614240328"/>
  <nd ref="3614240325"/>
  <tag k="building" v="yes"/>
 </way>
 <way id="355885351" visible="true" version="1" changeset="32175234" timestamp="2015-06-24T05:54:47Z" user="Nesim" uid="1386706">
  <nd ref="3614240329"/>
  <nd ref="3614240330"/>
  <nd ref="3614240331"/>
  <nd ref="3614240332"/>
  <nd ref="3614240329"/>
  <tag k="building" v="yes"/>
 </way>
 <way id="355885352" visible="true" version="1" changeset="32175234" timestamp="2015-06-24T05:54:47Z" user="Nesim" uid="1386706">
  <nd ref="3614240333"/>
  <nd ref="3614240334"/>
  <nd ref="3614240335"/>
  <nd ref="3614240336"/>
  <nd ref="3614240333"/>
  <tag k="building" v="yes"/>
 </way>
 <way id="355885353" visible="true" version="1" changeset="32175234" timestamp="2015-06-24T05:54:47Z" user="Nesim" uid="1386706">
  <nd ref="3614240337"/>
  <nd ref="3614240338"/>
  <nd ref="3614240339"/>
  <nd ref="3614240343"/>
  <nd ref="3614240340"/>
  <nd ref="3614240341"/>
  <nd ref="3614240342"/>
  <nd ref="3614240337"/>
  <tag k="building" v="yes"/>
 </way>
 <way id="356185427" visible="true" version="1" changeset="32197869" timestamp="2015-06-25T06:19:39Z" user="Nesim" uid="1386706">
  <nd ref="3616844126"/>
  <nd ref="3616844127"/>
  <nd ref="3616844128"/>
  <nd ref="3616844129"/>
  <nd ref="3616844126"/>
  <tag k="building" v="yes"/>
 </way>
 <way id="356185428" visible="true" version="1" changeset="32197869" timestamp="2015-06-25T06:19:39Z" user="Nesim" uid="1386706">
  <nd ref="3616844130"/>
  <nd ref="3616844131"/>
  <nd ref="3616844132"/>
  <nd ref="3616844133"/>
  <nd ref="3616844134"/>
  <nd ref="3616844135"/>
  <nd ref="3616844136"/>
  <nd ref="3616844137"/>
  <nd ref="3616844130"/>
  <tag k="building" v="yes"/>
 </way>
 <way id="356185429" visible="true" version="1" changeset="32197869" timestamp="2015-06-25T06:19:39Z" user="Nesim" uid="1386706">
  <nd ref="3616844138"/>
  <nd ref="3616844139"/>
  <nd ref="3616844140"/>
  <nd ref="3616844141"/>
  <nd ref="3616844138"/>
  <tag k="building" v="yes"/>
 </way>
 <way id="356185430" visible="true" version="1" changeset="32197869" timestamp="2015-06-25T06:19:39Z" user="Nesim" uid="1386706">
  <nd ref="3616844142"/>
  <nd ref="3616844143"/>
  <nd ref="3616844144"/>
  <nd ref="3616844145"/>
  <nd ref="3616844142"/>
  <tag k="building" v="yes"/>
 </way>
 <way id="356185431" visible="true" version="2" changeset="133451417" timestamp="2023-03-08T18:24:53Z" user="rab" uid="36894">
  <nd ref="3616844146"/>
  <nd ref="3616844147"/>
  <nd ref="3616844148"/>
  <nd ref="3616844149"/>
  <nd ref="3616844150"/>
  <nd ref="3616844151"/>
  <nd ref="3616844152"/>
  <nd ref="3616844153"/>
  <nd ref="3616844146"/>
  <tag k="building:levels" v="10"/>
  <tag k="building:part" v="yes"/>
 </way>
 <way id="356185432" visible="true" version="2" changeset="133451417" timestamp="2023-03-08T18:24:53Z" user="rab" uid="36894">
  <nd ref="3616844154"/>
  <nd ref="10721980323"/>
  <nd ref="10721980325"/>
  <nd ref="3616844158"/>
  <nd ref="3616844157"/>
  <nd ref="3616844159"/>
  <nd ref="3616844160"/>
  <nd ref="3616844161"/>
  <nd ref="3616844154"/>
  <tag k="building:levels" v="10"/>
  <tag k="building:part" v="yes"/>
 </way>
 <way id="356185433" visible="true" version="2" changeset="133451417" timestamp="2023-03-08T18:24:53Z" user="rab" uid="36894">
  <nd ref="10721980346"/>
  <nd ref="10721980345"/>
  <nd ref="10721980347"/>
  <nd ref="3616844165"/>
  <nd ref="3616844166"/>
  <nd ref="3616844167"/>
  <nd ref="3616844168"/>
  <nd ref="3616844169"/>
  <nd ref="10721980346"/>
  <tag k="building:levels" v="10"/>
  <tag k="building:part" v="yes"/>
 </way>
 <way id="357190663" visible="true" version="8" changeset="179308056" timestamp="2026-03-03T15:33:24Z" user="OliveraM" uid="20382961">
  <nd ref="3556085580"/>
  <nd ref="3556085579"/>
  <nd ref="10654458962"/>
  <nd ref="364615356"/>
  <nd ref="13614806272"/>
  <nd ref="364615354"/>
  <nd ref="2093466439"/>
  <nd ref="364615353"/>
  <nd ref="2207876141"/>
  <nd ref="2207807702"/>
  <nd ref="2207807703"/>
  <nd ref="2093466449"/>
  <nd ref="364615357"/>
  <nd ref="2133032026"/>
  <nd ref="2133032028"/>
  <nd ref="679755692"/>
  <nd ref="2207774181"/>
  <nd ref="2133032030"/>
  <nd ref="10707760837"/>
  <nd ref="2133032029"/>
  <nd ref="2207774180"/>
  <nd ref="2207849244"/>
  <nd ref="251144076"/>
  <tag k="highway" v="tertiary"/>
  <tag k="name" v="Kamil Ocak Caddesi"/>
  <tag k="oneway" v="yes"/>
 </way>
 <way id="360837053" visible="true" version="2" changeset="133269749" timestamp="2023-03-03T20:43:58Z" user="karitotp" uid="2748195">
  <nd ref="3653956481"/>
  <nd ref="3653956482"/>
  <nd ref="3653956483"/>
  <nd ref="3653956484"/>
  <nd ref="10707785032"/>
  <nd ref="10707785024"/>
  <nd ref="10707785025"/>
  <nd ref="10707785026"/>
  <nd ref="10707785027"/>
  <nd ref="10707785028"/>
  <nd ref="10707785029"/>
  <nd ref="10707785030"/>
  <nd ref="10707785031"/>
  <nd ref="3653956485"/>
  <nd ref="3653956481"/>
  <tag k="building" v="commercial"/>
  <tag k="name" v="Buhara İş Merkezi"/>
 </way>
 <way id="363257400" visible="true" version="2" changeset="72297508" timestamp="2019-07-16T10:23:02Z" user="Basamak Bilişim" uid="10157485">
  <nd ref="3674395831"/>
  <nd ref="3674395832"/>
  <nd ref="3674395833"/>
  <nd ref="3674395834"/>
  <nd ref="3674395831"/>
  <tag k="building" v="commercial"/>
  <tag k="building:levels" v="7"/>
  <tag k="height" v="50"/>
  <tag k="name" v="Basamak Bilişim"/>
  <tag k="smoking" v="no"/>
 </way>
 <way id="363257401" visible="true" version="1" changeset="32998935" timestamp="2015-07-31T06:19:32Z" user="Nesim" uid="1386706">
  <nd ref="3674395835"/>
  <nd ref="3674395836"/>
  <nd ref="3674395837"/>
  <nd ref="3674395838"/>
  <nd ref="3674395835"/>
  <tag k="building" v="yes"/>
 </way>
 <way id="363257402" visible="true" version="3" changeset="132510668" timestamp="2023-02-13T21:49:47Z" user="karitotp" uid="2748195">
  <nd ref="3674395839"/>
  <nd ref="3674395840"/>
  <nd ref="10650939975"/>
  <nd ref="10650939976"/>
  <nd ref="10650939973"/>
  <nd ref="3674395842"/>
  <nd ref="3674395839"/>
  <tag k="building" v="yes"/>
 </way>
 <way id="363257403" visible="true" version="1" changeset="32998935" timestamp="2015-07-31T06:19:33Z" user="Nesim" uid="1386706">
  <nd ref="3674395843"/>
  <nd ref="3674395844"/>
  <nd ref="3674395845"/>
  <nd ref="3674395846"/>
  <nd ref="3674395843"/>
  <tag k="building" v="yes"/>
 </way>
 <way id="363257404" visible="true" version="1" changeset="32998935" timestamp="2015-07-31T06:19:33Z" user="Nesim" uid="1386706">
  <nd ref="3674395847"/>
  <nd ref="3674395848"/>
  <nd ref="3674395849"/>
  <nd ref="3674395850"/>
  <nd ref="3674395847"/>
  <tag k="building" v="yes"/>
 </way>
 <way id="363257405" visible="true" version="2" changeset="132510668" timestamp="2023-02-13T21:49:47Z" user="karitotp" uid="2748195">
  <nd ref="3674395851"/>
  <nd ref="3674395852"/>
  <nd ref="10656310307"/>
  <nd ref="3674395853"/>
  <nd ref="3674395854"/>
  <nd ref="3674395851"/>
  <tag k="building" v="yes"/>
 </way>
 <way id="363257406" visible="true" version="1" changeset="32998935" timestamp="2015-07-31T06:19:33Z" user="Nesim" uid="1386706">
  <nd ref="3674395855"/>
  <nd ref="3674395856"/>
  <nd ref="3674395857"/>
  <nd ref="3674395858"/>
  <nd ref="3674395855"/>
  <tag k="building" v="yes"/>
 </way>
 <way id="363257407" visible="true" version="1" changeset="32998935" timestamp="2015-07-31T06:19:33Z" user="Nesim" uid="1386706">
  <nd ref="3674395859"/>
  <nd ref="3674395860"/>
  <nd ref="3674395861"/>
  <nd ref="3674395862"/>
  <nd ref="3674395863"/>
  <nd ref="3674395859"/>
  <tag k="building" v="yes"/>
 </way>
 <way id="363257408" visible="true" version="1" changeset="32998935" timestamp="2015-07-31T06:19:33Z" user="Nesim" uid="1386706">
  <nd ref="3674395864"/>
  <nd ref="3674395865"/>
  <nd ref="3674395866"/>
  <nd ref="3674395867"/>
  <nd ref="3674395864"/>
  <tag k="building" v="yes"/>
 </way>
 <way id="363257409" visible="true" version="1" changeset="32998935" timestamp="2015-07-31T06:19:33Z" user="Nesim" uid="1386706">
  <nd ref="3674395868"/>
  <nd ref="3674395869"/>
  <nd ref="3674395870"/>
  <nd ref="3674395871"/>
  <nd ref="3674395868"/>
  <tag k="building" v="yes"/>
 </way>
 <way id="368977934" visible="true" version="1" changeset="33779421" timestamp="2015-09-03T18:24:06Z" user="Nesim" uid="1386706">
  <nd ref="3728159338"/>
  <nd ref="3728159339"/>
  <nd ref="3728159340"/>
  <nd ref="3728159341"/>
  <nd ref="3728159338"/>
  <tag k="building" v="yes"/>
 </way>
 <way id="368977936" visible="true" version="1" changeset="33779421" timestamp="2015-09-03T18:24:06Z" user="Nesim" uid="1386706">
  <nd ref="3728159342"/>
  <nd ref="3728159343"/>
  <nd ref="3728159344"/>
  <nd ref="3728159345"/>
  <nd ref="3728159342"/>
  <tag k="building" v="yes"/>
 </way>
 <way id="368977937" visible="true" version="1" changeset="33779421" timestamp="2015-09-03T18:24:06Z" user="Nesim" uid="1386706">
  <nd ref="3728159346"/>
  <nd ref="3728159347"/>
  <nd ref="3728159348"/>
  <nd ref="3728159349"/>
  <nd ref="3728159346"/>
  <tag k="building" v="yes"/>
 </way>
 <way id="368977939" visible="true" version="3" changeset="132510668" timestamp="2023-02-13T21:49:47Z" user="karitotp" uid="2748195">
  <nd ref="3728159350"/>
  <nd ref="3728159351"/>
  <nd ref="3728159352"/>
  <nd ref="10643701513"/>
  <nd ref="10656263073"/>
  <nd ref="3728159353"/>
  <nd ref="3728159350"/>
  <tag k="building" v="yes"/>
 </way>
 <way id="430209078" visible="true" version="1" changeset="40633975" timestamp="2016-07-10T16:46:42Z" user="jundir" uid="1226028">
  <nd ref="4294809947"/>
  <nd ref="4294809946"/>
  <nd ref="4294809941"/>
  <nd ref="4294809939"/>
  <nd ref="4294809940"/>
  <nd ref="4294809943"/>
  <nd ref="4294809945"/>
  <nd ref="4294809942"/>
  <nd ref="4294809944"/>
  <nd ref="4294809947"/>
  <tag k="building" v="yes"/>
 </way>
 <way id="448792523" visible="true" version="2" changeset="132430348" timestamp="2023-02-12T04:25:52Z" user="DTAChow" uid="18439656">
  <nd ref="4457699618"/>
  <nd ref="10650900873"/>
  <nd ref="10650900872"/>
  <nd ref="4457699619"/>
  <nd ref="4457699620"/>
  <nd ref="10650900874"/>
  <nd ref="4457699621"/>
  <nd ref="4457699622"/>
  <nd ref="4457699623"/>
  <nd ref="4457699618"/>
  <tag k="building" v="yes"/>
 </way>
 <way id="448792524" visible="true" version="2" changeset="132430348" timestamp="2023-02-12T04:25:52Z" user="DTAChow" uid="18439656">
  <nd ref="4457699619"/>
  <nd ref="10650900875"/>
  <nd ref="10650900876"/>
  <nd ref="4457699624"/>
  <nd ref="4457699637"/>
  <nd ref="4457699636"/>
  <nd ref="4457699625"/>
  <nd ref="4457699626"/>
  <nd ref="4457699620"/>
  <nd ref="4457699619"/>
  <tag k="building" v="yes"/>
 </way>
 <way id="448792525" visible="true" version="3" changeset="132459317" timestamp="2023-02-12T19:08:32Z" user="mappinglander" uid="11978982">
  <nd ref="4457699627"/>
  <nd ref="10650900877"/>
  <nd ref="10650900878"/>
  <nd ref="4457699628"/>
  <nd ref="4457699629"/>
  <nd ref="10650900879"/>
  <nd ref="4457699630"/>
  <nd ref="4457699632"/>
  <nd ref="4457699633"/>
  <nd ref="4457699634"/>
  <nd ref="4457699638"/>
  <nd ref="4457699635"/>
  <nd ref="4457699636"/>
  <nd ref="4457699637"/>
  <nd ref="4457699624"/>
  <nd ref="4457699627"/>
  <tag k="building" v="yes"/>
 </way>
 <way id="610223176" visible="true" version="1" changeset="60987057" timestamp="2018-07-23T13:17:12Z" user="Nesim" uid="1386706">
  <nd ref="5779297100"/>
  <nd ref="5779297101"/>
  <nd ref="5779297102"/>
  <nd ref="5779297103"/>
  <nd ref="5779297100"/>
  <tag k="building" v="yes"/>
 </way>
 <way id="610223177" visible="true" version="1" changeset="60987057" timestamp="2018-07-23T13:17:12Z" user="Nesim" uid="1386706">
  <nd ref="5779297104"/>
  <nd ref="5779297105"/>
  <nd ref="5779297106"/>
  <nd ref="5779297107"/>
  <nd ref="5779297104"/>
  <tag k="building" v="yes"/>
 </way>
 <way id="1138559270" visible="true" version="2" changeset="132430567" timestamp="2023-02-12T04:44:59Z" user="DTAChow" uid="18439656">
  <nd ref="10613293477"/>
  <nd ref="10613293478"/>
  <nd ref="10613293479"/>
  <nd ref="10650880769"/>
  <nd ref="10613293480"/>
  <nd ref="10613293481"/>
  <nd ref="10613293482"/>
  <nd ref="10613293477"/>
  <tag k="building" v="yes"/>
 </way>
 <way id="1138559364" visible="true" version="2" changeset="132430348" timestamp="2023-02-12T04:25:52Z" user="DTAChow" uid="18439656">
  <nd ref="10613277114"/>
  <nd ref="10613277115"/>
  <nd ref="10613277116"/>
  <nd ref="10613277117"/>
  <nd ref="10613277118"/>
  <nd ref="10613277120"/>
  <nd ref="10613277121"/>
  <nd ref="10613277114"/>
  <tag k="building" v="yes"/>
 </way>
 <way id="1138559401" visible="true" version="4" changeset="148828874" timestamp="2024-03-18T18:02:58Z" user="Ygmr01" uid="20742614">
  <nd ref="10613274836"/>
  <nd ref="10613274837"/>
  <nd ref="10613274838"/>
  <nd ref="10613274839"/>
  <nd ref="11741814463"/>
  <nd ref="10613274836"/>
  <tag k="building" v="yes"/>
 </way>
 <way id="1138568072" visible="true" version="1" changeset="132186407" timestamp="2023-02-07T04:33:35Z" user="yunita sari" uid="2112246">
  <nd ref="10613366708"/>
  <nd ref="10613366705"/>
  <nd ref="10613366706"/>
  <nd ref="10613366707"/>
  <nd ref="10613366708"/>
  <tag k="building" v="yes"/>
 </way>
 <way id="1138568073" visible="true" version="1" changeset="132186407" timestamp="2023-02-07T04:33:35Z" user="yunita sari" uid="2112246">
  <nd ref="10613366712"/>
  <nd ref="10613366711"/>
  <nd ref="10613366710"/>
  <nd ref="10613366709"/>
  <nd ref="10613366712"/>
  <tag k="building" v="yes"/>
 </way>
 <way id="1138568074" visible="true" version="1" changeset="132186407" timestamp="2023-02-07T04:33:35Z" user="yunita sari" uid="2112246">
  <nd ref="10613366716"/>
  <nd ref="10613366715"/>
  <nd ref="10613366714"/>
  <nd ref="10613366713"/>
  <nd ref="10613366716"/>
  <tag k="building" v="yes"/>
 </way>
 <way id="1138568075" visible="true" version="1" changeset="132186407" timestamp="2023-02-07T04:33:35Z" user="yunita sari" uid="2112246">
  <nd ref="10613366720"/>
  <nd ref="10613366719"/>
  <nd ref="10613366718"/>
  <nd ref="10613366717"/>
  <nd ref="10613366720"/>
  <tag k="building" v="yes"/>
 </way>
 <way id="1139003302" visible="true" version="3" changeset="133551049" timestamp="2023-03-11T12:11:39Z" user="rab" uid="36894">
  <nd ref="10727506386"/>
  <nd ref="10727506392"/>
  <nd ref="10727522213"/>
  <nd ref="10727506390"/>
  <nd ref="10727506389"/>
  <nd ref="10727506393"/>
  <nd ref="10727506387"/>
  <nd ref="10727506388"/>
  <nd ref="10727522205"/>
  <nd ref="10727506386"/>
  <tag k="building" v="yes"/>
  <tag k="building:levels" v="1"/>
 </way>
 <way id="1139003303" visible="true" version="3" changeset="133551049" timestamp="2023-03-11T12:11:39Z" user="rab" uid="36894">
  <nd ref="10727506389"/>
  <nd ref="10727522211"/>
  <nd ref="10727506391"/>
  <nd ref="10727522210"/>
  <nd ref="10727506397"/>
  <nd ref="10727506383"/>
  <nd ref="10727506388"/>
  <nd ref="10727506387"/>
  <nd ref="10727506393"/>
  <nd ref="10727506389"/>
  <tag k="building" v="yes"/>
  <tag k="building:levels" v="1"/>
 </way>
 <way id="1139003304" visible="true" version="5" changeset="133551049" timestamp="2023-03-11T12:11:39Z" user="rab" uid="36894">
  <nd ref="10727506391"/>
  <nd ref="10727522208"/>
  <nd ref="10727506402"/>
  <nd ref="10727506400"/>
  <nd ref="10727506404"/>
  <nd ref="10727522207"/>
  <nd ref="10727506403"/>
  <nd ref="10727506401"/>
  <nd ref="10727506384"/>
  <nd ref="10727522206"/>
  <nd ref="10727506398"/>
  <nd ref="10727506399"/>
  <nd ref="10727506394"/>
  <nd ref="10727506383"/>
  <nd ref="10727506397"/>
  <nd ref="10727522210"/>
  <nd ref="10727506391"/>
  <tag k="building" v="yes"/>
  <tag k="building:levels" v="1"/>
 </way>
 <way id="1139003312" visible="true" version="1" changeset="132223672" timestamp="2023-02-07T20:16:41Z" user="rarad74" uid="128281">
  <nd ref="10616568698"/>
  <nd ref="10616568699"/>
  <nd ref="10616568697"/>
  <tag k="highway" v="residential"/>
 </way>
 <way id="1139003314" visible="true" version="1" changeset="132223672" timestamp="2023-02-07T20:16:41Z" user="rarad74" uid="128281">
  <nd ref="10616568700"/>
  <nd ref="10616568701"/>
  <tag k="highway" v="service"/>
  <tag k="service" v="alley"/>
 </way>
 <way id="1139003315" visible="true" version="2" changeset="132430704" timestamp="2023-02-12T04:54:35Z" user="DTAChow" uid="18439656">
  <nd ref="10616568702"/>
  <nd ref="10616568703"/>
  <nd ref="10616568704"/>
  <nd ref="10616584005"/>
  <nd ref="10616584006"/>
  <nd ref="10616584007"/>
  <nd ref="10616584008"/>
  <nd ref="10616584009"/>
  <nd ref="10616584010"/>
  <nd ref="10616584011"/>
  <nd ref="10616584012"/>
  <nd ref="10616584013"/>
  <nd ref="10616584014"/>
  <nd ref="10616584015"/>
  <nd ref="10616584016"/>
  <nd ref="10650973313"/>
  <nd ref="10616584017"/>
  <nd ref="10616584018"/>
  <nd ref="10616584019"/>
  <nd ref="10616584020"/>
  <nd ref="10650973312"/>
  <nd ref="10650973311"/>
  <nd ref="10616584021"/>
  <nd ref="10616584023"/>
  <nd ref="10616584024"/>
  <nd ref="10616584025"/>
  <nd ref="10616584026"/>
  <nd ref="10616584027"/>
  <nd ref="10650973310"/>
  <nd ref="10650973309"/>
  <nd ref="10650973308"/>
  <nd ref="10616584028"/>
  <nd ref="10616568702"/>
  <tag k="building" v="yes"/>
 </way>
 <way id="1139003316" visible="true" version="1" changeset="132223672" timestamp="2023-02-07T20:16:41Z" user="rarad74" uid="128281">
  <nd ref="10616584030"/>
  <nd ref="10616584031"/>
  <nd ref="10616584032"/>
  <nd ref="10616584033"/>
  <nd ref="10616584034"/>
  <nd ref="10616584035"/>
  <nd ref="10616584036"/>
  <nd ref="10616584037"/>
  <nd ref="10616584030"/>
  <tag k="building" v="yes"/>
 </way>
 <way id="1139003317" visible="true" version="1" changeset="132223672" timestamp="2023-02-07T20:16:41Z" user="rarad74" uid="128281">
  <nd ref="10616584038"/>
  <nd ref="10616584039"/>
  <nd ref="10616584040"/>
  <nd ref="10616584041"/>
  <nd ref="10616584038"/>
  <tag k="building" v="yes"/>
 </way>
 <way id="1139003318" visible="true" version="2" changeset="132510668" timestamp="2023-02-13T21:49:47Z" user="karitotp" uid="2748195">
  <nd ref="10616584042"/>
  <nd ref="10616584043"/>
  <nd ref="10616584044"/>
  <nd ref="10616584045"/>
  <nd ref="10616584046"/>
  <nd ref="10616584047"/>
  <nd ref="10616584042"/>
  <tag k="building" v="yes"/>
 </way>
 <way id="1139003319" visible="true" version="2" changeset="133563255" timestamp="2023-03-11T18:12:32Z" user="rab" uid="36894">
  <nd ref="10616584050"/>
  <nd ref="10616584051"/>
  <nd ref="10616584052"/>
  <nd ref="10616584053"/>
  <nd ref="10616584054"/>
  <nd ref="10616584055"/>
  <nd ref="10616584056"/>
  <nd ref="10616584057"/>
  <nd ref="10616584050"/>
  <tag k="building:levels" v="12"/>
  <tag k="building:part" v="yes"/>
 </way>
 <way id="1139003320" visible="true" version="1" changeset="132223672" timestamp="2023-02-07T20:16:41Z" user="rarad74" uid="128281">
  <nd ref="10616584058"/>
  <nd ref="10616584059"/>
  <nd ref="10616584060"/>
  <nd ref="10616584061"/>
  <nd ref="10616584058"/>
  <tag k="building" v="yes"/>
 </way>
 <way id="1139003321" visible="true" version="1" changeset="132223672" timestamp="2023-02-07T20:16:41Z" user="rarad74" uid="128281">
  <nd ref="10616584062"/>
  <nd ref="10616584063"/>
  <nd ref="10616584064"/>
  <nd ref="10616584065"/>
  <nd ref="10616584066"/>
  <nd ref="10616584067"/>
  <nd ref="10616584068"/>
  <nd ref="10616584069"/>
  <nd ref="10616584070"/>
  <nd ref="10616584071"/>
  <nd ref="10616584062"/>
  <tag k="building" v="yes"/>
 </way>
 <way id="1139003322" visible="true" version="1" changeset="132223672" timestamp="2023-02-07T20:16:41Z" user="rarad74" uid="128281">
  <nd ref="10616584073"/>
  <nd ref="10616584074"/>
  <nd ref="10616584075"/>
  <nd ref="10616584076"/>
  <nd ref="10616584073"/>
  <tag k="building" v="yes"/>
 </way>
 <way id="1139003323" visible="true" version="1" changeset="132223672" timestamp="2023-02-07T20:16:41Z" user="rarad74" uid="128281">
  <nd ref="10616584077"/>
  <nd ref="10616584078"/>
  <nd ref="10616584079"/>
  <nd ref="10616584080"/>
  <nd ref="10616584077"/>
  <tag k="building" v="yes"/>
 </way>
 <way id="1139003324" visible="true" version="3" changeset="133563255" timestamp="2023-03-11T18:12:32Z" user="rab" uid="36894">
  <nd ref="10616584086"/>
  <nd ref="10616584082"/>
  <nd ref="10616584087"/>
  <nd ref="10616584083"/>
  <nd ref="10665491182"/>
  <nd ref="10616584084"/>
  <nd ref="10665491181"/>
  <nd ref="10665491180"/>
  <nd ref="10665491179"/>
  <nd ref="10665491178"/>
  <nd ref="10665491177"/>
  <nd ref="10665491176"/>
  <nd ref="10665491175"/>
  <nd ref="10665491174"/>
  <nd ref="10665491173"/>
  <nd ref="10665497313"/>
  <nd ref="10665497312"/>
  <nd ref="10665497311"/>
  <nd ref="10616584085"/>
  <nd ref="10665497310"/>
  <nd ref="10616584086"/>
 </way>
 <way id="1139003326" visible="true" version="2" changeset="133451417" timestamp="2023-03-08T18:24:53Z" user="rab" uid="36894">
  <nd ref="10721976256"/>
  <nd ref="10616584124"/>
  <nd ref="10616584123"/>
  <nd ref="10721980316"/>
  <nd ref="10721980315"/>
  <nd ref="10616584122"/>
  <nd ref="10616584121"/>
  <nd ref="10616584120"/>
  <nd ref="10616584119"/>
  <nd ref="10616584118"/>
  <nd ref="10616584117"/>
  <nd ref="10616584116"/>
  <nd ref="10721980317"/>
  <nd ref="10616584115"/>
  <nd ref="10616584114"/>
  <nd ref="10616584113"/>
  <nd ref="10616584112"/>
  <nd ref="10616584132"/>
  <nd ref="10616584131"/>
  <nd ref="10616584130"/>
  <nd ref="10616584129"/>
  <nd ref="10616584128"/>
  <nd ref="10616584127"/>
  <nd ref="10721976254"/>
  <nd ref="10616584126"/>
  <nd ref="10616584125"/>
  <nd ref="10721976256"/>
  <tag k="building:levels" v="12"/>
  <tag k="building:part" v="yes"/>
 </way>
 <way id="1143097492" visible="true" version="1" changeset="132365727" timestamp="2023-02-10T15:18:26Z" user="Graeme403" uid="17214137">
  <nd ref="10642137271"/>
  <nd ref="10642137272"/>
  <nd ref="10642137273"/>
  <nd ref="10642137274"/>
  <nd ref="10642137271"/>
  <tag k="building" v="yes"/>
  <tag k="source" v="microsoft/BuildingFootprints"/>
 </way>
 <way id="1143187192" visible="true" version="1" changeset="132369621" timestamp="2023-02-10T16:30:31Z" user="p@q" uid="18437655">
  <nd ref="10642785782"/>
  <nd ref="10642785783"/>
  <nd ref="10642785784"/>
  <nd ref="10642785785"/>
  <nd ref="10642785782"/>
  <tag k="building" v="residential"/>
 </way>
 <way id="1143187201" visible="true" version="1" changeset="132369621" timestamp="2023-02-10T16:30:31Z" user="p@q" uid="18437655">
  <nd ref="10642788327"/>
  <nd ref="10642788328"/>
  <nd ref="10642788329"/>
  <nd ref="10642788330"/>
  <nd ref="10642788327"/>
  <tag k="building" v="residential"/>
 </way>
 <way id="1143187207" visible="true" version="1" changeset="132369621" timestamp="2023-02-10T16:30:31Z" user="p@q" uid="18437655">
  <nd ref="10642788356"/>
  <nd ref="10642788357"/>
  <nd ref="10642788358"/>
  <nd ref="10642788359"/>
  <nd ref="10642788356"/>
  <tag k="building" v="residential"/>
 </way>
 <way id="1143194173" visible="true" version="2" changeset="133451417" timestamp="2023-03-08T18:24:53Z" user="rab" uid="36894">
  <nd ref="10642826057"/>
  <nd ref="10642826047"/>
  <nd ref="10642826043"/>
  <nd ref="10642826034"/>
  <nd ref="10642826032"/>
  <nd ref="10642826057"/>
  <tag k="building" v="yes"/>
  <tag k="building:levels" v="3"/>
  <tag k="source" v="microsoft/BuildingFootprints"/>
 </way>
 <way id="1143286947" visible="true" version="2" changeset="132510668" timestamp="2023-02-13T21:49:47Z" user="karitotp" uid="2748195">
  <nd ref="10643701514"/>
  <nd ref="10643701515"/>
  <nd ref="3595947623"/>
  <nd ref="10656263103"/>
  <nd ref="10643701516"/>
  <nd ref="10643701517"/>
  <nd ref="10643701514"/>
  <tag k="building" v="yes"/>
  <tag k="layer" v="1"/>
 </way>
 <way id="1143286948" visible="true" version="2" changeset="132510668" timestamp="2023-02-13T21:49:47Z" user="karitotp" uid="2748195">
  <nd ref="10643701518"/>
  <nd ref="10643701519"/>
  <nd ref="10643701520"/>
  <nd ref="10656263074"/>
  <nd ref="10643701521"/>
  <nd ref="10643701522"/>
  <nd ref="10643701523"/>
  <nd ref="10643701524"/>
  <nd ref="10643701525"/>
  <nd ref="10643701526"/>
  <nd ref="10643701527"/>
  <nd ref="10643701528"/>
  <nd ref="10643701518"/>
  <tag k="building" v="yes"/>
 </way>
 <way id="1143839032" visible="true" version="3" changeset="148827017" timestamp="2024-03-18T17:18:06Z" user="Ygmr01" uid="20742614">
  <nd ref="10648114370"/>
  <nd ref="10650900882"/>
  <nd ref="10650900881"/>
  <nd ref="10650900883"/>
  <nd ref="10648114371"/>
  <nd ref="11741814452"/>
  <nd ref="10648114372"/>
  <nd ref="10650900884"/>
  <nd ref="10648114373"/>
  <nd ref="10648114370"/>
  <tag k="building" v="yes"/>
 </way>
 <way id="1144460255" visible="true" version="1" changeset="132459317" timestamp="2023-02-12T19:08:32Z" user="mappinglander" uid="11978982">
  <nd ref="10652506688"/>
  <nd ref="10652506686"/>
  <nd ref="10652506685"/>
  <nd ref="10652506687"/>
  <nd ref="10652506684"/>
  <nd ref="10652506683"/>
  <nd ref="10652506701"/>
  <tag k="highway" v="secondary_link"/>
  <tag k="oneway" v="yes"/>
 </way>
 <way id="1144460257" visible="true" version="3" changeset="179396712" timestamp="2026-03-05T13:26:32Z" user="OliveraM" uid="20382961">
  <nd ref="913576762"/>
  <nd ref="10654458871"/>
  <nd ref="10652506689"/>
  <nd ref="294172773"/>
  <nd ref="10652506700"/>
  <nd ref="10652506701"/>
  <nd ref="10652506702"/>
  <nd ref="10652506681"/>
  <nd ref="10652506703"/>
  <nd ref="10652506704"/>
  <nd ref="13620218644"/>
  <nd ref="10652592605"/>
  <tag k="highway" v="secondary"/>
  <tag k="oneway" v="yes"/>
 </way>
 <way id="1144460258" visible="true" version="1" changeset="132459317" timestamp="2023-02-12T19:08:32Z" user="mappinglander" uid="11978982">
  <nd ref="10616568625"/>
  <nd ref="10652592608"/>
  <nd ref="10652592609"/>
  <nd ref="10652592607"/>
  <nd ref="10652592606"/>
  <nd ref="10616568623"/>
  <tag k="highway" v="secondary_link"/>
  <tag k="oneway" v="yes"/>
 </way>
 <way id="1144460260" visible="true" version="1" changeset="132459317" timestamp="2023-02-12T19:08:32Z" user="mappinglander" uid="11978982">
  <nd ref="10652592605"/>
  <nd ref="10652592614"/>
  <nd ref="10652592615"/>
  <tag k="highway" v="secondary"/>
  <tag k="oneway" v="yes"/>
 </way>
 <way id="1144460263" visible="true" version="1" changeset="132459317" timestamp="2023-02-12T19:08:32Z" user="mappinglander" uid="11978982">
  <nd ref="599901032"/>
  <nd ref="294172779"/>
  <nd ref="10652592605"/>
  <tag k="highway" v="secondary"/>
  <tag k="oneway" v="yes"/>
 </way>
 <way id="1144681169" visible="true" version="4" changeset="180465105" timestamp="2026-03-26T17:15:25Z" user="de24000" uid="617093">
  <nd ref="10654458964"/>
  <nd ref="13662103037"/>
  <nd ref="13662103040"/>
  <nd ref="10654458962"/>
  <nd ref="10654458960"/>
  <nd ref="10654458959"/>
  <nd ref="10654458958"/>
  <nd ref="10654458845"/>
  <nd ref="10654458957"/>
  <nd ref="10654458844"/>
  <nd ref="10654458956"/>
  <nd ref="10654458955"/>
  <nd ref="10654458954"/>
  <nd ref="10654458953"/>
  <nd ref="10654458951"/>
  <nd ref="10654458950"/>
  <nd ref="10654458871"/>
  <nd ref="10654458870"/>
  <nd ref="10654458949"/>
  <nd ref="10654458945"/>
  <nd ref="10654458944"/>
  <nd ref="10654458872"/>
  <nd ref="10654458943"/>
  <nd ref="10654459014"/>
  <nd ref="10654458942"/>
  <nd ref="10654458941"/>
  <nd ref="10654458940"/>
  <nd ref="10654458939"/>
  <nd ref="10654458938"/>
  <nd ref="10654458937"/>
  <nd ref="10654458936"/>
  <nd ref="10654458933"/>
  <nd ref="10654458932"/>
  <nd ref="10654458931"/>
  <nd ref="10654458873"/>
  <nd ref="10654458874"/>
  <nd ref="10654458930"/>
  <nd ref="10654458929"/>
  <nd ref="10654458928"/>
  <nd ref="10654458927"/>
  <nd ref="10654458926"/>
  <nd ref="10654458925"/>
  <nd ref="10654458924"/>
  <nd ref="10654458923"/>
  <nd ref="10654458922"/>
  <nd ref="10654458918"/>
  <nd ref="10654458868"/>
  <nd ref="10654458867"/>
  <nd ref="10654458817"/>
  <nd ref="10654458914"/>
  <nd ref="10654458913"/>
  <nd ref="10654458912"/>
  <nd ref="10654458911"/>
  <nd ref="10654458910"/>
  <nd ref="10654458909"/>
  <nd ref="10654458908"/>
  <nd ref="10654458907"/>
  <nd ref="10654458906"/>
  <nd ref="10654458905"/>
  <nd ref="10654458904"/>
  <nd ref="10654458903"/>
  <nd ref="10654458902"/>
  <nd ref="10654458843"/>
  <nd ref="10654458842"/>
  <nd ref="10654458901"/>
  <nd ref="10654458900"/>
  <nd ref="10654458899"/>
  <nd ref="13675145146"/>
  <nd ref="10654458898"/>
  <nd ref="10654458897"/>
  <nd ref="10654458896"/>
  <nd ref="10654458895"/>
  <nd ref="10654458894"/>
  <nd ref="10654458893"/>
  <nd ref="10654458892"/>
  <nd ref="10654458891"/>
  <nd ref="10654458890"/>
  <nd ref="10654458889"/>
  <nd ref="10654458888"/>
  <nd ref="10654458887"/>
  <nd ref="10654458886"/>
  <nd ref="10654458885"/>
  <nd ref="10654458884"/>
  <nd ref="10654458883"/>
  <nd ref="10654458881"/>
  <nd ref="10654458880"/>
  <nd ref="10654458879"/>
  <nd ref="10654458818"/>
  <nd ref="10654458878"/>
  <nd ref="10654458877"/>
  <nd ref="10654458876"/>
  <nd ref="10654458875"/>
  <tag k="electrified" v="contact_line"/>
  <tag k="frequency" v="0"/>
  <tag k="gauge" v="1435"/>
  <tag k="name" v="Tramvay Hattı"/>
  <tag k="railway" v="tram"/>
  <tag k="railway:bidirectional" v="possible"/>
  <tag k="railway:preferred_direction" v="forward"/>
  <tag k="source" v="Bing"/>
  <tag k="usage" v="main"/>
  <tag k="voltage" v="750"/>
 </way>
 <way id="1144681174" visible="true" version="2" changeset="133847498" timestamp="2023-03-19T07:49:42Z" user="hmdgms" uid="13819895">
  <nd ref="10654459011"/>
  <nd ref="10654459008"/>
  <nd ref="10654459007"/>
  <nd ref="10654459006"/>
  <nd ref="10654459005"/>
  <nd ref="10744699734"/>
  <nd ref="10654459010"/>
  <nd ref="10654459004"/>
  <nd ref="10654459003"/>
  <nd ref="10654459009"/>
  <tag k="highway" v="secondary"/>
  <tag k="oneway" v="yes"/>
 </way>
 <way id="1144681175" visible="true" version="1" changeset="132486950" timestamp="2023-02-13T12:02:57Z" user="mappinglander" uid="11978982">
  <nd ref="10654459021"/>
  <nd ref="10654459016"/>
  <nd ref="10654459015"/>
  <nd ref="10654459017"/>
  <nd ref="10654459001"/>
  <nd ref="10654459014"/>
  <nd ref="10654459013"/>
  <nd ref="2133032008"/>
  <nd ref="10654459002"/>
  <nd ref="10654459012"/>
  <tag k="highway" v="secondary"/>
  <tag k="oneway" v="yes"/>
 </way>
 <way id="1144958276" visible="true" version="1" changeset="132510668" timestamp="2023-02-13T21:49:47Z" user="karitotp" uid="2748195">
  <nd ref="10656263102"/>
  <nd ref="10656263099"/>
  <nd ref="10656263100"/>
  <nd ref="10656263101"/>
  <nd ref="10656263102"/>
  <tag k="building" v="yes"/>
 </way>
 <way id="1144958279" visible="true" version="1" changeset="132510668" timestamp="2023-02-13T21:49:47Z" user="karitotp" uid="2748195">
  <nd ref="10656310345"/>
  <nd ref="10656310344"/>
  <nd ref="10656310343"/>
  <nd ref="10656310342"/>
  <nd ref="10656310339"/>
  <nd ref="10656310338"/>
  <nd ref="10656310340"/>
  <nd ref="10656310341"/>
  <nd ref="10656310345"/>
  <tag k="building" v="yes"/>
 </way>
 <way id="1144958280" visible="true" version="1" changeset="132510668" timestamp="2023-02-13T21:49:47Z" user="karitotp" uid="2748195">
  <nd ref="10656310355"/>
  <nd ref="10656310354"/>
  <nd ref="10656310353"/>
  <nd ref="10656310351"/>
  <nd ref="10656310350"/>
  <nd ref="10656310349"/>
  <nd ref="10656310348"/>
  <nd ref="10656310352"/>
  <nd ref="10656310346"/>
  <nd ref="10656310347"/>
  <nd ref="10656310355"/>
  <tag k="building" v="yes"/>
 </way>
 <way id="1144959834" visible="true" version="4" changeset="161893509" timestamp="2025-01-29T11:33:43Z" user="hocu" uid="374342">
  <nd ref="10656314324"/>
  <nd ref="10721980305"/>
  <nd ref="10721980310"/>
  <nd ref="10721975803"/>
  <nd ref="10721980306"/>
  <nd ref="10721980308"/>
  <nd ref="10721980309"/>
  <nd ref="10656314323"/>
  <nd ref="10721975802"/>
  <nd ref="10721975799"/>
  <nd ref="10656314324"/>
  <tag k="building" v="yes"/>
  <tag k="building:levels" v="3"/>
  <tag k="name" v="Prestij İş Merkezi"/>
 </way>
 <way id="1144959838" visible="true" version="1" changeset="132510873" timestamp="2023-02-13T21:56:08Z" user="karitotp" uid="2748195">
  <nd ref="10656314344"/>
  <nd ref="10656314343"/>
  <nd ref="10656314342"/>
  <nd ref="10656314341"/>
  <nd ref="10656314344"/>
  <tag k="building" v="yes"/>
 </way>
 <way id="1146071505" visible="true" version="3" changeset="169079137" timestamp="2025-07-17T20:09:25Z" user="custodiankeyy" uid="23088365">
  <nd ref="10665491188"/>
  <nd ref="10665491183"/>
  <nd ref="10665491184"/>
  <nd ref="10665491185"/>
  <nd ref="10665491188"/>
  <tag k="building:levels" v="6"/>
  <tag k="building:part" v="yes"/>
 </way>
 <way id="1151059261" visible="true" version="1" changeset="133269749" timestamp="2023-03-03T20:43:58Z" user="karitotp" uid="2748195">
  <nd ref="10707760837"/>
  <nd ref="10707760836"/>
  <tag k="highway" v="service"/>
 </way>
 <way id="1151059262" visible="true" version="1" changeset="133269749" timestamp="2023-03-03T20:43:58Z" user="karitotp" uid="2748195">
  <nd ref="10616584074"/>
  <nd ref="10707760841"/>
  <nd ref="10707760842"/>
  <nd ref="10707760839"/>
  <nd ref="10707760838"/>
  <nd ref="10707760840"/>
  <nd ref="10616584073"/>
  <nd ref="10616584074"/>
  <tag k="building" v="yes"/>
 </way>
 <way id="1151059263" visible="true" version="1" changeset="133269749" timestamp="2023-03-03T20:43:58Z" user="karitotp" uid="2748195">
  <nd ref="10707760846"/>
  <nd ref="10707760845"/>
  <nd ref="10707760844"/>
  <nd ref="10707760843"/>
  <nd ref="10707760846"/>
  <tag k="building" v="yes"/>
 </way>
 <way id="1151059264" visible="true" version="1" changeset="133269749" timestamp="2023-03-03T20:43:58Z" user="karitotp" uid="2748195">
  <nd ref="10707760852"/>
  <nd ref="10707760851"/>
  <nd ref="10707760850"/>
  <nd ref="10707760847"/>
  <nd ref="10707760848"/>
  <nd ref="10707760849"/>
  <nd ref="10707760852"/>
  <tag k="building" v="yes"/>
 </way>
 <way id="1151059265" visible="true" version="1" changeset="133269749" timestamp="2023-03-03T20:43:58Z" user="karitotp" uid="2748195">
  <nd ref="10707760858"/>
  <nd ref="10707760857"/>
  <nd ref="10707760854"/>
  <nd ref="10707760853"/>
  <nd ref="10707760856"/>
  <nd ref="10707760855"/>
  <nd ref="10707760858"/>
  <tag k="building" v="yes"/>
 </way>
 <way id="1151059266" visible="true" version="1" changeset="133269749" timestamp="2023-03-03T20:43:58Z" user="karitotp" uid="2748195">
  <nd ref="10707760864"/>
  <nd ref="10707760863"/>
  <nd ref="10707760859"/>
  <nd ref="10707760860"/>
  <nd ref="10707760862"/>
  <nd ref="10707760861"/>
  <nd ref="10707760864"/>
  <tag k="building" v="yes"/>
 </way>
 <way id="1151059267" visible="true" version="1" changeset="133269749" timestamp="2023-03-03T20:43:58Z" user="karitotp" uid="2748195">
  <nd ref="10707760870"/>
  <nd ref="10707760867"/>
  <nd ref="10707760868"/>
  <nd ref="10707760865"/>
  <nd ref="10707760866"/>
  <nd ref="10707760869"/>
  <nd ref="10707760870"/>
  <tag k="building" v="yes"/>
 </way>
 <way id="1151059268" visible="true" version="1" changeset="133269749" timestamp="2023-03-03T20:43:58Z" user="karitotp" uid="2748195">
  <nd ref="10707760877"/>
  <nd ref="10707760874"/>
  <nd ref="10707760871"/>
  <nd ref="10707760873"/>
  <nd ref="10707760872"/>
  <nd ref="10707760875"/>
  <nd ref="10707760876"/>
  <nd ref="10707760877"/>
  <tag k="building" v="yes"/>
 </way>
 <way id="1151059269" visible="true" version="1" changeset="133269749" timestamp="2023-03-03T20:43:58Z" user="karitotp" uid="2748195">
  <nd ref="10707760880"/>
  <nd ref="10707760878"/>
  <nd ref="10707760879"/>
  <nd ref="10707760881"/>
  <nd ref="10707760880"/>
  <tag k="building" v="yes"/>
 </way>
 <way id="1151059270" visible="true" version="1" changeset="133269749" timestamp="2023-03-03T20:43:58Z" user="karitotp" uid="2748195">
  <nd ref="10707760883"/>
  <nd ref="10707760880"/>
  <nd ref="10707760881"/>
  <nd ref="10707760882"/>
  <nd ref="10707760883"/>
  <tag k="building" v="yes"/>
 </way>
 <way id="1151059271" visible="true" version="1" changeset="133269749" timestamp="2023-03-03T20:43:58Z" user="karitotp" uid="2748195">
  <nd ref="10707760886"/>
  <nd ref="10707760885"/>
  <nd ref="10707760884"/>
  <nd ref="10707760883"/>
  <nd ref="10707760882"/>
  <nd ref="10707760886"/>
  <tag k="building" v="yes"/>
 </way>
 <way id="1151059272" visible="true" version="1" changeset="133269749" timestamp="2023-03-03T20:43:58Z" user="karitotp" uid="2748195">
  <nd ref="10707760890"/>
  <nd ref="10707760892"/>
  <nd ref="10707760887"/>
  <nd ref="10707760889"/>
  <nd ref="10707760888"/>
  <nd ref="10707760890"/>
  <tag k="building" v="yes"/>
 </way>
 <way id="1151059273" visible="true" version="1" changeset="133269749" timestamp="2023-03-03T20:43:58Z" user="karitotp" uid="2748195">
  <nd ref="10707760894"/>
  <nd ref="10707760891"/>
  <nd ref="10707760892"/>
  <nd ref="10707760890"/>
  <nd ref="10707760893"/>
  <nd ref="10707760894"/>
  <tag k="building" v="yes"/>
 </way>
 <way id="1151059274" visible="true" version="1" changeset="133269749" timestamp="2023-03-03T20:43:58Z" user="karitotp" uid="2748195">
  <nd ref="10616584069"/>
  <nd ref="10707760895"/>
  <nd ref="10707760896"/>
  <nd ref="10616584068"/>
  <nd ref="10616584069"/>
  <tag k="building" v="yes"/>
 </way>
 <way id="1151059275" visible="true" version="1" changeset="133269749" timestamp="2023-03-03T20:43:58Z" user="karitotp" uid="2748195">
  <nd ref="10707785005"/>
  <nd ref="10707760899"/>
  <nd ref="10707760898"/>
  <nd ref="10707760897"/>
  <nd ref="10707785006"/>
  <nd ref="10707785005"/>
  <tag k="building" v="yes"/>
 </way>
 <way id="1151059276" visible="true" version="1" changeset="133269749" timestamp="2023-03-03T20:43:58Z" user="karitotp" uid="2748195">
  <nd ref="10707785007"/>
  <nd ref="10707760903"/>
  <nd ref="10707760902"/>
  <nd ref="10707760904"/>
  <nd ref="10707760900"/>
  <nd ref="10707760901"/>
  <nd ref="10707785005"/>
  <nd ref="10707785006"/>
  <nd ref="10707785007"/>
  <tag k="building" v="yes"/>
 </way>
 <way id="1151059277" visible="true" version="1" changeset="133269749" timestamp="2023-03-03T20:43:58Z" user="karitotp" uid="2748195">
  <nd ref="10707785010"/>
  <nd ref="10707785008"/>
  <nd ref="10707785009"/>
  <nd ref="3604659237"/>
  <nd ref="10707785010"/>
  <tag k="building" v="yes"/>
 </way>
 <way id="1151059278" visible="true" version="1" changeset="133269749" timestamp="2023-03-03T20:43:58Z" user="karitotp" uid="2748195">
  <nd ref="10707785014"/>
  <nd ref="10707785013"/>
  <nd ref="10707785012"/>
  <nd ref="10707785011"/>
  <nd ref="10707785014"/>
  <tag k="building" v="yes"/>
 </way>
 <way id="1151059279" visible="true" version="1" changeset="133269749" timestamp="2023-03-03T20:43:58Z" user="karitotp" uid="2748195">
  <nd ref="10707785018"/>
  <nd ref="10707785015"/>
  <nd ref="10707785016"/>
  <nd ref="10707785017"/>
  <nd ref="10707785018"/>
  <tag k="building" v="yes"/>
 </way>
 <way id="1151059280" visible="true" version="1" changeset="133269749" timestamp="2023-03-03T20:43:58Z" user="karitotp" uid="2748195">
  <nd ref="3604659228"/>
  <nd ref="10707785023"/>
  <nd ref="10707785019"/>
  <nd ref="10707785020"/>
  <nd ref="10707785022"/>
  <nd ref="10707785021"/>
  <nd ref="3604659227"/>
  <nd ref="3604659228"/>
  <tag k="building" v="yes"/>
 </way>
 <way id="1151243325" visible="true" version="2" changeset="146634608" timestamp="2024-01-24T15:26:31Z" user="mappinglander" uid="11978982">
  <nd ref="10709437349"/>
  <nd ref="10709738655"/>
  <nd ref="10709738654"/>
  <nd ref="10709738653"/>
  <nd ref="10709738652"/>
  <nd ref="10709738651"/>
  <nd ref="10709738650"/>
  <nd ref="10709738649"/>
  <nd ref="11546622979"/>
  <nd ref="10709738648"/>
  <nd ref="10709738647"/>
  <nd ref="10709738646"/>
  <nd ref="10709738645"/>
  <nd ref="11546623104"/>
  <nd ref="10709437372"/>
  <nd ref="10709437371"/>
  <nd ref="10709437370"/>
  <nd ref="10709437369"/>
  <nd ref="10709437368"/>
  <nd ref="10709738642"/>
  <nd ref="10709738641"/>
  <nd ref="10709738640"/>
  <nd ref="10709738639"/>
  <nd ref="10709437367"/>
  <nd ref="10709437366"/>
  <nd ref="10709437365"/>
  <nd ref="10709437364"/>
  <nd ref="10709437363"/>
  <nd ref="10709437362"/>
  <nd ref="11546623050"/>
  <nd ref="10709437361"/>
  <nd ref="10709437360"/>
  <nd ref="10709437359"/>
  <nd ref="10709437358"/>
  <nd ref="10709437357"/>
  <nd ref="10709437356"/>
  <nd ref="10709437355"/>
  <nd ref="10709437354"/>
  <nd ref="10709437353"/>
  <nd ref="10709437352"/>
  <nd ref="10709437351"/>
  <nd ref="10709437350"/>
  <nd ref="10709738657"/>
  <nd ref="10709738656"/>
  <nd ref="10709437349"/>
  <tag k="landuse" v="commercial"/>
 </way>
 <way id="1151243327" visible="true" version="8" changeset="180396827" timestamp="2026-03-25T09:26:34Z" user="de24000" uid="617093">
  <nd ref="10709738686"/>
  <nd ref="10709738685"/>
  <nd ref="10709738684"/>
  <nd ref="10709738683"/>
  <nd ref="10709738682"/>
  <nd ref="10709437319"/>
  <nd ref="10709437321"/>
  <nd ref="10709437320"/>
  <nd ref="10709738681"/>
  <nd ref="10709738680"/>
  <nd ref="10709738679"/>
  <nd ref="10709738678"/>
  <nd ref="10709738677"/>
  <nd ref="10709738676"/>
  <nd ref="10709738675"/>
  <nd ref="10709738674"/>
  <nd ref="10709738673"/>
  <nd ref="10709738672"/>
  <nd ref="10709738671"/>
  <nd ref="10709738670"/>
  <nd ref="10709738669"/>
  <nd ref="10709738668"/>
  <nd ref="10709738667"/>
  <nd ref="2207824496"/>
  <nd ref="10709738666"/>
  <nd ref="10709738665"/>
  <nd ref="10709738664"/>
  <nd ref="10709738663"/>
  <nd ref="10709738662"/>
  <nd ref="10717285298"/>
  <nd ref="10709738661"/>
  <nd ref="10709738660"/>
  <nd ref="10709738659"/>
  <nd ref="10709738658"/>
  <nd ref="10709738657"/>
  <nd ref="10709738656"/>
  <nd ref="10709437349"/>
  <nd ref="10709738655"/>
  <nd ref="10709738654"/>
  <nd ref="10709738653"/>
  <nd ref="10709738652"/>
  <nd ref="10709738651"/>
  <nd ref="10709738650"/>
  <nd ref="10709738649"/>
  <nd ref="11546622979"/>
  <nd ref="10709738648"/>
  <nd ref="10709738647"/>
  <nd ref="10709738646"/>
  <nd ref="10709738645"/>
  <nd ref="10709738644"/>
  <nd ref="10709738643"/>
  <nd ref="2207702695"/>
  <nd ref="10709437368"/>
  <nd ref="10709738642"/>
  <nd ref="10709738641"/>
  <nd ref="10709738640"/>
  <nd ref="10709738639"/>
  <nd ref="10709738638"/>
  <nd ref="10709738637"/>
  <nd ref="10709738636"/>
  <nd ref="10709738635"/>
  <nd ref="10709738634"/>
  <nd ref="10709738633"/>
  <nd ref="10709738632"/>
  <nd ref="10709738631"/>
  <nd ref="10709738630"/>
  <nd ref="10709738629"/>
  <nd ref="10709738628"/>
  <nd ref="10709738627"/>
  <nd ref="10709738626"/>
  <nd ref="10709738625"/>
  <nd ref="10709738624"/>
  <nd ref="10709738623"/>
  <nd ref="10709738622"/>
  <nd ref="10709738621"/>
  <nd ref="10709738620"/>
  <nd ref="10709738619"/>
  <nd ref="10709738618"/>
  <nd ref="6137309247"/>
  <nd ref="6137309245"/>
  <nd ref="6137309244"/>
  <nd ref="6137309241"/>
  <nd ref="6137309240"/>
  <nd ref="6137309253"/>
  <nd ref="6137309254"/>
  <nd ref="10649598286"/>
  <nd ref="10649598285"/>
  <nd ref="6137309255"/>
  <nd ref="6137309252"/>
  <nd ref="6137309239"/>
  <nd ref="6137309242"/>
  <nd ref="6137309243"/>
  <nd ref="6137309248"/>
  <nd ref="10709738617"/>
  <nd ref="10709738616"/>
  <nd ref="10709738615"/>
  <nd ref="10709738614"/>
  <nd ref="10709738613"/>
  <nd ref="10709738612"/>
  <nd ref="10709738611"/>
  <nd ref="10709738610"/>
  <nd ref="10709738609"/>
  <nd ref="13677249785"/>
  <nd ref="10709738608"/>
  <nd ref="10709738607"/>
  <nd ref="10709738606"/>
  <nd ref="10709738605"/>
  <nd ref="10709442104"/>
  <nd ref="10709442103"/>
  <nd ref="3558562430"/>
  <nd ref="3558562429"/>
  <nd ref="3558562421"/>
  <nd ref="3558562420"/>
  <nd ref="3558562419"/>
  <nd ref="3576837181"/>
  <nd ref="3576837180"/>
  <nd ref="3576837179"/>
  <nd ref="3576837149"/>
  <nd ref="3576837148"/>
  <nd ref="3576837147"/>
  <nd ref="3576837146"/>
  <nd ref="3576837145"/>
  <nd ref="3550449672"/>
  <nd ref="3550449673"/>
  <nd ref="10709738514"/>
  <nd ref="10709738513"/>
  <nd ref="10709738512"/>
  <nd ref="10709738511"/>
  <nd ref="10709738510"/>
  <nd ref="10709738509"/>
  <nd ref="10709738508"/>
  <nd ref="10709738507"/>
  <nd ref="10709738506"/>
  <nd ref="10709738505"/>
  <nd ref="10709437404"/>
  <nd ref="10709437403"/>
  <nd ref="10709437402"/>
  <nd ref="10709437401"/>
  <nd ref="10709437400"/>
  <nd ref="10709437399"/>
  <nd ref="10709437398"/>
  <nd ref="10709437397"/>
  <nd ref="10709437396"/>
  <nd ref="10709437395"/>
  <nd ref="10709437394"/>
  <nd ref="10709437393"/>
  <nd ref="10709437392"/>
  <nd ref="10709437391"/>
  <nd ref="10709437390"/>
  <nd ref="10709437389"/>
  <nd ref="10709738686"/>
  <tag k="landuse" v="residential"/>
 </way>
 <way id="1152212225" visible="true" version="1" changeset="133373216" timestamp="2023-03-06T17:28:47Z" user="karitotp" uid="2748195">
  <nd ref="10717311205"/>
  <nd ref="10717285302"/>
  <nd ref="10717285303"/>
  <nd ref="10717285304"/>
  <nd ref="10717311205"/>
  <tag k="building" v="yes"/>
 </way>
 <way id="1152212226" visible="true" version="1" changeset="133373216" timestamp="2023-03-06T17:28:47Z" user="karitotp" uid="2748195">
  <nd ref="10717311209"/>
  <nd ref="10717311206"/>
  <nd ref="10717311207"/>
  <nd ref="10717311208"/>
  <nd ref="10717311209"/>
  <tag k="building" v="yes"/>
 </way>
 <way id="1152212227" visible="true" version="1" changeset="133373216" timestamp="2023-03-06T17:28:47Z" user="karitotp" uid="2748195">
  <nd ref="10717311214"/>
  <nd ref="10717311211"/>
  <nd ref="10717311212"/>
  <nd ref="10717311213"/>
  <nd ref="10717311214"/>
  <tag k="building" v="yes"/>
 </way>
 <way id="1152742666" visible="true" version="1" changeset="133451417" timestamp="2023-03-08T18:24:52Z" user="rab" uid="36894">
  <nd ref="10721976244"/>
  <nd ref="10721976246"/>
  <nd ref="10721976245"/>
  <nd ref="10721976241"/>
  <nd ref="10721976240"/>
  <nd ref="10721976243"/>
  <nd ref="10721976242"/>
  <nd ref="10721976237"/>
  <nd ref="10721976236"/>
  <nd ref="10721976239"/>
  <nd ref="10721976238"/>
  <nd ref="10721976233"/>
  <nd ref="10721976232"/>
  <nd ref="10721976235"/>
  <nd ref="10721976234"/>
  <nd ref="10721976229"/>
  <nd ref="10721976228"/>
  <nd ref="10721976231"/>
  <nd ref="10721976230"/>
  <nd ref="10721976225"/>
  <nd ref="10721976224"/>
  <nd ref="10721976227"/>
  <nd ref="10721976226"/>
  <nd ref="10721976222"/>
  <nd ref="10721976221"/>
  <nd ref="10721976223"/>
  <nd ref="10721976244"/>
  <tag k="building:levels" v="12"/>
  <tag k="building:part" v="yes"/>
 </way>
 <way id="1152742667" visible="true" version="1" changeset="133451417" timestamp="2023-03-08T18:24:52Z" user="rab" uid="36894">
  <nd ref="10721980322"/>
  <nd ref="10721980321"/>
  <nd ref="10721980408"/>
  <nd ref="10721980409"/>
  <nd ref="10721980319"/>
  <nd ref="10721980318"/>
  <nd ref="10721980411"/>
  <nd ref="10721980412"/>
  <nd ref="10721980322"/>
  <tag k="building:levels" v="4"/>
  <tag k="building:part" v="yes"/>
 </way>
 <way id="1152742668" visible="true" version="1" changeset="133451417" timestamp="2023-03-08T18:24:52Z" user="rab" uid="36894">
  <nd ref="10721980513"/>
  <nd ref="10721980520"/>
  <nd ref="10721980514"/>
  <nd ref="10721980515"/>
  <nd ref="10721976219"/>
  <nd ref="10721976259"/>
  <nd ref="10721980517"/>
  <nd ref="10721980519"/>
  <nd ref="10721980512"/>
  <nd ref="10721980518"/>
  <nd ref="10721980516"/>
  <nd ref="10721980513"/>
  <tag k="building:levels" v="8"/>
  <tag k="building:part" v="yes"/>
 </way>
 <way id="1152742669" visible="true" version="1" changeset="133451417" timestamp="2023-03-08T18:24:52Z" user="rab" uid="36894">
  <nd ref="10721980381"/>
  <nd ref="10721980378"/>
  <nd ref="10721980367"/>
  <nd ref="10721980353"/>
  <nd ref="10721980352"/>
  <nd ref="10721980349"/>
  <nd ref="10721980348"/>
  <nd ref="10721980351"/>
  <nd ref="10721980350"/>
  <nd ref="10721980381"/>
  <tag k="building:levels" v="11"/>
  <tag k="building:part" v="yes"/>
 </way>
 <way id="1152742670" visible="true" version="1" changeset="133451417" timestamp="2023-03-08T18:24:52Z" user="rab" uid="36894">
  <nd ref="10721980385"/>
  <nd ref="10721980386"/>
  <nd ref="10721980365"/>
  <nd ref="10721980387"/>
  <nd ref="10721980388"/>
  <nd ref="10721980354"/>
  <nd ref="10721980385"/>
  <tag k="building:levels" v="4"/>
  <tag k="building:part" v="yes"/>
 </way>
 <way id="1152742671" visible="true" version="1" changeset="133451417" timestamp="2023-03-08T18:24:52Z" user="rab" uid="36894">
  <nd ref="10721980367"/>
  <nd ref="10721980364"/>
  <nd ref="10721980366"/>
  <nd ref="10721980361"/>
  <nd ref="10721980363"/>
  <nd ref="10721980362"/>
  <nd ref="10721980358"/>
  <nd ref="10721980357"/>
  <nd ref="10721980360"/>
  <nd ref="10721980359"/>
  <nd ref="10721980356"/>
  <nd ref="10721980355"/>
  <nd ref="10721980367"/>
  <tag k="building:levels" v="13"/>
  <tag k="building:part" v="yes"/>
 </way>
 <way id="1152742672" visible="true" version="1" changeset="133451417" timestamp="2023-03-08T18:24:52Z" user="rab" uid="36894">
  <nd ref="10721980377"/>
  <nd ref="10721980376"/>
  <nd ref="10721980373"/>
  <nd ref="10721980372"/>
  <nd ref="10721980375"/>
  <nd ref="10721980374"/>
  <nd ref="10721980369"/>
  <nd ref="10721980368"/>
  <nd ref="10721980371"/>
  <nd ref="10721980370"/>
  <nd ref="10721980366"/>
  <nd ref="10721980364"/>
  <nd ref="10721980367"/>
  <nd ref="10721980378"/>
  <nd ref="10721980380"/>
  <nd ref="10721980379"/>
  <nd ref="10721980377"/>
  <tag k="building:levels" v="15"/>
  <tag k="building:part" v="yes"/>
 </way>
 <way id="1152742673" visible="true" version="1" changeset="133451417" timestamp="2023-03-08T18:24:52Z" user="rab" uid="36894">
  <nd ref="10721980384"/>
  <nd ref="10721980377"/>
  <nd ref="10721980379"/>
  <nd ref="10721980380"/>
  <nd ref="10721980378"/>
  <nd ref="10721980381"/>
  <nd ref="10721980382"/>
  <nd ref="10721980383"/>
  <nd ref="10721980384"/>
  <tag k="building:levels" v="17"/>
  <tag k="building:part" v="yes"/>
 </way>
 <way id="1152742674" visible="true" version="1" changeset="133451417" timestamp="2023-03-08T18:24:52Z" user="rab" uid="36894">
  <nd ref="10721975798"/>
  <nd ref="10721975789"/>
  <nd ref="10721975791"/>
  <nd ref="10721975790"/>
  <nd ref="10721975793"/>
  <nd ref="10721975792"/>
  <nd ref="10721975795"/>
  <nd ref="10721975802"/>
  <nd ref="10721975799"/>
  <nd ref="10721980529"/>
  <nd ref="10721980526"/>
  <nd ref="10721980527"/>
  <nd ref="10721980524"/>
  <nd ref="10721980525"/>
  <nd ref="10721980528"/>
  <nd ref="10721975796"/>
  <nd ref="10721975797"/>
  <nd ref="10721980522"/>
  <nd ref="10721980521"/>
  <nd ref="10721980523"/>
  <nd ref="10721975801"/>
  <nd ref="10721975794"/>
  <nd ref="10721975800"/>
  <nd ref="10721975798"/>
  <tag k="building:levels" v="10"/>
  <tag k="building:part" v="yes"/>
 </way>
 <way id="1152742675" visible="true" version="1" changeset="133451417" timestamp="2023-03-08T18:24:52Z" user="rab" uid="36894">
  <nd ref="10721976286"/>
  <nd ref="10721976252"/>
  <nd ref="10721980416"/>
  <nd ref="10721980415"/>
  <nd ref="10721976262"/>
  <nd ref="10721980417"/>
  <nd ref="10721976261"/>
  <nd ref="10721976260"/>
  <nd ref="10721976253"/>
  <nd ref="10721976285"/>
  <nd ref="10721976276"/>
  <nd ref="10721976280"/>
  <nd ref="10721976278"/>
  <nd ref="10721976282"/>
  <nd ref="10721976281"/>
  <nd ref="10721976284"/>
  <nd ref="10721976283"/>
  <nd ref="10721976286"/>
 </way>
 <way id="1152742676" visible="true" version="1" changeset="133451417" timestamp="2023-03-08T18:24:52Z" user="rab" uid="36894">
  <nd ref="10721980333"/>
  <nd ref="10721980332"/>
  <nd ref="10721980329"/>
  <nd ref="10721980328"/>
  <nd ref="10721980331"/>
  <nd ref="10721980330"/>
  <nd ref="10721980326"/>
  <nd ref="10721980346"/>
  <nd ref="10721980327"/>
  <nd ref="10721980333"/>
 </way>
 <way id="1152742677" visible="true" version="1" changeset="133451417" timestamp="2023-03-08T18:24:52Z" user="rab" uid="36894">
  <nd ref="10721975804"/>
  <nd ref="10721980305"/>
  <nd ref="10721980310"/>
  <nd ref="10721975803"/>
  <nd ref="10721975804"/>
  <tag k="building:levels" v="10"/>
  <tag k="building:part" v="yes"/>
 </way>
 <way id="1152742678" visible="true" version="1" changeset="133451417" timestamp="2023-03-08T18:24:52Z" user="rab" uid="36894">
  <nd ref="10721980335"/>
  <nd ref="10721980325"/>
  <nd ref="10721980323"/>
  <nd ref="10721980345"/>
  <nd ref="10721980347"/>
  <nd ref="10721980336"/>
  <nd ref="10721980324"/>
  <nd ref="10721980334"/>
  <nd ref="10721980342"/>
  <nd ref="10721980341"/>
  <nd ref="10721980344"/>
  <nd ref="10721980343"/>
  <nd ref="10721980338"/>
  <nd ref="10721980337"/>
  <nd ref="10721980340"/>
  <nd ref="10721980339"/>
  <nd ref="10721980335"/>
 </way>
 <way id="1152742679" visible="true" version="1" changeset="133451417" timestamp="2023-03-08T18:24:52Z" user="rab" uid="36894">
  <nd ref="10721980309"/>
  <nd ref="10721980307"/>
  <nd ref="10721980306"/>
  <nd ref="10721980308"/>
  <nd ref="10721980309"/>
  <tag k="building:levels" v="10"/>
  <tag k="building:part" v="yes"/>
 </way>
 <way id="1152742680" visible="true" version="1" changeset="133451417" timestamp="2023-03-08T18:24:52Z" user="rab" uid="36894">
  <nd ref="10721976286"/>
  <nd ref="10721976283"/>
  <nd ref="10721976284"/>
  <nd ref="10721976281"/>
  <nd ref="10721976282"/>
  <nd ref="10721976278"/>
  <nd ref="10721976280"/>
  <nd ref="10721976276"/>
  <nd ref="10721976285"/>
  <nd ref="10721976277"/>
  <nd ref="10721976274"/>
  <nd ref="10721976275"/>
  <nd ref="10721976272"/>
  <nd ref="10721976273"/>
  <nd ref="10721976270"/>
  <nd ref="10721976271"/>
  <nd ref="10721976286"/>
  <tag k="building:levels" v="4"/>
  <tag k="building:part" v="yes"/>
 </way>
 <way id="1152742681" visible="true" version="1" changeset="133451417" timestamp="2023-03-08T18:24:52Z" user="rab" uid="36894">
  <nd ref="10721980314"/>
  <nd ref="10721980313"/>
  <nd ref="10721980311"/>
  <nd ref="10721980312"/>
  <nd ref="10721980314"/>
 </way>
 <way id="1152742682" visible="true" version="1" changeset="133451417" timestamp="2023-03-08T18:24:52Z" user="rab" uid="36894">
  <nd ref="10721972104"/>
  <nd ref="10721976257"/>
  <nd ref="10721972103"/>
  <nd ref="10721976300"/>
  <nd ref="10721976302"/>
  <nd ref="10721976301"/>
  <nd ref="10721980405"/>
  <nd ref="10721976303"/>
  <nd ref="10721980407"/>
  <nd ref="10721980406"/>
  <nd ref="10721980410"/>
  <nd ref="10721972101"/>
  <nd ref="10721976258"/>
  <nd ref="10721972102"/>
  <nd ref="10721980414"/>
  <nd ref="10721976252"/>
  <nd ref="10721980416"/>
  <nd ref="10721980415"/>
  <nd ref="10721976262"/>
  <nd ref="10721980417"/>
  <nd ref="10721976261"/>
  <nd ref="10721976260"/>
  <nd ref="10721976253"/>
  <nd ref="10721976255"/>
  <nd ref="10721972104"/>
  <tag k="building:levels" v="4"/>
  <tag k="building:part" v="yes"/>
 </way>
 <way id="1152742683" visible="true" version="1" changeset="133451417" timestamp="2023-03-08T18:24:52Z" user="rab" uid="36894">
  <nd ref="10721980320"/>
  <nd ref="10721980408"/>
  <nd ref="10721980321"/>
  <nd ref="10721980322"/>
  <nd ref="10721980412"/>
  <nd ref="10721976304"/>
  <nd ref="10721980413"/>
  <nd ref="3595947828"/>
  <nd ref="10721980320"/>
  <tag k="building" v="yes"/>
  <tag k="building:levels" v="2"/>
 </way>
 <way id="1152742684" visible="true" version="1" changeset="133451417" timestamp="2023-03-08T18:24:52Z" user="rab" uid="36894">
  <nd ref="10721980510"/>
  <nd ref="10721976299"/>
  <nd ref="10721976220"/>
  <nd ref="10721980509"/>
  <nd ref="10721976218"/>
  <nd ref="10721980505"/>
  <nd ref="10721980508"/>
  <nd ref="10721980507"/>
  <nd ref="10721980506"/>
  <nd ref="10721980511"/>
  <nd ref="10721980510"/>
  <tag k="building:levels" v="6"/>
  <tag k="building:part" v="yes"/>
 </way>
 <way id="1152742685" visible="true" version="2" changeset="133954688" timestamp="2023-03-21T19:56:13Z" user="mepng" uid="14587553">
  <nd ref="10721976298"/>
  <nd ref="10721976287"/>
  <nd ref="10721976289"/>
  <nd ref="10721976288"/>
  <nd ref="10721976291"/>
  <nd ref="10721976290"/>
  <nd ref="10721976293"/>
  <nd ref="10721976292"/>
  <nd ref="10721976295"/>
  <nd ref="10721976294"/>
  <nd ref="10721976296"/>
  <nd ref="10721976297"/>
  <nd ref="10721976266"/>
  <nd ref="10721976268"/>
  <nd ref="10721976269"/>
  <nd ref="10721976267"/>
  <nd ref="10721976264"/>
  <nd ref="10721976265"/>
  <nd ref="10721976263"/>
  <nd ref="10721980517"/>
  <nd ref="10721976259"/>
  <nd ref="10721976219"/>
  <nd ref="10721972103"/>
  <nd ref="10721976257"/>
  <nd ref="10721972104"/>
  <nd ref="10721976255"/>
  <nd ref="10721976253"/>
  <nd ref="10721976285"/>
  <nd ref="10721976276"/>
  <nd ref="10721976280"/>
  <nd ref="10721976278"/>
  <nd ref="10721976282"/>
  <nd ref="10721976281"/>
  <nd ref="10721976284"/>
  <nd ref="10721976283"/>
  <nd ref="10721976286"/>
  <nd ref="10721976252"/>
  <nd ref="10721980414"/>
  <nd ref="10721972102"/>
  <nd ref="10721976258"/>
  <nd ref="10721972101"/>
  <nd ref="10721976220"/>
  <nd ref="10721976299"/>
  <nd ref="10721980510"/>
  <nd ref="10721976247"/>
  <nd ref="10721976248"/>
  <nd ref="10721980365"/>
  <nd ref="10721980387"/>
  <nd ref="10721976251"/>
  <nd ref="10751563657"/>
  <nd ref="10721976250"/>
  <nd ref="10721980388"/>
  <nd ref="10721980354"/>
  <nd ref="10721976249"/>
  <nd ref="10721976298"/>
  <tag k="building:levels" v="3"/>
  <tag k="building:part" v="yes"/>
 </way>
 <way id="1153024816" visible="true" version="1" changeset="133491485" timestamp="2023-03-09T19:09:03Z" user="rab" uid="36894">
  <nd ref="10724202839"/>
  <nd ref="3595947664"/>
  <nd ref="10724202861"/>
  <nd ref="3595947665"/>
  <nd ref="10724202860"/>
  <nd ref="3595947666"/>
  <nd ref="10724202832"/>
  <nd ref="10724202859"/>
  <nd ref="3595947667"/>
  <nd ref="10724202831"/>
  <nd ref="3595947668"/>
  <nd ref="10724202862"/>
  <nd ref="3595947669"/>
  <nd ref="10724202838"/>
  <nd ref="10724202849"/>
  <nd ref="10724202848"/>
  <nd ref="10724202847"/>
  <nd ref="10724202846"/>
  <nd ref="10724202845"/>
  <nd ref="10724202837"/>
  <nd ref="10724202844"/>
  <nd ref="10724202843"/>
  <nd ref="10724202842"/>
  <nd ref="10724202841"/>
  <nd ref="10724202840"/>
  <nd ref="10724202839"/>
  <tag k="building:levels" v="10"/>
  <tag k="building:part" v="yes"/>
 </way>
 <way id="1153024817" visible="true" version="1" changeset="133491485" timestamp="2023-03-09T19:09:03Z" user="rab" uid="36894">
  <nd ref="10724202858"/>
  <nd ref="10724202831"/>
  <nd ref="10724202857"/>
  <nd ref="10724202856"/>
  <nd ref="10724202855"/>
  <nd ref="10724202854"/>
  <nd ref="10724202832"/>
  <nd ref="10724202853"/>
  <nd ref="10724202852"/>
  <nd ref="10724202851"/>
  <nd ref="10724202850"/>
  <nd ref="10724202858"/>
  <tag k="building:levels" v="11"/>
  <tag k="building:part" v="yes"/>
 </way>
 <way id="1153024818" visible="true" version="1" changeset="133491485" timestamp="2023-03-09T19:09:03Z" user="rab" uid="36894">
  <nd ref="10724202879"/>
  <nd ref="10724202867"/>
  <nd ref="10724202868"/>
  <nd ref="10724202869"/>
  <nd ref="10724202870"/>
  <nd ref="10724202871"/>
  <nd ref="10724202878"/>
  <nd ref="10724202877"/>
  <nd ref="10724202872"/>
  <nd ref="10724202873"/>
  <nd ref="10724202874"/>
  <nd ref="10724202875"/>
  <nd ref="10724202876"/>
  <nd ref="10724202880"/>
  <nd ref="10724202879"/>
  <tag k="building:levels" v="9"/>
  <tag k="building:part" v="yes"/>
 </way>
 <way id="1153024819" visible="true" version="1" changeset="133491485" timestamp="2023-03-09T19:09:03Z" user="rab" uid="36894">
  <nd ref="10724202893"/>
  <nd ref="10724202892"/>
  <nd ref="10724202891"/>
  <nd ref="10724202890"/>
  <nd ref="10724202889"/>
  <nd ref="10724202888"/>
  <nd ref="10724202887"/>
  <nd ref="10724202886"/>
  <nd ref="10724202885"/>
  <nd ref="10724202893"/>
  <tag k="building:levels" v="9"/>
  <tag k="building:part" v="yes"/>
 </way>
 <way id="1153024820" visible="true" version="1" changeset="133491485" timestamp="2023-03-09T19:09:03Z" user="rab" uid="36894">
  <nd ref="10724202900"/>
  <nd ref="10724202899"/>
  <nd ref="10724202895"/>
  <nd ref="10724202894"/>
  <nd ref="10724202900"/>
  <tag k="building:levels" v="9"/>
  <tag k="building:part" v="yes"/>
 </way>
 <way id="1153024821" visible="true" version="1" changeset="133491485" timestamp="2023-03-09T19:09:03Z" user="rab" uid="36894">
  <nd ref="3529906556"/>
  <nd ref="10724202897"/>
  <nd ref="10724202896"/>
  <nd ref="10724202900"/>
  <nd ref="10724202899"/>
  <nd ref="10724202898"/>
  <nd ref="3529906564"/>
  <nd ref="3529906556"/>
  <tag k="building:levels" v="8"/>
  <tag k="building:part" v="yes"/>
 </way>
 <way id="1153024822" visible="true" version="1" changeset="133491485" timestamp="2023-03-09T19:09:03Z" user="rab" uid="36894">
  <nd ref="10724208906"/>
  <nd ref="10724202882"/>
  <nd ref="10724202881"/>
  <nd ref="10724208905"/>
  <nd ref="10724202904"/>
  <nd ref="10724202884"/>
  <nd ref="10724202883"/>
  <nd ref="10724202903"/>
  <nd ref="10724202902"/>
  <nd ref="10724208906"/>
  <tag k="building:levels" v="8"/>
  <tag k="building:part" v="yes"/>
 </way>
 <way id="1153024823" visible="true" version="1" changeset="133491485" timestamp="2023-03-09T19:09:03Z" user="rab" uid="36894">
  <nd ref="10724208926"/>
  <nd ref="10724208907"/>
  <nd ref="10724208908"/>
  <nd ref="10724208909"/>
  <nd ref="10724208910"/>
  <nd ref="10724208911"/>
  <nd ref="10724208912"/>
  <nd ref="10724208927"/>
  <nd ref="10724208925"/>
  <nd ref="10724208924"/>
  <nd ref="10724208923"/>
  <nd ref="10724208922"/>
  <nd ref="10724208921"/>
  <nd ref="10724208920"/>
  <nd ref="10724208919"/>
  <nd ref="10724208918"/>
  <nd ref="10724208917"/>
  <nd ref="10724208916"/>
  <nd ref="10724208915"/>
  <nd ref="10724208914"/>
  <nd ref="10724208913"/>
  <nd ref="10724208926"/>
  <tag k="building:levels" v="8"/>
  <tag k="building:part" v="yes"/>
 </way>
 <way id="1153024824" visible="true" version="1" changeset="133491485" timestamp="2023-03-09T19:09:03Z" user="rab" uid="36894">
  <nd ref="10724208929"/>
  <nd ref="10724181598"/>
  <nd ref="10724181599"/>
  <nd ref="10724208928"/>
  <nd ref="10724209006"/>
  <nd ref="10724209005"/>
  <nd ref="10724181604"/>
  <nd ref="10724181603"/>
  <nd ref="10724181602"/>
  <nd ref="10724181601"/>
  <nd ref="10724181600"/>
  <nd ref="10724209041"/>
  <nd ref="10724181597"/>
  <nd ref="10724181596"/>
  <nd ref="10724181595"/>
  <nd ref="10724208930"/>
  <nd ref="10724209008"/>
  <nd ref="10724209007"/>
  <nd ref="10724208929"/>
  <tag k="building:levels" v="7"/>
  <tag k="building:part" v="yes"/>
 </way>
 <way id="1153024825" visible="true" version="1" changeset="133491485" timestamp="2023-03-09T19:09:03Z" user="rab" uid="36894">
  <nd ref="10724209013"/>
  <nd ref="10724209024"/>
  <nd ref="10724209053"/>
  <nd ref="10724209052"/>
  <nd ref="10724209023"/>
  <nd ref="10724209010"/>
  <nd ref="10724209012"/>
  <nd ref="10724209011"/>
  <nd ref="10724209009"/>
  <nd ref="10724209022"/>
  <nd ref="10724209019"/>
  <nd ref="10724209018"/>
  <nd ref="10724209017"/>
  <nd ref="10724209020"/>
  <nd ref="10724209021"/>
  <nd ref="10724209016"/>
  <nd ref="10724209015"/>
  <nd ref="10724209014"/>
  <nd ref="10724209013"/>
  <tag k="building:levels" v="7"/>
  <tag k="building:part" v="yes"/>
 </way>
 <way id="1153024826" visible="true" version="1" changeset="133491485" timestamp="2023-03-09T19:09:03Z" user="rab" uid="36894">
  <nd ref="10724209037"/>
  <nd ref="10724209036"/>
  <nd ref="10724209035"/>
  <nd ref="10724209034"/>
  <nd ref="10724209033"/>
  <nd ref="10724209032"/>
  <nd ref="10724209031"/>
  <nd ref="10724209038"/>
  <nd ref="10724209030"/>
  <nd ref="10724209029"/>
  <nd ref="10724209028"/>
  <nd ref="10724209027"/>
  <nd ref="10724209026"/>
  <nd ref="10724209025"/>
  <nd ref="10724209037"/>
  <tag k="building:levels" v="9"/>
  <tag k="building:part" v="yes"/>
 </way>
 <way id="1153024827" visible="true" version="1" changeset="133491485" timestamp="2023-03-09T19:09:03Z" user="rab" uid="36894">
  <nd ref="10724209041"/>
  <nd ref="10724209040"/>
  <nd ref="10724209042"/>
  <nd ref="10724209044"/>
  <nd ref="10724209045"/>
  <nd ref="10724209043"/>
  <nd ref="10724209039"/>
  <nd ref="10724181600"/>
  <nd ref="10724209041"/>
  <tag k="building:levels" v="8"/>
  <tag k="building:part" v="yes"/>
 </way>
 <way id="1153024828" visible="true" version="1" changeset="133491485" timestamp="2023-03-09T19:09:03Z" user="rab" uid="36894">
  <nd ref="10724209049"/>
  <nd ref="10724209050"/>
  <nd ref="10724209053"/>
  <nd ref="10724209052"/>
  <nd ref="10724209051"/>
  <nd ref="10724209048"/>
  <nd ref="10724209047"/>
  <nd ref="10724209046"/>
  <nd ref="10724209049"/>
  <tag k="building:levels" v="8"/>
  <tag k="building:part" v="yes"/>
 </way>
 <way id="1153446546" visible="true" version="1" changeset="133551049" timestamp="2023-03-11T12:11:39Z" user="rab" uid="36894">
  <nd ref="10727522211"/>
  <nd ref="10727506389"/>
  <nd ref="10727506393"/>
  <nd ref="10727506387"/>
  <nd ref="10727522212"/>
  <nd ref="10727522211"/>
  <tag k="building:levels" v="2"/>
  <tag k="building:part" v="yes"/>
 </way>
 <way id="1153446547" visible="true" version="1" changeset="133551049" timestamp="2023-03-11T12:11:39Z" user="rab" uid="36894">
  <nd ref="10727506399"/>
  <nd ref="10727506395"/>
  <nd ref="10727506397"/>
  <nd ref="10727506383"/>
  <nd ref="10727506394"/>
  <nd ref="10727506399"/>
  <tag k="building:levels" v="2"/>
  <tag k="building:part" v="yes"/>
 </way>
 <way id="1153446548" visible="true" version="1" changeset="133551049" timestamp="2023-03-11T12:11:39Z" user="rab" uid="36894">
  <nd ref="10727522209"/>
  <nd ref="10727522208"/>
  <nd ref="10727506391"/>
  <nd ref="10727522210"/>
  <nd ref="10727506397"/>
  <nd ref="10727506395"/>
  <nd ref="10727506396"/>
  <nd ref="10727522209"/>
  <tag k="building:levels" v="2"/>
  <tag k="building:part" v="yes"/>
 </way>
 <way id="1153446549" visible="true" version="1" changeset="133551049" timestamp="2023-03-11T12:11:39Z" user="rab" uid="36894">
  <nd ref="10727522206"/>
  <nd ref="10727506396"/>
  <nd ref="10727506395"/>
  <nd ref="10727506399"/>
  <nd ref="10727506398"/>
  <nd ref="10727522206"/>
  <tag k="building:levels" v="3"/>
  <tag k="building:part" v="yes"/>
 </way>
 <way id="1153446550" visible="true" version="1" changeset="133551049" timestamp="2023-03-11T12:11:39Z" user="rab" uid="36894">
  <nd ref="10727522210"/>
  <nd ref="10727522212"/>
  <nd ref="10727506387"/>
  <nd ref="10727506388"/>
  <nd ref="10727506383"/>
  <nd ref="10727506397"/>
  <nd ref="10727522210"/>
  <tag k="building:levels" v="3"/>
  <tag k="building:part" v="yes"/>
 </way>
 <way id="1153446551" visible="true" version="1" changeset="133551049" timestamp="2023-03-11T12:11:39Z" user="rab" uid="36894">
  <nd ref="10727522213"/>
  <nd ref="10727506392"/>
  <nd ref="10727506386"/>
  <nd ref="10727522205"/>
  <nd ref="10727506388"/>
  <nd ref="10727506387"/>
  <nd ref="10727506393"/>
  <nd ref="10727522213"/>
  <tag k="building:levels" v="2"/>
  <tag k="building:part" v="yes"/>
 </way>
 <way id="1153446552" visible="true" version="1" changeset="133551049" timestamp="2023-03-11T12:11:39Z" user="rab" uid="36894">
  <nd ref="10727522209"/>
  <nd ref="10727506396"/>
  <nd ref="10727522206"/>
  <nd ref="10727506384"/>
  <nd ref="10727506401"/>
  <nd ref="10727506403"/>
  <nd ref="10727522207"/>
  <nd ref="10727506404"/>
  <nd ref="10727506400"/>
  <nd ref="10727506402"/>
  <nd ref="10727522208"/>
  <nd ref="10727522209"/>
  <tag k="building:levels" v="6"/>
  <tag k="building:part" v="yes"/>
 </way>
 <way id="1153446553" visible="true" version="1" changeset="133551049" timestamp="2023-03-11T12:11:39Z" user="rab" uid="36894">
  <nd ref="10727522212"/>
  <nd ref="10727522210"/>
  <nd ref="10727506391"/>
  <nd ref="10727522211"/>
  <nd ref="10727522212"/>
  <tag k="building:levels" v="6"/>
  <tag k="building:part" v="yes"/>
 </way>
 <way id="1153446554" visible="true" version="1" changeset="133551049" timestamp="2023-03-11T12:11:39Z" user="rab" uid="36894">
  <nd ref="10727522213"/>
  <nd ref="10727506393"/>
  <nd ref="10727506389"/>
  <nd ref="10727506390"/>
  <nd ref="10727522213"/>
  <tag k="building:levels" v="6"/>
  <tag k="building:part" v="yes"/>
 </way>
 <way id="1153511457" visible="true" version="1" changeset="133563255" timestamp="2023-03-11T18:12:32Z" user="rab" uid="36894">
  <nd ref="10616584050"/>
  <nd ref="10616584051"/>
  <nd ref="10728032485"/>
  <nd ref="10728032486"/>
  <nd ref="10728032487"/>
  <nd ref="10616584057"/>
  <nd ref="10616584050"/>
  <tag k="building" v="yes"/>
  <tag k="building:levels" v="2"/>
 </way>
 <way id="1153511458" visible="true" version="1" changeset="133563255" timestamp="2023-03-11T18:12:32Z" user="rab" uid="36894">
  <nd ref="10728032491"/>
  <nd ref="3595947608"/>
  <nd ref="10728032495"/>
  <nd ref="10728032494"/>
  <nd ref="10728032493"/>
  <nd ref="10728032492"/>
  <nd ref="3595947613"/>
  <nd ref="10728032490"/>
  <nd ref="10728032489"/>
  <nd ref="3595947611"/>
  <nd ref="10642785209"/>
  <nd ref="10728032488"/>
  <nd ref="10728032491"/>
  <tag k="building" v="yes"/>
  <tag k="building:levels" v="2"/>
 </way>
 <way id="1158271431" visible="true" version="1" changeset="134276850" timestamp="2023-03-29T19:56:21Z" user="mooneyfin" uid="18814491">
  <nd ref="10771745635"/>
  <nd ref="3595947598"/>
  <nd ref="10771745636"/>
  <nd ref="10771745637"/>
  <nd ref="10771745635"/>
  <tag k="addr:city" v="Gaziantep"/>
  <tag k="addr:district" v="Gaziantep"/>
  <tag k="addr:neighbourhood" v="Doliche"/>
  <tag k="addr:street" v="Nail Bilen Cd."/>
  <tag k="building" v="yes"/>
  <tag k="name" v="A101 Supermarket"/>
  <tag k="shop" v="supermarket"/>
 </way>
 <way id="1214770153" visible="true" version="2" changeset="149929639" timestamp="2024-04-12T21:30:19Z" user="Ygmr01" uid="20742614">
  <nd ref="11254860542"/>
  <nd ref="11254860545"/>
  <nd ref="11254860546"/>
  <nd ref="11254860547"/>
  <nd ref="11254860548"/>
  <nd ref="11254860544"/>
  <nd ref="11812670130"/>
  <nd ref="11812670129"/>
  <nd ref="11812670128"/>
  <nd ref="11812670127"/>
  <nd ref="11812670126"/>
  <nd ref="11812670125"/>
  <nd ref="11254860543"/>
  <tag k="highway" v="cycleway"/>
 </way>
 <way id="1214770154" visible="true" version="1" changeset="142430263" timestamp="2023-10-11T10:32:31Z" user="hanstest" uid="185406">
  <nd ref="11254860549"/>
  <nd ref="11254860550"/>
  <nd ref="11254860552"/>
  <nd ref="11254860551"/>
  <nd ref="11254860553"/>
  <nd ref="11254860554"/>
  <nd ref="11254860542"/>
  <tag k="highway" v="cycleway"/>
 </way>
 <way id="1272087480" visible="true" version="1" changeset="149928004" timestamp="2024-04-12T20:28:02Z" user="Ygmr01" uid="20742614">
  <nd ref="11812559337"/>
  <nd ref="11812559338"/>
  <nd ref="11812559339"/>
  <nd ref="11812559340"/>
  <nd ref="11812559337"/>
  <tag k="name" v="Gazimuhtarpaşa"/>
  <tag k="public_transport" v="platform"/>
  <tag k="railway" v="tram_stop"/>
  <tag k="train" v="yes"/>
  <tag k="tram" v="yes"/>
  <tag k="wikidata" v="Q125340500"/>
 </way>
 <way id="1272087481" visible="true" version="1" changeset="149928004" timestamp="2024-04-12T20:28:02Z" user="Ygmr01" uid="20742614">
  <nd ref="11812559341"/>
  <nd ref="11812559342"/>
  <nd ref="11812559343"/>
  <nd ref="11812559344"/>
  <nd ref="11812559341"/>
  <tag k="name" v="Gazimuhtarpaşa"/>
  <tag k="public_transport" v="platform"/>
  <tag k="railway" v="tram_stop"/>
  <tag k="train" v="yes"/>
  <tag k="tram" v="yes"/>
  <tag k="wikidata" v="Q125340500"/>
 </way>
 <way id="1272099585" visible="true" version="2" changeset="150571136" timestamp="2024-04-27T09:25:05Z" user="tg4567" uid="12500589">
  <nd ref="11812670083"/>
  <nd ref="11812670084"/>
  <nd ref="11812670085"/>
  <nd ref="11812670086"/>
  <nd ref="11812670087"/>
  <nd ref="11812670088"/>
  <nd ref="11812670089"/>
  <nd ref="11812670090"/>
  <nd ref="11812670091"/>
  <nd ref="11812670092"/>
  <nd ref="11812670093"/>
  <nd ref="11812670094"/>
  <nd ref="11812670095"/>
  <nd ref="11812670096"/>
  <nd ref="11812670097"/>
  <nd ref="11812670098"/>
  <nd ref="11812670099"/>
  <nd ref="11812670100"/>
  <nd ref="11812670101"/>
  <nd ref="11812670102"/>
  <nd ref="11812670103"/>
  <nd ref="11812670104"/>
  <nd ref="11812670105"/>
  <nd ref="11812670106"/>
  <nd ref="11812670107"/>
  <nd ref="11812670108"/>
  <nd ref="11812670109"/>
  <nd ref="11812670110"/>
  <nd ref="4457699638"/>
  <nd ref="4457699634"/>
  <nd ref="4457699633"/>
  <nd ref="4457699632"/>
  <nd ref="4457699630"/>
  <nd ref="10650900879"/>
  <nd ref="4457699629"/>
  <nd ref="11812670111"/>
  <nd ref="11812670112"/>
  <nd ref="11812670113"/>
  <nd ref="11812670114"/>
  <nd ref="11812670115"/>
  <nd ref="11812670116"/>
  <nd ref="11812670117"/>
  <nd ref="11812670118"/>
  <nd ref="11812670131"/>
  <nd ref="11812670119"/>
  <nd ref="11812670120"/>
  <nd ref="11812670121"/>
  <nd ref="11812670122"/>
  <nd ref="11812670123"/>
  <nd ref="11812670124"/>
  <nd ref="11812670132"/>
  <nd ref="11812670133"/>
  <nd ref="11812670125"/>
  <nd ref="11812670126"/>
  <nd ref="11812670127"/>
  <nd ref="11812670128"/>
  <nd ref="11812670129"/>
  <nd ref="11812670130"/>
  <nd ref="11812670083"/>
  <tag k="addr:city" v="Şehitkamil/Gaziantep"/>
  <tag k="addr:neighbourhood" v="Incilipınar Mahallesi"/>
  <tag k="addr:postcode" v="27010"/>
  <tag k="addr:street" v="Kıbrıs Caddesi"/>
  <tag k="leisure" v="park"/>
  <tag k="name" v="Kamil Ocak Millet Bahçesi"/>
  <tag k="wikidata" v="Q124978304"/>
  <tag k="wikimedia_commons" v="Category:Kamil Ocak National Garden"/>
  <tag k="wikipedia" v="tr:Kamil Ocak Millet Bahçesi"/>
 </way>
 <way id="1485002018" visible="true" version="1" changeset="179308148" timestamp="2026-03-03T15:35:14Z" user="OliveraM" uid="20382961">
  <nd ref="13614843402"/>
  <nd ref="13614837900"/>
  <tag k="highway" v="service"/>
 </way>
 <way id="1485002019" visible="true" version="1" changeset="179308148" timestamp="2026-03-03T15:35:14Z" user="OliveraM" uid="20382961">
  <nd ref="13614837899"/>
  <nd ref="13614837893"/>
  <nd ref="13614837894"/>
  <nd ref="13614837895"/>
  <nd ref="13614837896"/>
  <nd ref="13614837897"/>
  <nd ref="13614837898"/>
  <nd ref="13614837899"/>
  <nd ref="13614843404"/>
  <nd ref="13614843403"/>
  <nd ref="13614843402"/>
  <nd ref="13614843401"/>
  <tag k="highway" v="service"/>
 </way>
 <way id="1485002463" visible="true" version="1" changeset="179308192" timestamp="2026-03-03T15:36:09Z" user="OliveraM" uid="20382961">
  <nd ref="2207876068"/>
  <nd ref="13614833342"/>
  <tag k="highway" v="residential"/>
 </way>
 <way id="1485362501" visible="true" version="1" changeset="179347636" timestamp="2026-03-04T12:40:09Z" user="PulisakZ" uid="9026132">
  <nd ref="13617652947"/>
  <nd ref="13617652950"/>
  <nd ref="13617652949"/>
  <tag k="highway" v="service"/>
 </way>
 <way id="1485362502" visible="true" version="1" changeset="179347636" timestamp="2026-03-04T12:40:09Z" user="PulisakZ" uid="9026132">
  <nd ref="13617652948"/>
  <nd ref="13617652947"/>
  <tag k="covered" v="yes"/>
  <tag k="highway" v="service"/>
 </way>
 <way id="1485362503" visible="true" version="1" changeset="179347636" timestamp="2026-03-04T12:40:09Z" user="PulisakZ" uid="9026132">
  <nd ref="13617652952"/>
  <nd ref="13617652951"/>
  <nd ref="13617652948"/>
  <tag k="highway" v="service"/>
 </way>
 <way id="1485362504" visible="true" version="1" changeset="179347636" timestamp="2026-03-04T12:40:09Z" user="PulisakZ" uid="9026132">
  <nd ref="13617652954"/>
  <nd ref="13617652953"/>
  <tag k="highway" v="service"/>
  <tag k="service" v="parking_aisle"/>
 </way>
 <way id="1485363474" visible="true" version="1" changeset="179347820" timestamp="2026-03-04T12:45:03Z" user="PulisakZ" uid="9026132">
  <nd ref="13617625050"/>
  <nd ref="13617625049"/>
  <tag k="highway" v="service"/>
 </way>
 <way id="1485688594" visible="true" version="1" changeset="179396675" timestamp="2026-03-05T13:25:27Z" user="OliveraM" uid="20382961">
  <nd ref="13620221463"/>
  <nd ref="13620221462"/>
  <nd ref="13620221461"/>
  <nd ref="13620221460"/>
  <nd ref="13620221459"/>
  <tag k="highway" v="service"/>
 </way>
 <way id="1485688595" visible="true" version="1" changeset="179396675" timestamp="2026-03-05T13:25:27Z" user="OliveraM" uid="20382961">
  <nd ref="13620221466"/>
  <nd ref="13620221465"/>
  <nd ref="13620221458"/>
  <nd ref="13620221457"/>
  <nd ref="13620221464"/>
  <tag k="highway" v="service"/>
 </way>
 <way id="1485688704" visible="true" version="1" changeset="179396712" timestamp="2026-03-05T13:26:32Z" user="OliveraM" uid="20382961">
  <nd ref="13620218644"/>
  <nd ref="13620218643"/>
  <nd ref="13620218642"/>
  <nd ref="13620218641"/>
  <nd ref="13620218640"/>
  <nd ref="13620218639"/>
  <nd ref="13620218638"/>
  <tag k="highway" v="service"/>
 </way>
 <way id="1492287349" visible="true" version="1" changeset="180366052" timestamp="2026-03-24T17:31:06Z" user="de24000" uid="617093">
  <nd ref="10654458933"/>
  <nd ref="13675145148"/>
  <tag k="electrified" v="contact_line"/>
  <tag k="frequency" v="0"/>
  <tag k="gauge" v="1435"/>
  <tag k="railway" v="tram"/>
  <tag k="service" v="crossover"/>
  <tag k="voltage" v="750"/>
 </way>
 <relation id="1808100" visible="true" version="78" changeset="164261600" timestamp="2025-03-29T18:44:34Z" user="mappinglander" uid="11978982">
  <member type="way" ref="1301378230" role="outer"/>
  <member type="way" ref="1301378229" role="outer"/>
  <member type="way" ref="1301378228" role="outer"/>
  <member type="way" ref="1301378227" role="outer"/>
  <member type="way" ref="1301378226" role="outer"/>
  <member type="way" ref="1301378225" role="outer"/>
  <member type="way" ref="1301378224" role="outer"/>
  <member type="way" ref="1301378223" role="outer"/>
  <member type="way" ref="1301378222" role="outer"/>
  <member type="way" ref="1301378221" role="outer"/>
  <member type="way" ref="1301378220" role="outer"/>
  <member type="way" ref="1301378219" role="outer"/>
  <member type="way" ref="1301378218" role="outer"/>
  <member type="way" ref="1301378217" role="outer"/>
  <member type="way" ref="1301378216" role="outer"/>
  <member type="way" ref="1301378255" role="outer"/>
  <member type="way" ref="1301378254" role="outer"/>
  <member type="way" ref="1301378253" role="outer"/>
  <member type="way" ref="1301378252" role="outer"/>
  <member type="way" ref="1301378251" role="outer"/>
  <member type="way" ref="1301378250" role="outer"/>
  <member type="way" ref="1301378249" role="outer"/>
  <member type="way" ref="1301378241" role="outer"/>
  <member type="way" ref="1301378242" role="outer"/>
  <member type="way" ref="1301378243" role="outer"/>
  <member type="way" ref="1301378244" role="outer"/>
  <member type="way" ref="1301378245" role="outer"/>
  <member type="way" ref="1301378246" role="outer"/>
  <member type="way" ref="1301378247" role="outer"/>
  <member type="way" ref="1301378248" role="outer"/>
  <member type="way" ref="1301258463" role="outer"/>
  <member type="way" ref="1301252171" role="outer"/>
  <member type="way" ref="1301252172" role="outer"/>
  <member type="way" ref="1301252173" role="outer"/>
  <member type="way" ref="1301252174" role="outer"/>
  <member type="way" ref="1301252175" role="outer"/>
  <member type="way" ref="1301252176" role="outer"/>
  <member type="way" ref="1301252177" role="outer"/>
  <member type="way" ref="1301252178" role="outer"/>
  <member type="way" ref="1301252179" role="outer"/>
  <member type="way" ref="1301252180" role="outer"/>
  <member type="way" ref="1301252181" role="outer"/>
  <member type="way" ref="1301258471" role="outer"/>
  <member type="way" ref="1301258472" role="outer"/>
  <member type="way" ref="1301258473" role="outer"/>
  <member type="way" ref="1301258474" role="outer"/>
  <member type="way" ref="1301258475" role="outer"/>
  <member type="way" ref="1301252151" role="outer"/>
  <member type="way" ref="1301252150" role="outer"/>
  <member type="way" ref="1301252149" role="outer"/>
  <member type="way" ref="1301252148" role="outer"/>
  <member type="way" ref="1301258465" role="outer"/>
  <member type="way" ref="1301258466" role="outer"/>
  <member type="way" ref="1301258467" role="outer"/>
  <member type="way" ref="1301258468" role="outer"/>
  <member type="way" ref="1301258469" role="outer"/>
  <member type="way" ref="1301258470" role="outer"/>
  <member type="way" ref="1301399903" role="outer"/>
  <member type="way" ref="1274759514" role="outer"/>
  <member type="way" ref="1274775373" role="outer"/>
  <member type="way" ref="957540216" role="outer"/>
  <member type="way" ref="1074612576" role="outer"/>
  <member type="way" ref="1274759515" role="outer"/>
  <member type="way" ref="1074612578" role="outer"/>
  <member type="way" ref="340653320" role="outer"/>
  <member type="way" ref="340554870" role="outer"/>
  <member type="way" ref="340554869" role="outer"/>
  <member type="way" ref="341147645" role="outer"/>
  <member type="way" ref="341148261" role="outer"/>
  <member type="way" ref="354260347" role="outer"/>
  <member type="way" ref="957540234" role="outer"/>
  <member type="way" ref="341165425" role="outer"/>
  <member type="way" ref="341187197" role="outer"/>
  <member type="way" ref="341190949" role="outer"/>
  <member type="way" ref="354224072" role="outer"/>
  <member type="way" ref="341194989" role="outer"/>
  <member type="way" ref="341373369" role="outer"/>
  <member type="way" ref="353992404" role="outer"/>
  <member type="way" ref="353992403" role="outer"/>
  <member type="way" ref="341688929" role="outer"/>
  <member type="way" ref="341688933" role="outer"/>
  <member type="way" ref="1251998117" role="outer"/>
  <member type="way" ref="1251998120" role="outer"/>
  <member type="way" ref="1251998124" role="outer"/>
  <member type="way" ref="1251998122" role="outer"/>
  <member type="way" ref="1251998121" role="outer"/>
  <member type="way" ref="1251998134" role="outer"/>
  <member type="way" ref="1251998133" role="outer"/>
  <member type="way" ref="1251998132" role="outer"/>
  <member type="way" ref="957855179" role="outer"/>
  <member type="way" ref="245055696" role="outer"/>
  <member type="way" ref="957540236" role="outer"/>
  <member type="way" ref="245055695" role="outer"/>
  <member type="way" ref="1274745338" role="outer"/>
  <member type="way" ref="1274745337" role="outer"/>
  <member type="way" ref="1252072612" role="outer"/>
  <member type="way" ref="1301378240" role="outer"/>
  <member type="way" ref="1301378238" role="outer"/>
  <member type="way" ref="1301378237" role="outer"/>
  <member type="way" ref="1301378236" role="outer"/>
  <member type="way" ref="1301378235" role="outer"/>
  <member type="way" ref="1301657312" role="outer"/>
  <member type="way" ref="1301378234" role="outer"/>
  <member type="way" ref="1301378233" role="outer"/>
  <member type="node" ref="961697683" role="admin_centre"/>
  <member type="relation" ref="5288546" role="subarea"/>
  <member type="relation" ref="5288545" role="subarea"/>
  <member type="relation" ref="5288420" role="subarea"/>
  <member type="relation" ref="5292248" role="subarea"/>
  <member type="relation" ref="5292562" role="subarea"/>
  <member type="relation" ref="5292646" role="subarea"/>
  <member type="relation" ref="5292946" role="subarea"/>
  <member type="relation" ref="5293081" role="subarea"/>
  <member type="relation" ref="5293230" role="subarea"/>
  <member type="relation" ref="5293231" role="subarea"/>
  <member type="relation" ref="5295558" role="subarea"/>
  <member type="relation" ref="5295557" role="subarea"/>
  <member type="relation" ref="5295646" role="subarea"/>
  <member type="relation" ref="5295690" role="subarea"/>
  <member type="relation" ref="5295691" role="subarea"/>
  <member type="relation" ref="5295997" role="subarea"/>
  <member type="relation" ref="5296048" role="subarea"/>
  <member type="relation" ref="5307568" role="subarea"/>
  <member type="relation" ref="5307569" role="subarea"/>
  <member type="relation" ref="5307622" role="subarea"/>
  <member type="relation" ref="5307662" role="subarea"/>
  <member type="relation" ref="5307690" role="subarea"/>
  <member type="relation" ref="5308081" role="subarea"/>
  <member type="relation" ref="5308134" role="subarea"/>
  <member type="relation" ref="5308135" role="subarea"/>
  <member type="relation" ref="5308174" role="subarea"/>
  <member type="relation" ref="5308207" role="subarea"/>
  <member type="relation" ref="5308227" role="subarea"/>
  <member type="relation" ref="5308228" role="subarea"/>
  <member type="relation" ref="5308238" role="subarea"/>
  <member type="relation" ref="5308262" role="subarea"/>
  <member type="relation" ref="5310676" role="subarea"/>
  <member type="relation" ref="5310693" role="subarea"/>
  <member type="relation" ref="5310745" role="subarea"/>
  <member type="relation" ref="5310803" role="subarea"/>
  <member type="relation" ref="5310922" role="subarea"/>
  <member type="relation" ref="12877050" role="subarea"/>
  <member type="relation" ref="12877052" role="subarea"/>
  <member type="relation" ref="12877056" role="subarea"/>
  <member type="relation" ref="12877053" role="subarea"/>
  <member type="relation" ref="12877055" role="subarea"/>
  <member type="relation" ref="12877054" role="subarea"/>
  <member type="relation" ref="17499799" role="subarea"/>
  <member type="relation" ref="17500030" role="subarea"/>
  <member type="relation" ref="17500341" role="subarea"/>
  <member type="relation" ref="17500340" role="subarea"/>
  <member type="relation" ref="17500339" role="subarea"/>
  <member type="relation" ref="17836311" role="subarea"/>
  <member type="relation" ref="17836308" role="subarea"/>
  <member type="relation" ref="17836307" role="subarea"/>
  <member type="relation" ref="17836306" role="subarea"/>
  <member type="relation" ref="17836304" role="subarea"/>
  <member type="relation" ref="17836305" role="subarea"/>
  <member type="relation" ref="17836303" role="subarea"/>
  <member type="relation" ref="17836301" role="subarea"/>
  <member type="relation" ref="17836292" role="subarea"/>
  <member type="relation" ref="17836362" role="subarea"/>
  <member type="relation" ref="17836358" role="subarea"/>
  <member type="relation" ref="17836355" role="subarea"/>
  <member type="relation" ref="17836532" role="subarea"/>
  <member type="relation" ref="17836531" role="subarea"/>
  <member type="relation" ref="17836530" role="subarea"/>
  <member type="relation" ref="17836529" role="subarea"/>
  <member type="relation" ref="17836528" role="subarea"/>
  <member type="relation" ref="17836527" role="subarea"/>
  <member type="relation" ref="17836526" role="subarea"/>
  <member type="relation" ref="17836525" role="subarea"/>
  <member type="relation" ref="17836524" role="subarea"/>
  <member type="relation" ref="17836523" role="subarea"/>
  <member type="relation" ref="17836522" role="subarea"/>
  <member type="relation" ref="17836521" role="subarea"/>
  <member type="relation" ref="17836520" role="subarea"/>
  <member type="relation" ref="17836518" role="subarea"/>
  <member type="relation" ref="17836517" role="subarea"/>
  <member type="relation" ref="17836516" role="subarea"/>
  <member type="relation" ref="17836515" role="subarea"/>
  <member type="relation" ref="17836514" role="subarea"/>
  <member type="relation" ref="17836513" role="subarea"/>
  <member type="relation" ref="17836512" role="subarea"/>
  <member type="relation" ref="17836511" role="subarea"/>
  <member type="relation" ref="17836510" role="subarea"/>
  <member type="relation" ref="17836509" role="subarea"/>
  <member type="relation" ref="17836746" role="subarea"/>
  <member type="relation" ref="17836745" role="subarea"/>
  <member type="relation" ref="17836744" role="subarea"/>
  <member type="relation" ref="17836743" role="subarea"/>
  <member type="relation" ref="17836742" role="subarea"/>
  <member type="relation" ref="17836741" role="subarea"/>
  <member type="relation" ref="17836740" role="subarea"/>
  <member type="relation" ref="17836739" role="subarea"/>
  <member type="relation" ref="17836738" role="subarea"/>
  <member type="relation" ref="17836737" role="subarea"/>
  <member type="relation" ref="17836736" role="subarea"/>
  <member type="relation" ref="17836735" role="subarea"/>
  <member type="relation" ref="17836734" role="subarea"/>
  <member type="relation" ref="17836733" role="subarea"/>
  <member type="relation" ref="17836731" role="subarea"/>
  <member type="relation" ref="17836732" role="subarea"/>
  <member type="relation" ref="17836730" role="subarea"/>
  <member type="relation" ref="17836729" role="subarea"/>
  <member type="relation" ref="17836728" role="subarea"/>
  <member type="relation" ref="17836727" role="subarea"/>
  <member type="relation" ref="17836726" role="subarea"/>
  <member type="relation" ref="17836725" role="subarea"/>
  <member type="relation" ref="17836724" role="subarea"/>
  <member type="relation" ref="17836723" role="subarea"/>
  <member type="relation" ref="17836722" role="subarea"/>
  <member type="relation" ref="17836721" role="subarea"/>
  <member type="relation" ref="17836720" role="subarea"/>
  <member type="relation" ref="17836719" role="subarea"/>
  <member type="relation" ref="17836718" role="subarea"/>
  <member type="relation" ref="17836717" role="subarea"/>
  <member type="relation" ref="17836716" role="subarea"/>
  <member type="relation" ref="17836715" role="subarea"/>
  <member type="relation" ref="17836714" role="subarea"/>
  <member type="relation" ref="17836713" role="subarea"/>
  <member type="relation" ref="17836712" role="subarea"/>
  <member type="relation" ref="17836711" role="subarea"/>
  <member type="relation" ref="17836710" role="subarea"/>
  <member type="relation" ref="17836709" role="subarea"/>
  <member type="relation" ref="17836708" role="subarea"/>
  <tag k="admin_level" v="6"/>
  <tag k="boundary" v="administrative"/>
  <tag k="name" v="Şehitkamil"/>
  <tag k="name:ce" v="ШехӀиткамил"/>
  <tag k="name:de" v="Şehitkamil"/>
  <tag k="name:en" v="Şehitkamil"/>
  <tag k="name:fa" v="شهیدکامل"/>
  <tag k="name:ku" v="Alêban"/>
  <tag k="name:ru" v="Шехиткамиль"/>
  <tag k="name:tr" v="Şehitkamil"/>
  <tag k="name:tr:suffix" v="İlçesi"/>
  <tag k="name:ur" v="شہید کامل"/>
  <tag k="name:zh" v="悉嘎米"/>
  <tag k="network" v="TR27-districts"/>
  <tag k="type" v="boundary"/>
  <tag k="wikidata" v="Q388703"/>
  <tag k="wikipedia" v="tr:Şehitkamil"/>
 </relation>
 <relation id="5292248" visible="true" version="4" changeset="147631777" timestamp="2024-02-19T03:24:01Z" user="user_177389" uid="177389">
  <member type="node" ref="3599864635" role="label"/>
  <member type="way" ref="353992404" role="outer"/>
  <member type="way" ref="353992405" role="outer"/>
  <member type="way" ref="353992399" role="outer"/>
  <member type="way" ref="354224070" role="outer"/>
  <member type="way" ref="354225302" role="outer"/>
  <member type="way" ref="354225303" role="outer"/>
  <member type="way" ref="354224072" role="outer"/>
  <member type="way" ref="341194989" role="outer"/>
  <member type="way" ref="341373369" role="outer"/>
  <tag k="admin_level" v="8"/>
  <tag k="alt_name" v="Değirmiçem Mah."/>
  <tag k="boundary" v="administrative"/>
  <tag k="city" v="Şehitkamil/Gaziantep"/>
  <tag k="name" v="Değirmiçem Mahallesi"/>
  <tag k="type" v="boundary"/>
 </relation>
 <relation id="14785861" visible="true" version="2" changeset="132384039" timestamp="2023-02-10T22:19:56Z" user="mappinglander" uid="11978982">
  <member type="node" ref="2075964063" role="stop"/>
  <tag k="name" v="Gar"/>
  <tag k="public_transport" v="stop_area"/>
  <tag k="type" v="public_transport"/>
 </relation>
 <relation id="14785862" visible="true" version="1" changeset="128615920" timestamp="2022-11-07T22:24:03Z" user="Claudius Henrichs" uid="18069">
  <member type="relation" ref="14785861" role=""/>
  <member type="relation" ref="14785411" role=""/>
  <tag k="name" v="Gaziantep Gar"/>
  <tag k="public_transport" v="stop_area_group"/>
  <tag k="type" v="public_transport"/>
 </relation>
 <relation id="15468316" visible="true" version="1" changeset="132459317" timestamp="2023-02-12T19:08:32Z" user="mappinglander" uid="11978982">
  <member type="way" ref="237059639" role="outer"/>
  <member type="way" ref="326743166" role="outer"/>
  <tag k="leisure" v="park"/>
  <tag k="name" v="100. Yıl Atatürk Kültür Parkı"/>
  <tag k="type" v="multipolygon"/>
 </relation>
 <relation id="15470242" visible="true" version="7" changeset="149711511" timestamp="2024-04-07T21:57:15Z" user="Ygmr01" uid="20742614">
  <member type="node" ref="10654458964" role="stop"/>
  <member type="node" ref="10654458953" role="stop"/>
  <member type="node" ref="10654458938" role="stop"/>
  <member type="node" ref="10654458918" role="stop"/>
  <member type="node" ref="10654458903" role="stop"/>
  <member type="node" ref="10654458884" role="stop"/>
  <member type="node" ref="2076008903" role="stop"/>
  <member type="node" ref="2076008906" role="stop"/>
  <member type="node" ref="2076008941" role="stop"/>
  <member type="node" ref="2076008838" role="stop"/>
  <member type="node" ref="3471312226" role="stop"/>
  <member type="node" ref="3474969896" role="stop"/>
  <member type="node" ref="4844467564" role="stop"/>
  <member type="node" ref="4844451795" role="stop"/>
  <member type="node" ref="3471273402" role="stop"/>
  <member type="node" ref="3471273399" role="stop"/>
  <member type="node" ref="4844402927" role="stop"/>
  <member type="node" ref="4844402936" role="stop"/>
  <member type="node" ref="3471372971" role="stop"/>
  <member type="way" ref="1144681169" role=""/>
  <member type="way" ref="1144681166" role=""/>
  <member type="way" ref="722498114" role=""/>
  <member type="way" ref="1147463602" role=""/>
  <member type="way" ref="1147463599" role=""/>
  <member type="way" ref="339928665" role=""/>
  <tag k="colour" v="#FF2B0A"/>
  <tag k="from" v="Gar"/>
  <tag k="name" v="T1: Gar → İbn-i Sina"/>
  <tag k="network" v="Gaziantep tramvayı"/>
  <tag k="operator" v="Gaziulaş"/>
  <tag k="public_transport:version" v="2"/>
  <tag k="ref" v="T1"/>
  <tag k="route" v="tram"/>
  <tag k="to" v="İbn-i Sina"/>
  <tag k="type" v="route"/>
  <tag k="wikidata" v="Q123413668"/>
 </relation>
 <relation id="15470243" visible="true" version="12" changeset="180401577" timestamp="2026-03-25T11:02:13Z" user="de24000" uid="617093">
  <member type="node" ref="4844411121" role="stop"/>
  <member type="node" ref="4844402937" role="stop"/>
  <member type="node" ref="4844402926" role="stop"/>
  <member type="node" ref="4844422574" role="stop"/>
  <member type="node" ref="4844433464" role="stop"/>
  <member type="node" ref="3474969894" role="stop"/>
  <member type="node" ref="3471273428" role="stop"/>
  <member type="node" ref="10654458828" role="stop"/>
  <member type="node" ref="8998564989" role="stop"/>
  <member type="node" ref="10653139753" role="stop"/>
  <member type="node" ref="10653139767" role="stop"/>
  <member type="node" ref="10653139776" role="stop"/>
  <member type="node" ref="10653139731" role="stop"/>
  <member type="node" ref="2075964101" role="stop"/>
  <member type="node" ref="2075964079" role="stop"/>
  <member type="node" ref="3529906549" role="stop"/>
  <member type="node" ref="3529906550" role="stop"/>
  <member type="node" ref="2076028952" role="stop"/>
  <member type="node" ref="2075964063" role="stop"/>
  <member type="way" ref="492419503" role=""/>
  <member type="way" ref="1147463600" role=""/>
  <member type="way" ref="492425132" role=""/>
  <member type="way" ref="1144535870" role=""/>
  <member type="way" ref="1144681165" role=""/>
  <member type="way" ref="197344364" role=""/>
  <member type="node" ref="3471273399" role=""/>
  <member type="node" ref="4844422574" role=""/>
  <member type="node" ref="3471273402" role=""/>
  <member type="node" ref="4844433464" role=""/>
  <tag k="colour" v="#FF2B0A"/>
  <tag k="from" v="İbn-i Sina"/>
  <tag k="name" v="T1: İbn-i Sina → Gar"/>
  <tag k="network" v="Gaziantep tramvayı"/>
  <tag k="operator" v="Gaziulaş"/>
  <tag k="public_transport:version" v="2"/>
  <tag k="ref" v="T1"/>
  <tag k="route" v="tram"/>
  <tag k="to" v="Gar"/>
  <tag k="type" v="route"/>
  <tag k="wikidata" v="Q123413668"/>
 </relation>
 <relation id="15471517" visible="true" version="5" changeset="172543502" timestamp="2025-09-27T20:22:41Z" user="custodiankeyy" uid="23088365">
  <member type="node" ref="3476299259" role="stop"/>
  <member type="node" ref="3476299247" role="stop"/>
  <member type="node" ref="3476299238" role="stop"/>
  <member type="node" ref="3476299232" role="stop"/>
  <member type="node" ref="5588091002" role="stop"/>
  <member type="node" ref="5588091001" role="stop"/>
  <member type="node" ref="3476299206" role="stop"/>
  <member type="node" ref="3476282925" role="stop"/>
  <member type="node" ref="2075964101" role="stop"/>
  <member type="node" ref="2075964079" role="stop"/>
  <member type="node" ref="3529906549" role="stop"/>
  <member type="node" ref="2076028952" role="stop"/>
  <member type="node" ref="2075964063" role="stop"/>
  <member type="way" ref="340404122" role=""/>
  <member type="way" ref="1144681168" role=""/>
  <member type="way" ref="197344364" role=""/>
  <tag k="colour" v="#08FF08"/>
  <tag k="from" v="Adliye"/>
  <tag k="name" v="T2: Adliye → Gar"/>
  <tag k="network" v="Gaziantep tramvayı"/>
  <tag k="operator" v="Gaziulaş"/>
  <tag k="public_transport:version" v="2"/>
  <tag k="ref" v="T2"/>
  <tag k="route" v="tram"/>
  <tag k="to" v="Gar"/>
  <tag k="type" v="route"/>
  <tag k="wikidata" v="Q123413681"/>
 </relation>
 <relation id="15471518" visible="true" version="3" changeset="143933754" timestamp="2023-11-12T13:39:54Z" user="bouzinac" uid="10286707">
  <member type="node" ref="10654458964" role="stop"/>
  <member type="node" ref="10654458953" role="stop"/>
  <member type="node" ref="10654458938" role="stop"/>
  <member type="node" ref="10654458918" role="stop"/>
  <member type="node" ref="10654458903" role="stop"/>
  <member type="node" ref="10654458884" role="stop"/>
  <member type="node" ref="10648331010" role="stop"/>
  <member type="node" ref="10648329991" role="stop"/>
  <member type="node" ref="10648329972" role="stop"/>
  <member type="node" ref="3595975784" role="stop"/>
  <member type="node" ref="10650261787" role="stop"/>
  <member type="node" ref="10650261781" role="stop"/>
  <member type="node" ref="10650261770" role="stop"/>
  <member type="node" ref="10650261746" role="stop"/>
  <member type="way" ref="1144681169" role=""/>
  <member type="way" ref="1144681167" role=""/>
  <member type="way" ref="1143863884" role=""/>
  <tag k="colour" v="#08FF08"/>
  <tag k="from" v="Gar"/>
  <tag k="name" v="T2: Gar → Adliye"/>
  <tag k="network" v="Gaziantep tramvayı"/>
  <tag k="operator" v="Gaziulaş"/>
  <tag k="public_transport:version" v="2"/>
  <tag k="ref" v="T2"/>
  <tag k="route" v="tram"/>
  <tag k="to" v="Adliye"/>
  <tag k="type" v="route"/>
  <tag k="wikidata" v="Q123413681"/>
 </relation>
 <relation id="15471519" visible="true" version="2" changeset="143933713" timestamp="2023-11-12T13:38:42Z" user="bouzinac" uid="10286707">
  <member type="relation" ref="15470242" role=""/>
  <member type="relation" ref="15470243" role=""/>
  <tag k="name" v="T1"/>
  <tag k="network" v="Gaziantep tramvayı"/>
  <tag k="route_master" v="tram"/>
  <tag k="type" v="route_master"/>
  <tag k="wikidata" v="Q123413668"/>
 </relation>
 <relation id="15471520" visible="true" version="2" changeset="143933754" timestamp="2023-11-12T13:39:54Z" user="bouzinac" uid="10286707">
  <member type="relation" ref="15471517" role=""/>
  <member type="relation" ref="15471518" role=""/>
  <tag k="name" v="T2"/>
  <tag k="network" v="Gaziantep tramvayı"/>
  <tag k="route_master" v="tram"/>
  <tag k="type" v="route_master"/>
  <tag k="wikidata" v="Q123413681"/>
 </relation>
 <relation id="15482328" visible="true" version="2" changeset="133563255" timestamp="2023-03-11T18:12:32Z" user="rab" uid="36894">
  <member type="way" ref="1146071504" role="inner"/>
  <member type="way" ref="1139003324" role="outer"/>
  <tag k="building" v="yes"/>
  <tag k="building:levels" v="3"/>
  <tag k="type" v="multipolygon"/>
 </relation>
 <relation id="15579378" visible="true" version="2" changeset="164335169" timestamp="2025-03-31T15:06:40Z" user="Sadrettin" uid="389644">
  <member type="way" ref="1152742675" role="inner"/>
  <member type="way" ref="353786418" role="outer"/>
  <tag k="addr:city" v="Şehitkamil/Gaziantep"/>
  <tag k="addr:street" v="4 Nolu Cadde"/>
  <tag k="amenity" v="townhall"/>
  <tag k="building" v="yes"/>
  <tag k="name" v="Gaziantep Büyükşehir Belediyesi"/>
  <tag k="operator" v="Gaziantep Büyükşehir Belediyesi"/>
  <tag k="phone" v="+90 342 211 12 00"/>
  <tag k="type" v="multipolygon"/>
  <tag k="wikidata" v="Q28479093"/>
  <tag k="wikipedia" v="tr:Gaziantep Büyükşehir Belediyesi"/>
 </relation>
 <relation id="15579379" visible="true" version="1" changeset="133451417" timestamp="2023-03-08T18:24:52Z" user="rab" uid="36894">
  <member type="way" ref="1152742681" role="inner"/>
  <member type="way" ref="245621121" role="outer"/>
  <tag k="amenity" v="arts_centre"/>
  <tag k="building" v="yes"/>
  <tag k="name" v="Şehitkamil Sanat Merkezi"/>
  <tag k="opening_hours" v="Mo-Fr 08:00-17:00"/>
  <tag k="type" v="multipolygon"/>
 </relation>
 <relation id="15579380" visible="true" version="1" changeset="133451417" timestamp="2023-03-08T18:24:52Z" user="rab" uid="36894">
  <member type="way" ref="1152742676" role="inner"/>
  <member type="way" ref="1152742678" role="outer"/>
  <tag k="building" v="yes"/>
  <tag k="building:levels" v="3"/>
  <tag k="type" v="multipolygon"/>
 </relation>
</osm>
